spine,show,year,archiveID,episode,why
1974-zwei-jahre-ferien-2024,1974. Zwei Jahre Ferien,2024,1974.-zwei-jahre-ferien-teil-1-die-flaschenpost,1974. Zwei Jahre Ferien - Teil 1 - Die Flaschenpost,"2024, modern television, no licence claimed"
1974-zwei-jahre-ferien-2024,1974. Zwei Jahre Ferien,2024,1974.-zwei-jahre-ferien-teil-2-die-meuterei,1974. Zwei Jahre Ferien - Teil 2 - Die Meuterei,"2024, modern television, no licence claimed"
1974-zwei-jahre-ferien-2024,1974. Zwei Jahre Ferien,2024,1974.-zwei-jahre-ferien-teil-3-eine-kuste-ohne-namen,1974. Zwei Jahre Ferien - Teil 3 - Eine Küste ohne Namen,"2024, modern television, no licence claimed"
1974-zwei-jahre-ferien-2024,1974. Zwei Jahre Ferien,2024,1974.-zwei-jahre-ferien-teil-4-die-vergessene-insel,1974. Zwei Jahre Ferien - Teil 4 - Die vergessene Insel,"2024, modern television, no licence claimed"
2-on-the-town-1985,2 on the Town,1985,2-on-the-town-garrison-keillor-1985,"2 On The Town - Melody Rogers, Bob Chandler","1985, modern television, no licence claimed"
2-stupid-dogs-1993,2 Stupid Dogs,1993,2-stupid-dogs-season-1,Vegas Buffet,"1993, modern television, no licence claimed"
227-1985,227,1985,227-s-4-e-23-jackee-most-convert-video-online.com,Jackee,"1985, modern television, no licence claimed"
240-robert-1979,240-Robert,1979,240-robert,The Apology,"1979, modern television, no licence claimed"
3-2-1-contact-1980,3-2-1 Contact,1980,3-2-1-contact-season-2-survival-protection-episode-3-1983,Noisy/Quiet: How People & Animals Use Sound,"1980, modern television, no licence claimed"
3-2-1-contact-1980,3-2-1 Contact,1980,3-2-1-contact-season-2-survival-energy-episode-4-1983,Noisy/Quiet: Music,"1980, modern television, no licence claimed"
3-2-1-contact-1980,3-2-1 Contact,1980,3-2-1-contact-season-6-episode-5-japan-judo-and-computers,Noisy/Quiet: Range of Vibration,"1980, modern television, no licence claimed"
3-2-1-contact-1980,3-2-1 Contact,1980,3-2-1-contact-episode-502-signals-talking-birds-talking-rooms-september-23-1986,"3-2-1 Contact - episode 502: Signals: Talking Birds, Talking Rooms","1980, modern television, no licence claimed"
3-2-1-contact-1980,3-2-1 Contact,1980,3-2-1-contact-5-episodes-from-season-5,3-2-1 Contact - 5 episodes from Season #5,"1980, modern television, no licence claimed"
3-2-1-contact-1980,3-2-1 Contact,1980,3-2-1-contact-space-and-measurement-10-episodes-from-season-3-1984,Noisy/Quiet: How People & Animals Use Sound,"1980, modern television, no licence claimed"
a-league-of-their-own-1993,A League of Their Own,1993,league-of-their-own-1993-series,Drinking Problems,"1993, modern television, no licence claimed"
a-league-of-their-own-1993,A League of Their Own,1993,a-league-of-their-own-1993-tv-series,A League Of Their Own 1993 TV series,"1993, modern television, no licence claimed"
after-the-verdict-2022,After the Verdict,2022,after-the-verdict-1x-04-episode-4,Episode 4,"2022, modern television, no licence claimed"
alas-smith-and-jones-1984,Alas Smith and Jones,1984,alas-smith-and-jones-s-1x-e-1-31-january-1984_202210,Episode 1,"1984, modern television, no licence claimed"
alas-smith-and-jones-1984,Alas Smith and Jones,1984,alas-smith-and-jones-s-1x-e-2-7-february-1984,Episode 2,"1984, modern television, no licence claimed"
alas-smith-and-jones-1984,Alas Smith and Jones,1984,alas-smith-and-jones-s-1x-e-3-14-february-1984,Episode 3,"1984, modern television, no licence claimed"
alas-smith-and-jones-1984,Alas Smith and Jones,1984,alas-smith-and-jones-s-1x-e-4-21-february-1984-alt-version,Episode 4,"1984, modern television, no licence claimed"
alas-smith-and-jones-1984,Alas Smith and Jones,1984,alas-smith-and-jones-s-1x-e-4-21-february-1984,Episode 4,"1984, modern television, no licence claimed"
alas-smith-and-jones-1984,Alas Smith and Jones,1984,alas-smith-and-jones-s-1x-e-5-28-february-1984,Episode 5,"1984, modern television, no licence claimed"
alas-smith-and-jones-1984,Alas Smith and Jones,1984,alas-smith-and-jones-s-1x-e-6-6-march-1984,Episode 6,"1984, modern television, no licence claimed"
alas-smith-and-jones-1984,Alas Smith and Jones,1984,alas-smith-and-jones-s-2x-e-1-31-october-1985,An American Armchair In London,"1984, modern television, no licence claimed"
alas-smith-and-jones-1984,Alas Smith and Jones,1984,alas-smith-and-jones-s-2x-e-2-7-november-1985,Inflatable Cactus,"1984, modern television, no licence claimed"
alas-smith-and-jones-1984,Alas Smith and Jones,1984,alas-smith-and-jones-s-2x-e-3-14-november-1985,George Best: An Apology,"1984, modern television, no licence claimed"
alas-smith-and-jones-1984,Alas Smith and Jones,1984,alas-smith-and-jones-s-2x-e-5-28-november-1985,West Side Story,"1984, modern television, no licence claimed"
alas-smith-and-jones-1984,Alas Smith and Jones,1984,alas-smith-and-jones-s-2x-e-6-5-december-1985,Lucky George,"1984, modern television, no licence claimed"
alas-smith-and-jones-1984,Alas Smith and Jones,1984,alas-smith-and-jones-s-3x-e-1-18-september-1986,Gas Readers,"1984, modern television, no licence claimed"
alas-smith-and-jones-1984,Alas Smith and Jones,1984,alas-smith-and-jones-s-4x-e-2-22-october-1987,Episode 2,"1984, modern television, no licence claimed"
alas-smith-and-jones-1984,Alas Smith and Jones,1984,alas-smith-and-jones-s-4x-e-3-29-october-1987,Episode 3,"1984, modern television, no licence claimed"
alas-smith-and-jones-1984,Alas Smith and Jones,1984,alas-smith-and-jones-s-4x-e-4-5-november-1987,Episode 4,"1984, modern television, no licence claimed"
alas-smith-and-jones-1984,Alas Smith and Jones,1984,alas-smith-and-jones-s-4x-e-5-12-november-1987,Episode 5,"1984, modern television, no licence claimed"
alas-smith-and-jones-1984,Alas Smith and Jones,1984,alas-smith-and-jones-s-4x-e-6-19-november-1987,Episode 6,"1984, modern television, no licence claimed"
alas-smith-and-jones-1984,Alas Smith and Jones,1984,alas-smith-and-jones-s-4x-e-7-26-november-1987,Episode 7,"1984, modern television, no licence claimed"
alf-1986,ALF,2026,strangers-in-the-night-alf-original-broadcast-full-episode-s-1-ep-2,Strangers In The Night ALF Original Broadcast FULL Episode S 1 Ep 2,"2026, modern television, no licence claimed"
alf-1986,ALF,2026,looking-for-lucky-alf-original-broadcast-full-episode-s-1-ep-3,Looking For Lucky ALF Original Broadcast FULL Episode S 1 Ep 3,"2026, modern television, no licence claimed"
alf-1986,ALF,2026,on-the-road-again-alf-original-broadcast-full-episode-s-1-ep-11,On The Road Again ALF Original Broadcast FULL Episode S 1 Ep 11,"2026, modern television, no licence claimed"
alf-1986,ALF,2026,try-to-remember-restoration,ALF S01E16E17 - Try To Remember (Original cut restoration),"2026, modern television, no licence claimed"
alf-1986,ALF,2026,try-to-remember-part-1-part-2-alf-full-episode-s-1-ep-16-ep-17,Try To Remember Part 1 & Part 2 ALF FULL Episode S 1 Ep 16 & Ep 17,"2026, modern television, no licence claimed"
alf-1986,ALF,2026,ALF-The-Complete-Series,ALF The Complete Series,"2026, modern television, no licence claimed"
alf-1986,ALF,2026,alf-1987-uk-vhs,Alf (1987 UK VHS),"2026, modern television, no licence claimed"
alive-from-off-center-1985,Alive From Off Center,1985,alive-from-off-center-ann-magnuson-1988,Alive From Off Center - Ann Magnuson,"1985, modern television, no licence claimed"
alive-from-off-center-1985,Alive From Off Center,1985,alive-from-off-center-episode-1985,"Alive From Off Center, episode 1985","1985, modern television; uploader licence claim https://creativecommons.org/licenses/by-nc-nd/4.0/ does not rescue it"
alive-from-off-center-1985,Alive From Off Center,1985,alive-from-off-center-episode-1991,"Alive From Off Center, episode 1991","1985, modern television; uploader licence claim https://creativecommons.org/licenses/by-nc-nd/4.0/ does not rescue it"
alive-from-off-center-1985,Alive From Off Center,1985,alive-from-off-center-my-dinner-with-the-devil-snake,Alive from Off Center - My Dinner with the Devil Snake [and more],"1985, modern television, no licence claimed"
all-creatures-great-and-small-1978,All Creatures Great and Small,1978,all-creatures-great-and-small-series-3_202303,All Creatures Great and Small,"1978, modern television, no licence claimed"
all-creatures-great-and-small-1978,All Creatures Great and Small,1978,all-creatures-great-and-small-series-4,The Healing Touch,"1978, modern television, no licence claimed"
all-creatures-great-and-small-1978,All Creatures Great and Small,1978,all-creatures-great-and-small-series-5,A New Chapter,"1978, modern television, no licence claimed"
all-creatures-great-and-small-1978,All Creatures Great and Small,1978,all-creatures-great-and-small-series-6,Here And There,"1978, modern television, no licence claimed"
all-creatures-great-and-small-1978,All Creatures Great and Small,1978,all-creatures-great-and-small-series-7,All Creatures Great and Small,"1978, modern television, no licence claimed"
amen-1986,Amen,1986,amen-season-1,"Yes Sir, That's Your Baby","1986, modern television, no licence claimed"
amen-1986,Amen,1986,amen-season-2,Thelma's Birthday,"1986, modern television, no licence claimed"
amen-1986,Amen,1986,amen-season-3,The Psychic: Part 1,"1986, modern television, no licence claimed"
amen-1986,Amen,1986,amen-season-4,Don't Rain on My Shower,"1986, modern television, no licence claimed"
amen-1986,Amen,1986,amen-season-5,Miracle on 134th Street: Part 2,"1986, modern television, no licence claimed"
amen-1986,Amen,1986,amen-1.01,"Amen - Anna Maria Horsford, Clifton Davis, Sherman Hemsley","1986, modern television, no licence claimed"
american-experience-1988,American Experience,1988,the-american-experience-hearts-and-hands-s-1-e-12,Hearts and Hands,"1988, modern television, no licence claimed"
american-experience-1988,American Experience,1988,american-experience-s-05-e-03-the-donner-party-october-28-1992,The Donner Party,"1988, modern television, no licence claimed"
american-experience-1988,American Experience,1988,american-experience-s-11-e-01-02-winter-spirit-of-the-age-spring-change-is-in-th,America 1900: Spirit of the Age,"1988, modern television, no licence claimed"
american-experience-1988,American Experience,1988,american-experience-s-11-e-03-hoover-dam-january-18-1999,America 1900: A Great Civilized Power,"1988, modern television, no licence claimed"
american-experience-1988,American Experience,1988,american-experience-the-battle-over-citizen-kane,American Experience The Battle Over Citizen Kane,"1988, modern television, no licence claimed"
american-experience-1988,American Experience,1988,american-experience-the-crash-of-1929-2009,American Experience — The Crash Of 1929,"1988, modern television, no licence claimed"
american-experience-1988,American Experience,1988,american-experience-radio-bikini-1988,American Experience: Radio Bikini,"1988, modern television, no licence claimed"
american-experience-1988,American Experience,1988,coney-island-american-experience-1990,Coney Island / Little Fugitive,"1988, modern television; uploader licence claim https://creativecommons.org/licenses/by-nc/4.0/ does not rescue it"
american-experience-1988,American Experience,1988,captured-file-265,Opening And Closing To The American Experience: Amelia Earhart: The Price Of Courage 1995 Descriptive Video Service VHS,"1988, modern television, no licence claimed"
american-experience-1988,American Experience,1988,the-american-experience-meltdown-at-three-milse-island,The American Experience: Meltdown At Three Mile Island,"1988, modern television, no licence claimed"
angie-1979,Angie,1979,angieseason1,The Check Up,"1979, modern television, no licence claimed"
angie-1979,Angie,1979,angieseason2,Theresa's Gigolo,"1979, modern television, no licence claimed"
angie-1979,Angie,1979,the-chase-uk-s5-e100,The Chase : Liz/Lisa/Richard/Angie,"1979, modern television, no licence claimed"
antena-3-noticias-1990,Antena 3 Noticias,1990,antena-3-noticias-1990,Antena 3 Noticias (1990),"1990, modern television, no licence claimed"
antena-3-noticias-1990,Antena 3 Noticias,1990,antena-3-noticias-1999-06-10,"Antena 3 Noticias - 10 de junio, 1999","1990, modern television, no licence claimed"
antena-3-noticias-1990,Antena 3 Noticias,1990,antena-3-noticias-1993-12-13,"Antena 3 Noticias - 13 de diciembre, 1993","1990, modern television, no licence claimed"
antena-3-noticias-1990,Antena 3 Noticias,1990,antena-3-noticias-1994-01-13,"Antena 3 Noticias - 13 de enero, 1994","1990, modern television, no licence claimed"
antena-3-noticias-1990,Antena 3 Noticias,1990,antena-3-noticias-1991-02-14,"Antena 3 Noticias - 14 de febrero, 1991","1990, modern television, no licence claimed"
antena-3-noticias-1990,Antena 3 Noticias,1990,antena-3-antena-3-noticias-1996-11-14,"Antena 3 Noticias - 14 de noviembre, 1996","1990, modern television, no licence claimed"
antena-3-noticias-1990,Antena 3 Noticias,1990,antena-3-noticias-1995-03-16,"Antena 3 Noticias - 16 de marzo, 1995","1990, modern television, no licence claimed"
antena-3-noticias-1990,Antena 3 Noticias,1990,antena-3-noticias-1999-10-18,"Antena 3 Noticias - 18 de octubre, 1999","1990, modern television, no licence claimed"
antena-3-noticias-1990,Antena 3 Noticias,1990,antena-3-noticias-1994-04-19,"Antena 3 Noticias - 19 de abril, 1994","1990, modern television, no licence claimed"
antena-3-noticias-1990,Antena 3 Noticias,1990,antena-3-noticias-1991-12-02,"Antena 3 Noticias - 2 de diciembre, 1991","1990, modern television, no licence claimed"
antena-3-noticias-1990,Antena 3 Noticias,1990,antena-3-noticias-1999-10-20,"Antena 3 Noticias - 20 de octubre, 1999","1990, modern television, no licence claimed"
antena-3-noticias-1990,Antena 3 Noticias,1990,antena-3-noticias-1998-03-03,"Antena 3 Noticias - 3 de marzo, 1998","1990, modern television, no licence claimed"
antena-3-noticias-1990,Antena 3 Noticias,1990,antena-3-noche-1996-10-03,"Antena 3 Noticias - 3 de octubre, 1996","1990, modern television, no licence claimed"
antena-3-noticias-1990,Antena 3 Noticias,1990,antena-3-noticias-1996-02-06,"Antena 3 Noticias - 6 de febrero, 1996","1990, modern television, no licence claimed"
around-the-world-in-80-days-2021,Around the World in 80 Days,2021,1989.-around-the-world-in-80-days-part-1,Episode 1,"2021, modern television, no licence claimed"
around-the-world-in-80-days-2021,Around the World in 80 Days,2021,1989.-around-the-world-in-80-days-part-2,Episode 2,"2021, modern television, no licence claimed"
around-the-world-in-80-days-2021,Around the World in 80 Days,2021,1989.-around-the-world-in-80-days-part-3,Episode 3,"2021, modern television, no licence claimed"
around-the-world-in-80-days-2021,Around the World in 80 Days,2021,1981.-the-fonz-and-the-happy-days-gang-s-02-e-09-around-the-world-in-80-ways,1981. The Fonz and the Happy Days Gang - S02E09 - Around the World in 80 Ways,"2021, modern television, no licence claimed"
at-the-bbc-1994,At the BBC,1994,DeutschPlusIIEp1Of11997,BBC - Deutsch Plus I & II,"1994, modern television, no licence claimed"
at-the-bbc-1994,At the BBC,1994,mexico-vivo-ep-2-of-5-indian-dance,BBC - Mexico Vivo,"1994, modern television, no licence claimed"
at-the-bbc-1994,At the BBC,1994,ItalianissimoEp2InFamigliaEFraAmici,BBC - Italianissimo I & II,"1994, modern television, no licence claimed"
at-the-bbc-1994,At the BBC,1994,bbc-hindi-urdu-bol-chaal-ep-02-of-10-1989,BBC - Hindi Urdu Bol Chaal,"1994, modern television, no licence claimed"
at-the-bbc-1994,At the BBC,1994,speaking-our-language-ep-08-telling-the-time,BBC - Speaking Our Language,"1994, modern television, no licence claimed"
at-the-bbc-1994,At the BBC,1994,FrenchExperience2Ep10,BBC - French Experience I & II,"1994, modern television, no licence claimed"
at-the-bbc-1994,At the BBC,1994,Suenos2AC1aUnit1Track1...,BBC - Suenos I & II,"1994, modern television, no licence claimed"
at-the-bbc-1994,At the BBC,1994,RussianLanguageAndPeopleEp15SchoolChildren,BBC - Russian Language And People,"1994, modern television, no licence claimed"
at-the-bbc-1994,At the BBC,1994,bbc-using-a-nonce-to-sell-the-tv-licence,BBC - Buy a TV License by Jimmy Savile,"1994, modern television, no licence claimed"
at-the-bbc-1994,At the BBC,1994,bbc-spanish-espana-viva-10,BBC - España Viva,"1994, modern television, no licence claimed"
at-the-bbc-1994,At the BBC,1994,bbc-talk-spanish-vc-1a,BBC - Talk Spanish,"1994, modern television, no licence claimed"
baby-talk-1991,Baby Talk,1991,baby-talk-episode-2,Star is Newborn,"1991, modern television, no licence claimed"
baby-talk-1991,Baby Talk,1991,BabyTalkYourLossIsMyGainS2E2,Your Loss is My Gain,"1991, modern television, no licence claimed"
baby-talk-1991,Baby Talk,1991,BabyTalkSecurityS2E3,Security,"1991, modern television, no licence claimed"
bbc-archive-2016,BBC Archive,2016,twitter-956176772671950848,"BBC Archive - #OTD 1971: ""The general public won't be hyped very easily."" Frank Zappa, Muff Winwood and John Peel, among others, discussed the world of pop promotion.","2016, modern television, no licence claimed"
bbc-archive-2016,BBC Archive,2016,twitter-1093839214221905920,"BBC Archive - #OnThisDay 1971: ""I can't remember how many letters there were in the words"" A Frank Zappa concert at the Royal Albert Hall was cancelled because... we're still not sure, really.","2016, modern television, no licence claimed"
bbc-archive-2016,BBC Archive,2016,twitter-696675827107233792,"BBC Archive - #OnThisDay 1971: A Frank Zappa concert at the Royal Albert Hall is cancelled because... we're not sure, really","2016, modern television, no licence claimed"
bbc-crusades-with-terry-jones-1995,BBC Crusades with Terry Jones,1995,bbc.-crusades.with.-terry.-jones.-4of-4.-destruction.-xvi-d.-ac-3.-mvgroup.org,"BBC Crusades with Terry Jones ""Destruction""","1995, modern television, no licence claimed"
bbc-crusades-with-terry-jones-1995,BBC Crusades with Terry Jones,1995,bbc.-crusades.with.-terry.-jones.-2of-4.-jerusalem.-xvi-d.-ac-3.-mvgroup.org,"BBC Crusades with Terry Jones ""Jerusalem""","1995, modern television, no licence claimed"
bbc-crusades-with-terry-jones-1995,BBC Crusades with Terry Jones,1995,bbc.-crusades.with.-terry.-jones.-3of-4.-jihad.-xvi-d.-ac-3.-mvgroup.org,"BBC Crusades with Terry Jones ""Jihad""","1995, modern television, no licence claimed"
bbc-crusades-with-terry-jones-1995,BBC Crusades with Terry Jones,1995,bbc.-crusades.with.-terry.-jones.-1of-4.-pilgrims.in.-arms.-xvi-d.-ac-3.-mvgroup.org,"BBC Crusades with Terry Jones ""Pilgrims in Arms""","1995, modern television, no licence claimed"
bear-in-the-big-blue-house-1997,Bear in the Big Blue House,1997,mouseparty_202001,Mouse Party,"1997, modern television, no licence claimed"
bear-in-the-big-blue-house-1997,Bear in the Big Blue House,1997,Dragnet_-_4x08_The_Big_Bar,The Big Bar,"1997, modern television; uploader licence claim http://creativecommons.org/licenses/publicdomain/ does not rescue it"
benson-1979,Benson,1979,benson-complete-tv-series-ctv,All Shook Up,"1979, modern television, no licence claimed"
benson-1979,Benson,1979,benson-s-01,Benson - Season 1,"1979, modern television, no licence claimed"
benson-1979,Benson,1979,benson-s-02,Benson - Season 2,"1979, modern television, no licence claimed"
benson-1979,Benson,1979,benson-s-03,Benson - Season 3,"1979, modern television, no licence claimed"
benson-1979,Benson,1979,benson-s-04,Benson - Season 4,"1979, modern television, no licence claimed"
benson-1979,Benson,1979,benson-s-05,Benson - Season 5,"1979, modern television, no licence claimed"
benson-1979,Benson,1979,benson-s-06,Benson - Season 6,"1979, modern television, no licence claimed"
benson-1979,Benson,1979,benson-s-07,Benson - Season 7,"1979, modern television, no licence claimed"
big-break-x-good-good-2003,Big Break x Good Good,2003,el-oso-yogi-01-yogi-bears-big-break-dvbrip-latino-por-observador-y-mdx,Episode 1,"2003, modern television, no licence claimed"
big-break-x-good-good-2003,Big Break x Good Good,2003,Dragnet_TheBigBreak,The Big Break,"2003, modern television; uploader licence claim http://creativecommons.org/licenses/publicdomain/ does not rescue it"
big-guy-and-rusty-the-boy-robot-1999,Big Guy and Rusty the Boy Robot,1999,TheBigBoys,The Big Boy,"1999, modern television; uploader licence claim http://creativecommons.org/licenses/publicdomain/ does not rescue it"
bill-nye-the-science-guy-1993,Bill Nye: The Science Guy,1993,bill-nye-the-science-guy-s-01-e-01-flight_202503,Flight,"1993, modern television, no licence claimed"
bill-nye-the-science-guy-1993,Bill Nye: The Science Guy,1993,bell-science-series-our-mr.-sun-1956-complete,Bell Science Series Our Mr. Sun 1956,"1993, modern television, no licence claimed"
bill-nye-the-science-guy-1993,Bill Nye: The Science Guy,1993,bell-science-series-the-story-of-the-senses-1956,Bell Science Series The Story Of The Senses,"1993, modern television, no licence claimed"
bill-nye-the-science-guy-1993,Bill Nye: The Science Guy,1993,bell-science-series-the-strange-case-of-the-cosmic-rays-1957,Bell Science Series The Strange Case Of The Cosmic Rays,"1993, modern television, no licence claimed"
bill-nye-the-science-guy-1993,Bill Nye: The Science Guy,1993,bn-animal,Bill Nye The Science Guy: Animal Locomotion,"1993, modern television, no licence claimed"
bill-nye-the-science-guy-1993,Bill Nye: The Science Guy,1993,bnsg-chemical-reactions,Bill Nye The Science Guy: Chemical Reactions,"1993, modern television, no licence claimed"
bill-nye-the-science-guy-1993,Bill Nye: The Science Guy,1993,bill-nye-earth-s-crust,Bill Nye The Science Guy: Earth's Crust,"1993, modern television, no licence claimed"
bill-nye-the-science-guy-1993,Bill Nye: The Science Guy,1993,bn-seasons,Bill Nye The Science Guy: Earth's Seasons,"1993, modern television, no licence claimed"
bill-nye-the-science-guy-1993,Bill Nye: The Science Guy,1993,bnsg-life-cycles,Bill Nye The Science Guy: Life Cycles,"1993, modern television, no licence claimed"
bill-nye-the-science-guy-1993,Bill Nye: The Science Guy,1993,bn-light-optics,Bill Nye The Science Guy: Light Optics,"1993, modern television, no licence claimed"
bill-nye-the-science-guy-1993,Bill Nye: The Science Guy,1993,bn-marine,Bill Nye The Science Guy: Marine Mammals,"1993, modern television, no licence claimed"
bill-nye-the-science-guy-1993,Bill Nye: The Science Guy,1993,bn-ocean-exp,Bill Nye The Science Guy: Ocean Exploration,"1993, modern television, no licence claimed"
bill-nye-the-science-guy-1993,Bill Nye: The Science Guy,1993,bnsg-phases-of-matter,Bill Nye The Science Guy: Phases Of Matter,"1993, modern television, no licence claimed"
bill-nye-the-science-guy-1993,Bill Nye: The Science Guy,1993,bn-pollution,Bill Nye The Science Guy: Pollution Solutions,"1993, modern television, no licence claimed"
bill-nye-the-science-guy-1993,Bill Nye: The Science Guy,1993,bill-nye-moon,Bill Nye The Science Guy: The Moon,"1993, modern television, no licence claimed"
bill-nye-the-science-guy-1993,Bill Nye: The Science Guy,1993,FoodWebClassroomEditionDVD,Bill Nye the Science Guy: Food Web,"1993, modern television, no licence claimed"
bill-nye-the-science-guy-1993,Bill Nye: The Science Guy,1993,SimpleMachinesVHS,Bill Nye the Science Guy: Simple Machines,"1993, modern television, no licence claimed"
bill-ted-s-excellent-adventures-1990,Bill & Ted's Excellent Adventures,1990,bill-teds-excellent-adventures-s01e11,Never the Twain Shall Meet,"1990, modern television, no licence claimed"
bob-vila-s-home-again-1990,Bob Vila's Home Again,1990,bob-hopes-bagful-of-christmas-cheer-1986,Bob Hope's Bagful Of Christmas Cheer - Bob Hope,"1990, modern television, no licence claimed"
bob-vila-s-home-again-1990,Bob Vila's Home Again,1990,bob-hopes-birthday-spectacular-in-paris-1989,Bob Hope's Birthday Spectacular In Paris - Bob Hope,"1990, modern television, no licence claimed"
bob-vila-s-home-again-1990,Bob Vila's Home Again,1990,bob-hopes-christmas-cheer-from-saudi-arabia-1991,Bob Hope's Christmas Cheer From Saudi Arabia - Bob Hope,"1990, modern television, no licence claimed"
bob-vila-s-home-again-1990,Bob Vila's Home Again,1990,bob-hopes-christmas-show-from-hawaii-1989,Bob Hope's Christmas Show From Hawaii - Bob Hope,"1990, modern television, no licence claimed"
bob-vila-s-home-again-1990,Bob Vila's Home Again,1990,bob-hopes-cross-country-xmas-show-1991,Bob Hope's Cross Country Xmas Show - Bob Hope,"1990, modern television, no licence claimed"
bob-vila-s-home-again-1990,Bob Vila's Home Again,1990,bob-hopes-high-flying-birthday-1986,Bob Hope's High-Flying Birthday - Bob Hope,"1990, modern television, no licence claimed"
bob-vila-s-home-again-1990,Bob Vila's Home Again,1990,bob-hopes-jolly-christmas-show-1989,Bob Hope's Jolly Christmas Show - Bob Hope,"1990, modern television, no licence claimed"
bob-vila-s-home-again-1990,Bob Vila's Home Again,1990,bob-hopes-love-affair-with-lucy-1989,Bob Hope's Love Affair With Lucy - Bob Hope,"1990, modern television, no licence claimed"
bob-vila-s-home-again-1990,Bob Vila's Home Again,1990,bob-hopes-spring-fling-from-acapulco-1990_202205,Bob Hope's Spring Fling From Acapulco - Bob Hope,"1990, modern television, no licence claimed"
bob-vila-s-home-again-1990,Bob Vila's Home Again,1990,bob-hopes-yellow-ribbon-party-1991,Bob Hope's Yellow Ribbon Party - Bob Hope,"1990, modern television, no licence claimed"
bob-vila-s-home-again-1990,Bob Vila's Home Again,1990,bob-hopes-young-comedians-making-america-laugh-1994,Bob Hope's Young Comedians Making America Laugh - Bob Hope,"1990, modern television, no licence claimed"
bosom-buddies-1980,Bosom Buddies,1980,bosom-buddies-complete,Only the Lonely,"1980, modern television, no licence claimed"
bosom-buddies-1980,Bosom Buddies,1980,bosom-buddies_202601,Reunion,"1980, modern television, no licence claimed"
brand-new-life-1989,Brand New Life,1989,brand-new-life.s-01e-01.above-and-beyond-therapy.vhsrip,Beyond Therapy,"1989, modern television, no licence claimed"
brand-new-life-1989,Brand New Life,1989,brand-new-life.s-01e-02.i-fought-the-law.vhsrip,I Fought the Law,"1989, modern television, no licence claimed"
brand-new-life-1989,Brand New Life,1989,brand-new-life.s-01e-03.private-school.vhsrip,I Fought the Law,"1989, modern television, no licence claimed"
brand-new-life-1989,Brand New Life,1989,brand-new-life.s-01e-04.children-of-a-legal-mom.vhsrip,Private School,"1989, modern television, no licence claimed"
brand-new-life-1989,Brand New Life,1989,brand-new-life.s-01e-05.even-housekeepers-sing-the-blues.vhsrip,Children of a Legal Mom,"1989, modern television, no licence claimed"
brand-new-life-1989,Brand New Life,1989,brand-new-life-honeymooners,Brand New Life,"1989, modern television, no licence claimed"
brigada-siete-1995,Brigada Siete,1995,brigada-siete-batas-obala-june-1995,Brigada Siete - Batas O' Bala? - June 1995,"1995, modern television, no licence claimed"
brigada-siete-1995,Brigada Siete,1995,BrigadaSiete02071998,"Brigada Siete - Cebu Pacific Flight 387 - February 07, 1998","1995, modern television, no licence claimed"
brigada-siete-1995,Brigada Siete,1995,BrigadaSieteOzoneDiscoTragedy,Brigada Siete - Ozone Disco Tragedy,"1995, modern television, no licence claimed"
brigada-siete-1995,Brigada Siete,1995,brigadasiete06251995,Brigada Siete - Vizconde Massacre: Crime of the Century,"1995, modern television, no licence claimed"
brilliant-heritage-2020,Brilliant Heritage,2020,heritage-civilization-and-the-jews-1984-11-12,"Heritage: Civilization and the Jews November 12, 1984","2020, modern television, no licence claimed"
brilliant-heritage-2020,Brilliant Heritage,2020,heritage-civilization-and-the-jews-1984-11-19,"Heritage: Civilization and the Jews November 19, 1984","2020, modern television, no licence claimed"
brilliant-heritage-2020,Brilliant Heritage,2020,heritage-civilization-and-the-jews-1984-11-26,"Heritage: Civilization and the Jews November 26, 1984","2020, modern television, no licence claimed"
brilliant-heritage-2020,Brilliant Heritage,2020,heritage-civilization-and-the-jews-1984-11-05,"Heritage: Civilization and the Jews November 5, 1984","2020, modern television, no licence claimed"
brilliant-heritage-2020,Brilliant Heritage,2020,heritage-civilization-and-the-jews-1984-10-15,"Heritage: Civilization and the Jews October 15, 1984","2020, modern television, no licence claimed"
brilliant-heritage-2020,Brilliant Heritage,2020,heritage-civilization-and-the-jews-1984-10-22,"Heritage: Civilization and the Jews October 22, 1984","2020, modern television, no licence claimed"
brilliant-heritage-2020,Brilliant Heritage,2020,heritage-civilization-and-the-jews-1984-10-29,"Heritage: Civilization and the Jews October 29, 1984","2020, modern television, no licence claimed"
brilliant-heritage-2020,Brilliant Heritage,2020,heritage-civilization-and-the-jews-1984-10-08,"Heritage: Civilization and the Jews October 8, 1984","2020, modern television, no licence claimed"
cagney-lacey-1982,Cagney & Lacey,1982,cagney-lacey-s-01,You Call This Plain Clothes?,"1982, modern television, no licence claimed"
cagney-lacey-1982,Cagney & Lacey,1982,cagney-and-lacey-season-2,Affirmative Action,"1982, modern television, no licence claimed"
cagney-lacey-1982,Cagney & Lacey,1982,cagney-lacey-s-04,Happily Ever After,"1982, modern television, no licence claimed"
caillou-1998,Caillou,1998,CTVSeriesAMZN19972010,Caillou Hates Vegetables,"1998, modern television, no licence claimed"
caillou-1998,Caillou,1998,Aiwah3EiWaice4eem2Oh,Caillou FRANÇAIS - Recette amusante | conte pour enfant | Caillou en Français,"1998, modern television, no licence claimed"
caillou-1998,Caillou,1998,ooje1niedooShahsu2xa,Caillou FRANÇAIS - Caillou en mer | conte pour enfant | Caillou en Français,"1998, modern television, no licence claimed"
caillou-1998,Caillou,1998,aeyee8kooghaeT0aeToa,Caillou FRANÇAIS - Docteur Caillou | conte pour enfant | Caillou en Français,"1998, modern television, no licence claimed"
caillou-1998,Caillou,1998,ies0ieXiephie6eeki3a,Caillou FRANÇAIS - La grande vente de Caillou | conte pour enfant | Caillou en Français,"1998, modern television, no licence claimed"
caillou-1998,Caillou,1998,ohGh1phiuTheebaJeeGh,Caillou FRANÇAIS - L'action de grâce de Caillou | conte pour enfant | Caillou en Français,"1998, modern television, no licence claimed"
caillou-1998,Caillou,1998,c-tv-series-puppet-segments,Caillou - TV Series,"1998, modern television, no licence claimed"
caillou-1998,Caillou,1998,eiBoo1tho5pheiGhug7I,Knowing How!,"1998, modern television, no licence claimed"
caillou-1998,Caillou,1998,Dioru1eduYaiS3ooneQu,Changing Plans!,"1998, modern television, no licence claimed"
caillou-1998,Caillou,1998,au2Ahv8umohwohjahthi,The World Around Me!,"1998, modern television, no licence claimed"
caillou-1998,Caillou,1998,ao3eekiej7Eaghaic6oo,Machines! Brrrrrmmm!,"1998, modern television, no licence claimed"
caillou-1998,Caillou,1998,oingoh9OhgeidaiciKo7,It's Cold Outside! Brrrr!,"1998, modern television, no licence claimed"
caillou-1998,Caillou,1998,eechavah8AP6quaepahk,New Places and New Things!,"1998, modern television, no licence claimed"
caillou-1998,Caillou,1998,ien7ae5ooVooR0ui7sha,Caillou FRANÇAIS - Où est Gilbert? | conte pour enfant | Caillou en Français,"1998, modern television, no licence claimed"
caillou-1998,Caillou,1998,eacuec7goo1aQui6yux7,Caillou FRANÇAIS - Caillou le constructeur de routes | conte pour enfant,"1998, modern television, no licence claimed"
caillou-1998,Caillou,1998,Iex3aeF4seeV8gah8wuz,Caillou FRANÇAIS - Une histoire pour Mousseline | conte pour enfant | Caillou en Français,"1998, modern television, no licence claimed"
caillou-1998,Caillou,1998,ohv8sha7nihoh0chueBe,Caillou FRANÇAIS - Caillou et le grand toboggan | conte pour enfant | Caillou en Français,"1998, modern television, no licence claimed"
caillou-1998,Caillou,1998,aikah7ba7Johx1mee0Uj,Caillou FRANÇAIS - Flocons de neige | conte pour enfant | Caillou en Français,"1998, modern television, no licence claimed"
caillou-1998,Caillou,1998,eoshahha1kuph7noh4Vo,Caillou FRANÇAIS - Montrer aux amis | conte pour enfant | Caillou en Français,"1998, modern television, no licence claimed"
caillou-1998,Caillou,1998,caillou-tv-series,Caillou - TV Series,"1998, modern television, no licence claimed"
caillou-1998,Caillou,1998,caillou-caillou-in-the-bathtub-uk-dub,Cartoonito | Caillou - Caillou in the Bathtub,"1998, modern television; uploader licence claim https://creativecommons.org/publicdomain/mark/1.0/ does not rescue it"
camp-wilder-1992,Camp Wilder,1992,campwilders01e12acloseshave,A Close Shave,"1992, modern television, no licence claimed"
captain-n-the-game-master-1989,Captain N: The Game Master,1989,captain-n-the-game-master-season-1-restored,Videolympics,"1989, modern television, no licence claimed"
captain-n-the-game-master-1989,Captain N: The Game Master,1989,captain-n-the-game-master-season-2-mkv,The Feud of Faxanadu,"1989, modern television, no licence claimed"
captain-n-the-game-master-1989,Captain N: The Game Master,1989,captain-n-the-game-master-season-2-avi,The Trojan Dragon,"1989, modern television, no licence claimed"
captain-n-the-game-master-1989,Captain N: The Game Master,1989,captain-n-the-game-master-season-3-mkv,Return to Castlevania,"1989, modern television, no licence claimed"
captain-n-the-game-master-1989,Captain N: The Game Master,1989,captain-n-the-game-master-season-3-avi,Return to Castlevania,"1989, modern television, no licence claimed"
captain-n-the-game-master-1989,Captain N: The Game Master,1989,captain-n-the-game-master-extras-mkv,Captain N: The Game Master - Extras,"1989, modern television, no licence claimed"
cbs-summer-playhouse-1987,CBS Summer Playhouse,1987,cbs-summer-playhouse-42,Elysian Fields,"1987, modern television, no licence claimed"
cbs-summer-playhouse-1987,CBS Summer Playhouse,1987,cbs-summer-playhouse-44,Curse of the Corn People,"1987, modern television, no licence claimed"
cbs-summer-playhouse-1987,CBS Summer Playhouse,1987,cbs-summer-playhouse-1988,"CBS Summer Playhouse - Robert Wuhl, Richard Gilliland","1987, modern television, no licence claimed"
ch4-schools-1993,CH4 Schools,1993,ch4schoolsencyclopediagalacticaeps0610solarsystem2mar1998,CH4 Schools - Encyclopedia Galactica (1993),"1993, modern television, no licence claimed"
ch4-schools-1993,CH4 Schools,1993,ch4lostanimalseps2130oct1998,CH4 Schools - Lost Animals (1995),"1993, modern television, no licence claimed"
ch4-schools-1993,CH4 Schools,1993,ch4schoolsthecompletecosmoseps0105may1999,CH4 Schools - The Complete Cosmos (1998),"1993, modern television, no licence claimed"
charlie-lawrence-2003,Charlie Lawrence,2003,lawrence-alook-back-01,A Vote of No Confidence,"2003, modern television; uploader licence claim https://creativecommons.org/licenses/by-nc-nd/4.0/ does not rescue it"
charlie-lawrence-2003,Charlie Lawrence,2003,lawrence-alook-back-02,New Kid in School,"2003, modern television; uploader licence claim https://creativecommons.org/licenses/by-nc-nd/4.0/ does not rescue it"
charlie-lawrence-2003,Charlie Lawrence,2003,lawrence-alook-back-03,Charlie Got Game,"2003, modern television; uploader licence claim https://creativecommons.org/licenses/by-nc-nd/4.0/ does not rescue it"
charlie-lawrence-2003,Charlie Lawrence,2003,lawrence-alook-back-04,Dinner and a Breakdown,"2003, modern television; uploader licence claim https://creativecommons.org/licenses/by-nc-nd/4.0/ does not rescue it"
charlie-lawrence-2003,Charlie Lawrence,2003,lawrence-alook-back-05,"If It's Not One Thing, It's Your Mother","2003, modern television; uploader licence claim https://creativecommons.org/licenses/by-nc-nd/4.0/ does not rescue it"
charlie-lawrence-2003,Charlie Lawrence,2003,lawrence-alook-back-06,I'll Take the Low Road,"2003, modern television; uploader licence claim https://creativecommons.org/licenses/by-nc-nd/4.0/ does not rescue it"
christmas-in-rockefeller-center-1997,Christmas in Rockefeller Center,1997,ChristmasInRockefellerCenter1998,Christmas In Rockefeller Center 1997,"1997, modern television, no licence claimed"
clifford-the-big-red-dog-2000,Clifford the Big Red Dog,2000,scene-comparison-between-clifford-the-big-red-dog-1964-hanna-barbera-series-seas,My Best Friend,"2000, modern television, no licence claimed"
clifford-the-big-red-dog-2000,Clifford the Big Red Dog,2000,clifford-the-big-red-dog-season-3-episode-3-jeffys-missing-blanket-and-clifford-,Special Delivery,"2000, modern television, no licence claimed"
clifford-the-big-red-dog-2000,Clifford the Big Red Dog,2000,clifford-the-big-red-dog-season-5-episode-4-t-bone-the-snow-champion-snowball-fi,A Ferry Tale,"2000, modern television, no licence claimed"
clifford-the-big-red-dog-2000,Clifford the Big Red Dog,2000,clifford-the-big-red-dog-1964-season-1-episode-5-cliffords-looney-adventure-fina,And Birdy Makes Three,"2000, modern television, no licence claimed"
clifford-the-big-red-dog-2000,Clifford the Big Red Dog,2000,clifford-the-big-red-dog-season-6-episode-7-a-new-british-dog-named-tammy-arrive,Clifford's Carnival,"2000, modern television, no licence claimed"
clifford-the-big-red-dog-2000,Clifford the Big Red Dog,2000,clifford-the-big-red-dog-1964-cliffords,Clifford's Doggy Reunion,"2000, modern television, no licence claimed"
clifford-the-big-red-dog-2000,Clifford the Big Red Dog,2000,clifford-the-big-red-dog-season-2-episode-9-princess-cleo-basketball-stories,The Great Race,"2000, modern television; uploader licence claim https://creativecommons.org/licenses/by-nc-sa/4.0/ does not rescue it"
clifford-the-big-red-dog-2000,Clifford the Big Red Dog,2000,clifford-the-big-red-dog-season-3-episode-10-clifford-remembers-mr.-bleakman-pbs,Tummy Trouble,"2000, modern television, no licence claimed"
clifford-the-big-red-dog-2000,Clifford the Big Red Dog,2000,clifford-the-big-red-dog-1964-season-1-episode-11-emily-elizabeths-9th-birthday-,Cleo Comes to Town,"2000, modern television, no licence claimed"
clifford-the-big-red-dog-2000,Clifford the Big Red Dog,2000,clifford-the-big-red-dog-season-3-episode-14-the-runaway-ball-and-stevens-fishin,An Itchy Patch,"2000, modern television, no licence claimed"
clifford-the-big-red-dog-2000,Clifford the Big Red Dog,2000,clifford-the-big-red-dog-season-3-episode-15-happy-birthday-clifford-and-stevens,A New Friend,"2000, modern television, no licence claimed"
clifford-the-big-red-dog-2000,Clifford the Big Red Dog,2000,clifford-the-big-red-dog-season-3-episode-16-jeffys-bad-dream-and-clifford-goes-,Stormy Weather,"2000, modern television, no licence claimed"
clifford-the-big-red-dog-2000,Clifford the Big Red Dog,2000,clifford-the-big-red-dog-season-3-episode-18-the-lunch-menu-and-charley-goes-bow,Limelight Fright,"2000, modern television, no licence claimed"
clifford-the-big-red-dog-2000,Clifford the Big Red Dog,2000,clifford-the-big-red-dog-season-3-episode-20-clifford-the-hero-and-the-missing-t,The Best Party Ever,"2000, modern television, no licence claimed"
clifford-the-big-red-dog-2000,Clifford the Big Red Dog,2000,clifford-the-big-red-dog-s-01e-20-clifford-on-parade-follow-the-leader,The Best Party Ever,"2000, modern television, no licence claimed"
clifford-the-big-red-dog-2000,Clifford the Big Red Dog,2000,clifford-the-big-red-dog-season-6-episode-21-terrible-tuesday-jodie-gets-insulte,"Come Back, Mac","2000, modern television, no licence claimed"
clifford-the-big-red-dog-2000,Clifford the Big Red Dog,2000,clifford-the-big-red-dog-season-11-episode-22-jeffy-pan-act-last-night-at-the-nu_202408,Boo,"2000, modern television, no licence claimed"
clifford-the-big-red-dog-2000,Clifford the Big Red Dog,2000,clifford-the-big-red-dog-season-2-episode-23-tie-dyed-clifford-stage-struck,Little Clifford,"2000, modern television; uploader licence claim https://creativecommons.org/licenses/by-nc-sa/4.0/ does not rescue it"
clifford-the-big-red-dog-2000,Clifford the Big Red Dog,2000,clifford-the-big-red-dog-season-2-episode-24-doghouse-rock-guess-whos-coming-to-birdwell,Welcome to Birdwell Island,"2000, modern television; uploader licence claim https://creativecommons.org/licenses/by-nc-sa/4.0/ does not rescue it"
clifford-the-big-red-dog-2000,Clifford the Big Red Dog,2000,clifford-the-big-red-dog-season-4-episode-26-the-cookie-baking-contest-everyone-_202310,The Dog Who Cried Woof,"2000, modern television, no licence claimed"
clifford-the-big-red-dog-2000,Clifford the Big Red Dog,2000,clifford-the-big-red-dog-season-3-episode-27-project-day-and-show-and-tell-pbs-b,Leaf of Absence,"2000, modern television, no licence claimed"
clifford-the-big-red-dog-2000,Clifford the Big Red Dog,2000,clifford-the-big-red-dog-season-3-episode-28-t-bones-skiing-lesson-and-cliffords,Nobody's Perfect,"2000, modern television, no licence claimed"
clifford-the-big-red-dog-2000,Clifford the Big Red Dog,2000,clifford-the-big-red-dog-season-3-episode-29-jeffy-tries-new-things-and-the-miss,Teacher's Pet,"2000, modern television, no licence claimed"
clifford-the-big-red-dog-2000,Clifford the Big Red Dog,2000,clifford-the-big-red-dog-season-3-episode-31-new-food-for-clifford-and-the-math-,Clifford's Big Surprise,"2000, modern television, no licence claimed"
clifford-the-big-red-dog-2000,Clifford the Big Red Dog,2000,clifford-the-big-red-dog-season-3-episode-32-jeffys-breakfast-and-the-football-g,The Ears Have It,"2000, modern television, no licence claimed"
clifford-the-big-red-dog-2000,Clifford the Big Red Dog,2000,clifford-the-big-red-dog-season-3-episode-33-use-your-imagination-and-steven-goe,Tough Enough,"2000, modern television, no licence claimed"
clifford-the-big-red-dog-2000,Clifford the Big Red Dog,2000,clifford-the-big-red-dog-season-3-episode-34-the-feud-and-happy-birthday-jeffy-p,Stars in Your Eyes,"2000, modern television, no licence claimed"
clifford-the-big-red-dog-2000,Clifford the Big Red Dog,2000,clifford-the-big-red-dog-season-3-episode-38-the-science-project-and-rufus-goes-,Team Spirit,"2000, modern television, no licence claimed"
clifford-the-big-red-dog-2000,Clifford the Big Red Dog,2000,clifford-the-big-red-dog-season-3-episode-39-good-friends-don-t-forget-their-fri,Clifford on Parade,"2000, modern television, no licence claimed"
clifford-the-big-red-dog-2000,Clifford the Big Red Dog,2000,clifford-the-big-red-dog-season-3-episode-40-the-perfect-score-and-the-3-dogs-pb,Follow the Leader,"2000, modern television, no licence claimed"
clifford-the-big-red-dog-2000,Clifford the Big Red Dog,2000,clifford-the-big-red-dog-season-3-episode-41-jeffys-collection-and-jeffy-gets-al,"Good-Bye, T-Bone","2000, modern television, no licence claimed"
clifford-the-big-red-dog-2000,Clifford the Big Red Dog,2000,clifford-the-big-red-dog-season-3-episode-43-jeffys-bone-craving-and-turn-that-f,The Big Sleepover,"2000, modern television, no licence claimed"
clifford-the-big-red-dog-2000,Clifford the Big Red Dog,2000,clifford-the-big-red-dog-season-3-episode-46-cliffords-really-big-cold-and-itchy,Clifford's Big Heart,"2000, modern television, no licence claimed"
clifford-the-big-red-dog-2000,Clifford the Big Red Dog,2000,clifford-the-big-red-dog-season-3-episode-47-cliffords-new-book-and-t-bones-amaz,"Who Me, Jealous?","2000, modern television, no licence claimed"
clifford-the-big-red-dog-2000,Clifford the Big Red Dog,2000,clifford-the-big-red-dog-season-3-episode-49-steven-rides-a-bike-and-dancing-jef,Clothes Don't Make the Dog,"2000, modern television, no licence claimed"
clifford-the-big-red-dog-2000,Clifford the Big Red Dog,2000,CliffordTheBigRedDogTVSeries,Clothes Don't Make the Dog,"2000, modern television, no licence claimed"
clifford-the-big-red-dog-2000,Clifford the Big Red Dog,2000,clifford-the-big-red-dog-season-3-episode-50-charley-and-the-big-mess-and-cliffo,Short-Changed,"2000, modern television, no licence claimed"
clifford-the-big-red-dog-2000,Clifford the Big Red Dog,2000,clifford-the-big-red-dog-season-3-episode-51-clifford-joins-the-football-team-an,The Kibble Crook,"2000, modern television, no licence claimed"
clifford-the-big-red-dog-2000,Clifford the Big Red Dog,2000,clifford-the-big-red-dog-season-3-episode-52-wheres-jeffy-and-clifford-the-kind-,Screaming for Ice Cream,"2000, modern television, no licence claimed"
clifford-the-big-red-dog-2000,Clifford the Big Red Dog,2000,clifford-the-big-red-dog-season-3-episode-55-jeffys-toy-ball-and-jeffys-sleepove,Babysitter Blues,"2000, modern television, no licence claimed"
clifford-the-big-red-dog-2000,Clifford the Big Red Dog,2000,CliffordTheBigRedDog2019TVSeries,Magic in the Air,"2000, modern television, no licence claimed"
clifford-the-big-red-dog-2000,Clifford the Big Red Dog,2000,clifford-the-big-red-dog-season-1-episode-4-cliffrock-the-big-red-dinosaur-betty,Clifford The Big Red Dog Made With Clipchamp,"2000, modern television, no licence claimed"
clifford-the-big-red-dog-2000,Clifford the Big Red Dog,2000,clifford-the-big-red-dog-season-3-episode-4-the-musicians-of-birdwell-and-t-bone,Clifford The Big Red Dog Season 3 Episode 4: The Musicians Of Birdwell And T Bone's Favorite Book ( Opening And Closing (For SoundCheck,"2000, modern television, no licence claimed"
clifford-the-big-red-dog-2000,Clifford the Big Red Dog,2000,clifford-the-big-red-dog-season-5-episode-4-t-bone-the-snow-champion-final-scene,Clifford The Big Red Dog Season 5 Episode 4 T Bone The Snow Champion For HuskyDog88) Made With Clipchamp,"2000, modern television, no licence claimed"
clifford-the-big-red-dog-2000,Clifford the Big Red Dog,2000,clifford-the-big-red-dog-season-3-episode-5-clifford-make-believes-and-jeffy-and,Clifford The Big Red Dog Season 3 Episode 5: Clifford Make Believes And Jeffy And The Cave ( Opening And Closing (for SoundCheck,"2000, modern television, no licence claimed"
clifford-the-big-red-dog-2000,Clifford the Big Red Dog,2000,clifford-the-big-red-dog-season-6-episode-7-birdwells-got-talent-a-new-british-d,Clifford The Big Red Dog Made With Clipchamp,"2000, modern television, no licence claimed"
clifford-the-big-red-dog-2000,Clifford the Big Red Dog,2000,clifford-the-big-red-dog-season-6-episode-7-birdwells-got-talent-tammy-joins-in-,Clifford The Big Red Dog Season 6 Episode 7 Birdwell's Got Talent ( Fanmad Made With Clipchamp,"2000, modern television, no licence claimed"
clifford-the-big-red-dog-2000,Clifford the Big Red Dog,2000,clifford-the-big-red-dog-season-6-episode-7-birdwells-got-talent-a-new-british-d_202406,Clifford The Big Red Dog Season 6 Episode 7 Birdwell's Got Talent (for HuskyDog88,"2000, modern television, no licence claimed"
clifford-the-big-red-dog-2000,Clifford the Big Red Dog,2000,clifford-the-big-red-dog-season-6-episode-7-birdwells-got-talent-final-scene-fan,Clifford The Big Red Dog Season 6 Episode 7 Birdwell's Got Talent Made With Clipchamp,"2000, modern television, no licence claimed"
clifford-the-big-red-dog-2000,Clifford the Big Red Dog,2000,clifford-the-big-red-dog-season-3-episode-8-the-wizard-of-dogs-and-cleo-in-wonde,Clifford The Big Red Dog Season 3 Episode 8: The Wizard Of Dogs And Cleo In Wonderland ( Opening And Closing (for SoundCheck,"2000, modern television, no licence claimed"
clifford-the-big-red-dog-2000,Clifford the Big Red Dog,2000,clifford-the-big-red-dog-season-6-episode-9-who-wants-to-be-a-circus-star-tammy-,Clifford The Big Red Dog Season 6 Episode 9 Who Wants To Be A Circus Star Made With Clipchamp,"2000, modern television, no licence claimed"
clifford-the-big-red-dog-2000,Clifford the Big Red Dog,2000,clifford-the-big-red-dog-season-4-episode-11-feliz-navidad-vaz-final-scene-fanma,Clifford The Big Red Dog Made With Clipchamp,"2000, modern television, no licence claimed"
clifford-the-big-red-dog-2000,Clifford the Big Red Dog,2000,clifford-the-big-red-dog-season-4-episode-11-feliz-navidad-vaz-final-scene-vhs-a,Clifford The Big Red Dog Made With Clipchamp,"2000, modern television, no licence claimed"
clifford-the-big-red-dog-2000,Clifford the Big Red Dog,2000,clifford-the-big-red-dog-season-4-episode-18-cosmos-favorite-toys-final-scene-fa,Clifford The Big Red Dog Season 4 Episode 18 Cosmo's Favorite Toys Made With Clipchamp,"2000, modern television, no licence claimed"
clifford-the-big-red-dog-2000,Clifford the Big Red Dog,2000,clifford-the-big-red-dog-season-6-episode-21-terrible-tuesday-jodie-sobs-hysteri,Clifford The Big Red Dog Made With Clipchamp,"2000, modern television, no licence claimed"
clifford-the-big-red-dog-2000,Clifford the Big Red Dog,2000,clifford-the-big-red-dog-season-3-episode-21-the-ice-cream-party-and-t-bone-the-,Clifford The Big Red Dog Season 3 Episode 21: The Ice Cream Party And T Bone The Brave ( Opening And Closing (for SoundCheck,"2000, modern television, no licence claimed"
clifford-the-big-red-dog-2000,Clifford the Big Red Dog,2000,clifford-the-big-red-dog-season-3-episode-22-steven-gets-lost-and-jeffy-learns-t,Clifford The Big Red Dog Season 3 Episode 22: Steven Gets Lost And Jeffy Learns The Colors (for SoundCheck,"2000, modern television, no licence claimed"
clifford-the-big-red-dog-2000,Clifford the Big Red Dog,2000,clifford-the-big-red-dog-season-8-episode-22-andy-the-airplane-daniel-asks-his-m_202407,Clifford The Big Red Dog Season 8 Episode 22 Andy The Airplane Daniel Asks His Mother Tammy About Her Thoughts On The Show While The Andy The Airplane Credits Play Made,"2000, modern television, no licence claimed"
clifford-the-big-red-dog-2000,Clifford the Big Red Dog,2000,clifford-the-big-red-dog-season-8-episode-22-andy-the-airplane-daniel-asks-his-m,Clifford The Big Red Dog Season 8 Episode 22 Andy The Airplane Daniel Asks His Mother Tammy About Her Thoughts On The Show While The Andy The Airplane Credits Play Made With Clipcham,"2000, modern television, no licence claimed"
clifford-the-big-red-dog-2000,Clifford the Big Red Dog,2000,clifford-the-big-red-dog-season-3-episode-23-jeffy-the-creative-and-t-bone-and-t,Clifford The Big Red Dog Season 3 Episode 23: Jeffy The Creative And T Bone And The Magic Wand ( Opening And Closing (for SoundCheck,"2000, modern television, no licence claimed"
clifford-the-big-red-dog-2000,Clifford the Big Red Dog,2000,clifford-the-big-red-dog-season-7-episode-23-christmas-at-cliffords-tammys-story,Clifford The Big Red Dog Season 7 Episode 23 Christmas At Clifford's Tammy's Story About Her Christmas Party At Her Old Doghouse) Made With Clipchamp,"2000, modern television, no licence claimed"
clifford-the-big-red-dog-2000,Clifford the Big Red Dog,2000,clifford-the-big-red-dog-season-6-episode-24-cliffords-class-trip-tammy-calls-cl_202407,Clifford The Big Red Dog Season 6 Episode 24 Clifford's Class Trip Made With Clipchamp,"2000, modern television, no licence claimed"
clifford-the-big-red-dog-2000,Clifford the Big Red Dog,2000,clifford-the-big-red-dog-season-8-episode-24-bully-for-gordon-warren-apologizes-,Clifford The Big Red Dog Season 8 Episode 24 Bully For Gordon Made With Clipchamp,"2000, modern television, no licence claimed"
club-connect-1991,Club Connect,1991,club-connect-teen-film-makers-media-and-messages-s04e04,Club Connect - Teen Film Makers - Media And Messages (S04E04),"1991, modern television, no licence claimed"
club-connect-1991,Club Connect,1991,club-connect-family-show-i-s04e05,Club Connect - Family Show I (S04E05),"1991, modern television, no licence claimed"
club-connect-1991,Club Connect,1991,club-connect-friendship-s04e07,Club Connect - Friendship (S04E07),"1991, modern television, no licence claimed"
club-connect-1991,Club Connect,1991,club-connect-teen-activism-s04e16,Club Connect - Teen Activism (S04E16),"1991, modern television, no licence claimed"
club-connect-1991,Club Connect,1991,club-connect-dealing-with-disabilities-s04e17,Club Connect - Dealing With Disabilities (S04E17),"1991, modern television, no licence claimed"
club-connect-1991,Club Connect,1991,club-connect-consumerism-i-s04e18,Club Connect - Consumerism I (S04E18),"1991, modern television, no licence claimed"
club-connect-1991,Club Connect,1991,club-connect-supermarket-fitnesss-s05e04,Club Connect - Supermarket Fitness (S05E04),"1991, modern television, no licence claimed"
club-connect-1991,Club Connect,1991,club-connect-the-jailbirds-go-ethnic-s05e05,Club Connect - The Jailbirds Go Ethnic (S05E05),"1991, modern television, no licence claimed"
club-connect-1991,Club Connect,1991,club-connect-s-05-e-06-radio-jobs,Club Connect - Radio Jobs (S05E06),"1991, modern television, no licence claimed"
club-connect-1991,Club Connect,1991,club-connect-coping-with-tragedy-s05e13,Club Connect - Coping With Tragedy (S05E13),"1991, modern television, no licence claimed"
club-connect-1991,Club Connect,1991,club-connect-the-wall-is-gone-germany-s06e01,Club Connect - The Wall Is Gone - Germany (S06E01),"1991, modern television, no licence claimed"
club-connect-1991,Club Connect,1991,club-connect-aids-fighters-s06e06,Club Connect - AIDS Fighters (S06E06),"1991, modern television, no licence claimed"
club-connect-1991,Club Connect,1991,club-connect-enviromental-aliens-s06e07,Club Connect - Environmental Aliens (S06E07),"1991, modern television, no licence claimed"
club-connect-1991,Club Connect,1991,club-connect-the-image-show-s09e05,Club Connect - The Image Show (S09E05),"1991, modern television, no licence claimed"
club-connect-1991,Club Connect,1991,club-connect-mixed-messages-and-the-media-s09e11,Club Connect - Mixed Messages in The Media (S09E11),"1991, modern television, no licence claimed"
commercial-breakdown-with-jimmy-carr-2008,Commercial Breakdown with Jimmy Carr,2008,Car_Commericals_1956-1960,Car Commericals 1956-1957,"2008, modern television; uploader licence claim http://creativecommons.org/licenses/publicdomain/ does not rescue it"
commercial-breakdown-with-jimmy-carr-2008,Commercial Breakdown with Jimmy Carr,2008,Car_Commericals_1956-1960page2,Car Commericals 1958-1960,"2008, modern television; uploader licence claim http://creativecommons.org/licenses/publicdomain/ does not rescue it"
commercial-breakdown-with-jimmy-carr-2008,Commercial Breakdown with Jimmy Carr,2008,Car_Commericals_1961-1965,Car Commericals 1961-1965,"2008, modern television; uploader licence claim http://creativecommons.org/licenses/publicdomain/ does not rescue it"
commercial-breakdown-with-jimmy-carr-2008,Commercial Breakdown with Jimmy Carr,2008,Car_Commericals_1966-1970,Car Commericals 1966-1970,"2008, modern television; uploader licence claim http://creativecommons.org/licenses/publicdomain/ does not rescue it"
compilation-of-classic-tv-footage-2011,Compilation of Classic TV Footage,2011,CompilationOfClassicTvFootage,Compilation of Classic TV Footage - Episode 1,"2011, modern television; uploader licence claim http://creativecommons.org/publicdomain/zero/1.0/ does not rescue it"
compilation-of-classic-tv-footage-2011,Compilation of Classic TV Footage,2011,CompilationOfClassicTvFootage-Part2,Compilation of Classic TV Footage - Episode 2,"2011, modern television, no licence claimed"
compilation-of-classic-tv-footage-2011,Compilation of Classic TV Footage,2011,CompilationOfClassicTvFootage-Part3,Compilation of Classic TV Footage - Episode 3,"2011, modern television, no licence claimed"
compilation-of-classic-tv-footage-2011,Compilation of Classic TV Footage,2011,CompilationOfClassicTvFootage-Episode4,Compilation of Classic TV Footage - Episode 4,"2011, modern television, no licence claimed"
compilation-of-classic-tv-footage-2011,Compilation of Classic TV Footage,2011,CompilationOfClassicTvFootage-Episode5,Compilation of Classic TV Footage - Episode 5,"2011, modern television; uploader licence claim http://creativecommons.org/publicdomain/zero/1.0/ does not rescue it"
compilation-of-classic-tv-footage-2011,Compilation of Classic TV Footage,2011,CompilationOfClassicTvFootage-Episode6,Compilation of Classic TV Footage - Episode 6,"2011, modern television, no licence claimed"
compilation-of-classic-tv-footage-2011,Compilation of Classic TV Footage,2011,CompilationOfClassicTvFootage-Episode7,Compilation of Classic TV Footage - Episode 7,"2011, modern television, no licence claimed"
compilation-of-classic-tv-footage-2011,Compilation of Classic TV Footage,2011,CompilationOfClassicTvFootage-Episode8,Compilation of Classic TV Footage - Episode 8,"2011, modern television, no licence claimed"
compilation-of-classic-tv-footage-2011,Compilation of Classic TV Footage,2011,CompilationOfClassicTvFootage-Episode9,Compilation of Classic TV Footage - Episode 9,"2011, modern television, no licence claimed"
compilation-of-classic-tv-footage-2011,Compilation of Classic TV Footage,2011,CompilationOfClassicTvFootage-Episode10,Compilation of Classic TV Footage - Episode 10,"2011, modern television, no licence claimed"
compilation-of-classic-tv-footage-2011,Compilation of Classic TV Footage,2011,CompilationOfClassicTvFootage-Episode11,Compilation of Classic TV Footage - Episode 11,"2011, modern television, no licence claimed"
compilation-of-classic-tv-footage-2011,Compilation of Classic TV Footage,2011,CompilationOfClassicTvFootage-Episode12,Compilation of Classic TV Footage - Episode 12,"2011, modern television, no licence claimed"
compilation-of-classic-tv-footage-2011,Compilation of Classic TV Footage,2011,CompilationOfClassicTvFootage-Episode13,Compilation of Classic TV Footage - Episode 13,"2011, modern television, no licence claimed"
compilation-of-classic-tv-footage-2011,Compilation of Classic TV Footage,2011,CompilationOfClassicTvFootage-Episode14,Compilation of Classic TV Footage - Episode 14,"2011, modern television, no licence claimed"
compilation-of-classic-tv-footage-2011,Compilation of Classic TV Footage,2011,CompilationOfClassicTvFootage-Episode15,Compilation of Classic TV Footage - Episode 15,"2011, modern television, no licence claimed"
compilation-of-classic-tv-footage-2011,Compilation of Classic TV Footage,2011,CompilationOfClassicTvFootage-Episode16,Compilation of Classic TV Footage - Episode 16,"2011, modern television, no licence claimed"
compilation-of-classic-tv-footage-2011,Compilation of Classic TV Footage,2011,CompilationOfClassicTvFootage-Episode17,Compilation of Classic TV Footage - Episode 17,"2011, modern television, no licence claimed"
compilation-of-classic-tv-footage-2011,Compilation of Classic TV Footage,2011,CompilationOfClassicTvFootage-Episode18,Compilation of Classic TV Footage - Episode 18,"2011, modern television, no licence claimed"
compilation-of-classic-tv-footage-2011,Compilation of Classic TV Footage,2011,CompilationOfClassicTvFootage-Episode19,Compilation of Classic TV Footage - Episode 19,"2011, modern television, no licence claimed"
compilation-of-classic-tv-footage-2011,Compilation of Classic TV Footage,2011,CompilationOfClassicTvFootage-Episode20comedy,Compilation of Classic TV Footage - Episode 20 (Comedy),"2011, modern television, no licence claimed"
compilation-of-classic-tv-footage-2011,Compilation of Classic TV Footage,2011,compilationOfClassicTvFootage-Episode21,Compilation of Classic TV Footage - Episode 21,"2011, modern television, no licence claimed"
computers-in-control-1984,Computers in Control,1984,Computers.in.Control.S01E01,Introducing the Robot,"1984, modern television, no licence claimed"
computers-in-control-1984,Computers in Control,1984,Computers.in.Control.S01E02,Making Sense of the Real World,"1984, modern television, no licence claimed"
computers-in-control-1984,Computers in Control,1984,Computers.in.Control.S01E03,Making Things Move,"1984, modern television, no licence claimed"
computers-in-control-1984,Computers in Control,1984,Computers.in.Control.S01E04,Getting It Together,"1984, modern television, no licence claimed"
computers-in-control-1984,Computers in Control,1984,Computers.in.Control.S01E05,Recognising the Obvious,"1984, modern television, no licence claimed"
cosmos-1980,Cosmos,1980,youtube-7UieUBPiGkw,The Shores of the Cosmic Ocean,"1980, modern television, no licence claimed"
cosmos-1980,Cosmos,1980,hindi-cosmos-s01e01-standing-up-in-the-milky-way-audiotrack-1080p-by-vaibhav-khade,The Shores of the Cosmic Ocean,"1980, modern television, no licence claimed"
cosmos-1980,Cosmos,1980,Cosmos-1980-S01E01-The-Shores-Of-The-Cosmic-Ocean-720p-by-Vaibhav-khade,The Shores of the Cosmic Ocean,"1980, modern television, no licence claimed"
cosmos-1980,Cosmos,1980,cosmos-s01e02-some-of-the-things-that-molecules-do-with-subtitles-by-vaibhav-khade,One Voice in the Cosmic Fugue,"1980, modern television, no licence claimed"
cosmos-1980,Cosmos,1980,Cosmos-1980-S01E02-One-Voice-In-The-Cosmic-Fugue-720p-by-Vaibhav-khade,One Voice in the Cosmic Fugue,"1980, modern television, no licence claimed"
cosmos-1980,Cosmos,1980,carl-sagan-cosmos-special-edition-1986-ep-03,Harmony of the Worlds,"1980, modern television, no licence claimed"
cosmos-1980,Cosmos,1980,Cosmos-1980-S01E03-Harmony-Of-The-Worlds-720p-by-Vaibhav-khade,Harmony of the Worlds,"1980, modern television, no licence claimed"
cosmos-1980,Cosmos,1980,carl-sagan-cosmos-special-edition-1986-ep-04,Heaven and Hell,"1980, modern television, no licence claimed"
cosmos-1980,Cosmos,1980,hindi-cosmos-s01e05-hiding-in-the-light-audiotrack-by-vaibhav-khade,Blues for a Red Planet,"1980, modern television, no licence claimed"
cosmos-1980,Cosmos,1980,cosmos-s01e05-hiding-in-the-light-with-subtitles-by-vaibhav-khade,Cosmos S01E05 Hiding In The Light with subtitles by Vaibhav khade,"1980, modern television, no licence claimed"
cosmos-1980,Cosmos,1980,carl-sagan-cosmos-special-edition-1986-ep-06,Travelers' Tales,"1980, modern television, no licence claimed"
cosmos-1980,Cosmos,1980,cosmos-s01e07-the-clean-room-with-subtitles-by-vaibhav-khade,The Backbone of Night,"1980, modern television, no licence claimed"
cosmos-1980,Cosmos,1980,cosmos-s01e08-sisters-of-the-sun-with-subtitles-by-vaibhav-khade,Journeys in Space and Time,"1980, modern television, no licence claimed"
cosmos-1980,Cosmos,1980,cosmos-s01e09-the-lost-worlds-of-planet-earth-with-subtitles-by-vaibhav-khade,The Lives of the Stars,"1980, modern television, no licence claimed"
cosmos-1980,Cosmos,1980,hindi-cosmos-s01e09-the-lost-worlds-of-planet-earth-audiotrack-1080p-by-vaibhav-khade,The Lives of the Stars,"1980, modern television, no licence claimed"
cosmos-1980,Cosmos,1980,cosmos-s01e10-the-electric-boy-with-subtitles-by-vaibhav-khade,The Edge of Forever,"1980, modern television, no licence claimed"
cosmos-1980,Cosmos,1980,hindi-cosmos-s01e10-the-electric-boy-audiotrack-by-vaibhav-khade,The Edge of Forever,"1980, modern television, no licence claimed"
cosmos-1980,Cosmos,1980,hindi-cosmos-s01e11-the-immortals-audiotrack-1080p-by-vaibhav-khade,The Persistence of Memory,"1980, modern television, no licence claimed"
cosmos-1980,Cosmos,1980,cosmos.-a.-space-time.-odyssey.-s01e12,Encyclopedia Galactica,"1980, modern television, no licence claimed"
cosmos-1980,Cosmos,1980,cosmos-s01e12-the-world-set-free-with-subtitles-by-vaibhav-khade,Encyclopedia Galactica,"1980, modern television, no licence claimed"
cosmos-1980,Cosmos,1980,cosmos-possible-worlds-s01e12-coming-of-age-in-the-anthropocene-1080p-by-vaibhav-khade,Encyclopedia Galactica,"1980, modern television, no licence claimed"
cosmos-1980,Cosmos,1980,hindi-cosmos-s01e12-the-world-set-free-audiotrack-1080p-by-vaibhav-khade,Encyclopedia Galactica,"1980, modern television, no licence claimed"
cosmos-1980,Cosmos,1980,cosmos-s01e13-unafraid-of-the-dark-with-subtitles-by-vaibhav-khade,Who Speaks for Earth?,"1980, modern television, no licence claimed"
cosmos-1980,Cosmos,1980,carl-sagan-cosmos-special-edition-1986-ep-01,Carl Sagan Cosmos Special Edition 1986 Ep 01,"1980, modern television, no licence claimed"
cosmos-1980,Cosmos,1980,carl-sagan-cosmos-special-edition-1986-ep-02,One Voice in the Cosmic Fugue,"1980, modern television, no licence claimed"
cosmos-1980,Cosmos,1980,carl-sagan-cosmos-special-edition-1986-ep-05,Carl Sagan Cosmos Special Edition 1986 Ep 05,"1980, modern television, no licence claimed"
cosmos-1980,Cosmos,1980,carlsagancosmosepisode10theedgeofforever360p,CARL SAGAN COSMOS Episode 10 The Edge Of Forever,"1980, modern television, no licence claimed"
cosmos-1980,Cosmos,1980,ultra-cosmos-ep25-24-indo-dub,Ultraman Cosmos Episode 25 & 24,"1980, modern television, no licence claimed"
cosmos-1980,Cosmos,1980,cosmos4heavenandhell360p,Cosmos 4 Heaven And Hell,"1980, modern television, no licence claimed"
count-duckula-1988,Count Duckula,1988,count-duckula-s01E02-vampire-vacation,Vampire Vacation,"1988, modern television, no licence claimed"
count-duckula-1988,Count Duckula,1988,count-duckula-s01E04-transylvanian-homesick-blues,Transylvanian Homesick Blues,"1988, modern television, no licence claimed"
count-duckula-1988,Count Duckula,1988,CountDuckula_201706,Restoration Comedy,"1988, modern television, no licence claimed"
count-duckula-1988,Count Duckula,1988,count-duckula-s01E06-the-mutinous-penguins,The Mutinous Penguins,"1988, modern television, no licence claimed"
count-duckula-1988,Count Duckula,1988,count-duckula-s01E07-dr-von-goosewing-s-invisible-ray,Dr. Von Goosewing's Invisible Ray,"1988, modern television, no licence claimed"
count-duckula-1988,Count Duckula,1988,count-duckula-s01E11-the-ghost-of-mccastle-mcduckula,The Ghost of McCastle McDuckula,"1988, modern television, no licence claimed"
count-duckula-1988,Count Duckula,1988,count-duckula-s01E12-igor-s-busy-day,Igor's Busy Day,"1988, modern television, no licence claimed"
count-duckula-1988,Count Duckula,1988,count-duckula-s01E14-the-vampire-strikes-back,The Vampire Strikes Back,"1988, modern television, no licence claimed"
count-duckula-1988,Count Duckula,1988,count-duckula-s01E17-dear-diary,Dear Diary,"1988, modern television, no licence claimed"
count-duckula-1988,Count Duckula,1988,count-duckula-s01E19-jungle-duck,Jungle Duck,"1988, modern television, no licence claimed"
count-duckula-1988,Count Duckula,1988,count-duckula-s01E25-duck-and-the-broccoli-stalk,Duck and the Broccoli Stalk,"1988, modern television, no licence claimed"
count-duckula-1988,Count Duckula,1988,count-duckula-s01E26-a-family-reunion,A Family Reunion,"1988, modern television, no licence claimed"
count-duckula-1988,Count Duckula,1988,count-duckula-s02E02-ducknapped,Ducknapped,"1988, modern television, no licence claimed"
count-duckula-1988,Count Duckula,1988,count-duckula-s02E12-no-yaks-please-we-re-tibetan,"No Yaks Please, We're Tibetan","1988, modern television, no licence claimed"
count-duckula-1988,Count Duckula,1988,count-duckula-s02E14-mississippi-duck,Mississippi Duck,"1988, modern television, no licence claimed"
count-duckula-1988,Count Duckula,1988,count-duckula-s02E15-amnesiac-duck,Amnesiac Duck,"1988, modern television, no licence claimed"
count-duckula-1988,Count Duckula,1988,count-duckula-s02E18-the-lost-city-of-atlantis,The Lost City of Atlantis,"1988, modern television, no licence claimed"
count-duckula-1988,Count Duckula,1988,count-duckula-s03E01-private-beak,Private Beak,"1988, modern television, no licence claimed"
count-duckula-1988,Count Duckula,1988,count-duckula-s03E02-astro-duck,Astro Duck,"1988, modern television, no licence claimed"
count-duckula-1988,Count Duckula,1988,count-duckula-s03E05-there-are-werewolves-at-the-bottom-of-our-garden,There are Werewolves at the Bottom of Our Garden,"1988, modern television, no licence claimed"
count-duckula-1988,Count Duckula,1988,count-duckula-s03E07-the-great-ducktective,The Great Ductective,"1988, modern television, no licence claimed"
count-duckula-1988,Count Duckula,1988,count-duckula-s03E08-dead-eye-duck,Dead Eye Duck,"1988, modern television, no licence claimed"
count-duckula-1988,Count Duckula,1988,count-duckula-s03E09-the-show-must-go-on,The Show Must Go On,"1988, modern television, no licence claimed"
count-duckula-1988,Count Duckula,1988,count-duckula-s03E10-a-christmas-quacker,A Christmas Quacker,"1988, modern television, no licence claimed"
count-duckula-1988,Count Duckula,1988,count-duckula-s04E01-around-the-world-in-a-total-daze,Around the World in a Total Daze,"1988, modern television, no licence claimed"
count-duckula-1988,Count Duckula,1988,count-duckula-s04E02-manhattan-duck,Manhattan Duck,"1988, modern television, no licence claimed"
count-duckula-1988,Count Duckula,1988,count-duckula-s04E05-venice-a-duck-not-a-duck,Venice a Duck Not a Duck,"1988, modern television, no licence claimed"
count-duckula-1988,Count Duckula,1988,count-duckula-s04E06-a-mountie-always-gets-his-duck,A Mountie Always Gets His Duck,"1988, modern television, no licence claimed"
count-duckula-1988,Count Duckula,1988,count-duckula-s04E07-the-zombie-awakes,The Zombie Awakes,"1988, modern television, no licence claimed"
count-duckula-1988,Count Duckula,1988,videoplayback-3_20250830,Sawdust Ring | Count Duckula Full Episode,"1988, modern television, no licence claimed"
davis-rules-1991,Davis Rules,1991,davisruless02e01sitcom,"They're Writing Songs of Love, But Nun for Me","1991, modern television, no licence claimed"
degrassi-high-1989,Degrassi High,1989,degrassi-high-s-04-e-01-a-new-start-part-1,A New Start: Part 1,"1989, modern television, no licence claimed"
degrassi-high-1989,Degrassi High,1989,degrassi-high-s-04-e-02-a-new-start-part-2,A New Start: Part 2,"1989, modern television, no licence claimed"
degrassi-high-1989,Degrassi High,1989,degrassi-high-s-04-e-03-breaking-up-is-hard-to-do,Breaking Up is Hard to Do,"1989, modern television, no licence claimed"
degrassi-high-1989,Degrassi High,1989,degrassi-high-s-04-e-04-dream-on,Dream On,"1989, modern television, no licence claimed"
degrassi-high-1989,Degrassi High,1989,degrassi-high-s-04-e-05-everybody-wants-something,Everybody Wants Something,"1989, modern television, no licence claimed"
degrassi-high-1989,Degrassi High,1989,degrassi-high-s-04-e-06-nobodys-perfect,Nobody's Perfect,"1989, modern television, no licence claimed"
degrassi-high-1989,Degrassi High,1989,degrassi-high-s-04-e-07-just-friends,Just Friends,"1989, modern television, no licence claimed"
degrassi-high-1989,Degrassi High,1989,degrassi-high-s-04-e-08-little-white-lies,Little White Lies,"1989, modern television, no licence claimed"
degrassi-high-1989,Degrassi High,1989,degrassi-high-s-04-e-11-all-in-a-good-cause,All in a Good Cause,"1989, modern television, no licence claimed"
degrassi-high-1989,Degrassi High,1989,degrassi-high-s-04-e-12-natural-attraction,Natural Attraction,"1989, modern television, no licence claimed"
degrassi-high-1989,Degrassi High,1989,degrassi-high-s-04-e-14-it-creeps,It Creeps!!,"1989, modern television, no licence claimed"
degrassi-high-1989,Degrassi High,1989,degrassi-high-s-04-e-15-stressed-out,Stressed Out,"1989, modern television, no licence claimed"
degrassi-high-1989,Degrassi High,1989,degrassi-high-s-05-e-03-loyalties,Loyalties,"1989, modern television, no licence claimed"
degrassi-high-1989,Degrassi High,1989,degrassi-high-s-05-e-04-a-tangled-web,A Tangled Web,"1989, modern television, no licence claimed"
degrassi-high-1989,Degrassi High,1989,degrassi-high-s-05-e-05-body-politics,Body Politics,"1989, modern television, no licence claimed"
degrassi-high-1989,Degrassi High,1989,degrassi-high-s-05-e-06-crossed-wires,Crossed Wires,"1989, modern television, no licence claimed"
degrassi-high-1989,Degrassi High,1989,degrassi-high-s-05-e-07-the-all-nighter_202209,The All-Nighter,"1989, modern television, no licence claimed"
degrassi-high-1989,Degrassi High,1989,degrassi-high-s-05-e-08-home-sweet-home,Home Sweet Home,"1989, modern television, no licence claimed"
degrassi-high-1989,Degrassi High,1989,degrassi-high-s-05-e-09-extracurricular-activities,Extracurricular Activities,"1989, modern television, no licence claimed"
degrassi-high-1989,Degrassi High,1989,degrassi-high-s-05-e-12-threes-a-crowd,Three's a Crowd,"1989, modern television, no licence claimed"
degrassi-high-1989,Degrassi High,1989,degrassi-high-s-05-e-13-one-last-dance,One Last Dance,"1989, modern television, no licence claimed"
degrassi-high-1989,Degrassi High,1989,degrassi-high-s-04,Degrassi High Season 4,"1989, modern television, no licence claimed"
degrassi-high-1989,Degrassi High,1989,degrassi-high-s-04-e-09-sixteen-part-1,Degrassi High S04E09 - Sixteen,"1989, modern television, no licence claimed"
degrassi-high-1989,Degrassi High,1989,degrassi-high-s-04-e-10-sixteen-part-2,Degrassi High S04E10 - Sixteen,"1989, modern television, no licence claimed"
degrassi-high-1989,Degrassi High,1989,degrassi-high-s-04-e-13-testing-123,Testing 1...2...3,"1989, modern television, no licence claimed"
degrassi-high-1989,Degrassi High,1989,degrassi-high-s-05-e-01-bad-blood-part-1,Degrassi High S05E01 - Bad Blood,"1989, modern television, no licence claimed"
degrassi-high-1989,Degrassi High,1989,degrassi-high-s-05-e-02-bad-blood-part-2,Degrassi High S05E02 - Bad Blood,"1989, modern television, no licence claimed"
degrassi-high-1989,Degrassi High,1989,degrassi-high-s-05-e-10-e-11-showtime-part-1-and-2,Degrassi High S05E10 & S05E11 - Showtime,"1989, modern television, no licence claimed"
degrassi-high-1989,Degrassi High,1989,degrassi-high-s-05,Degrassi High Season 5,"1989, modern television, no licence claimed"
degrassi-jr-high-1987,Degrassi Jr High,1987,degrassi-jr-high-s-01-e-01-kiss-me-steph,"Degrassi Jr High S01E01 - Kiss Me, Steph","1987, modern television, no licence claimed"
degrassi-jr-high-1987,Degrassi Jr High,1987,degrassi-jr-high-s-01-e-02-the-big-dance,Degrassi Jr High S01E02 - The Big Dance,"1987, modern television, no licence claimed"
degrassi-jr-high-1987,Degrassi Jr High,1987,degrassi-jr-high-s-01-e-03-the-experiment,Degrassi Jr High S01E03 - The Experiment,"1987, modern television, no licence claimed"
degrassi-jr-high-1987,Degrassi Jr High,1987,degrassi-jr-high-s-01-e-04-the-cover-up,Degrassi Jr High S01E04 - The Cover Up,"1987, modern television, no licence claimed"
degrassi-jr-high-1987,Degrassi Jr High,1987,degrassi-jr-high-s-01-e-05-the-great-race,Degrassi Jr High S01E05 - The Great Race,"1987, modern television, no licence claimed"
degrassi-jr-high-1987,Degrassi Jr High,1987,degrassi-jr-high-s-01-e-06-rumor-has-it,Degrassi Jr High S01E06 - Rumor Has It,"1987, modern television, no licence claimed"
degrassi-jr-high-1987,Degrassi Jr High,1987,degrassi-jr-high-s-01-e-07-the-best-laid-plans,Degrassi Jr High S01E07 -The Best Laid Plans,"1987, modern television, no licence claimed"
degrassi-jr-high-1987,Degrassi Jr High,1987,degrassi-jr-high-s-01-e-08-nothing-to-fear,Degrassi Jr High S01E08 - Nothing To Fear,"1987, modern television, no licence claimed"
degrassi-jr-high-1987,Degrassi Jr High,1987,degrassi-jr-high-s-01-e-09-what-a-night,Degrassi Jr High S01E09 - What A Night,"1987, modern television, no licence claimed"
degrassi-jr-high-1987,Degrassi Jr High,1987,degrassi-jr-high-s-01-e-10-smokescreen,Degrassi Jr High S01E10 - Smokescreen,"1987, modern television, no licence claimed"
degrassi-jr-high-1987,Degrassi Jr High,1987,degrassi-jr-high-s-01-e-11-its-late,Degrassi Jr High S01E11 - It's Late!,"1987, modern television, no licence claimed"
degrassi-jr-high-1987,Degrassi Jr High,1987,degrassi-jr-high-s-01-e-12-parents-night,Degrassi Jr High S01E12 - Parents' Night,"1987, modern television, no licence claimed"
degrassi-jr-high-1987,Degrassi Jr High,1987,degrassi-jr-high-s-01-e-13-revolution,Degrassi Jr High S01E13 - Revolution,"1987, modern television, no licence claimed"
degrassi-jr-high-1987,Degrassi Jr High,1987,degrassi-jr-high-s-02-e-01-eggbert,Degrassi Jr High S02E01 - Eggbert,"1987, modern television, no licence claimed"
degrassi-jr-high-1987,Degrassi Jr High,1987,degrassi-jr-high-s-02-e-02-a-helping-hand,Degrassi Jr High S02E02 - A Helping Hand,"1987, modern television, no licence claimed"
degrassi-jr-high-1987,Degrassi Jr High,1987,degrassi-jr-high-s-02-e-03-great-expectations,Degrassi Jr High S02E03 - Great Expectations,"1987, modern television, no licence claimed"
degrassi-jr-high-1987,Degrassi Jr High,1987,degrassi-jr-high-s-02-e-04-dinner-and-a-show,Degrassi Jr High S02E04 - Dinner And A Show,"1987, modern television, no licence claimed"
degrassi-jr-high-1987,Degrassi Jr High,1987,degrassi-jr-high-s-02-e-05-stage-fright,Degrassi Jr High S02E05 - Stage Fright,"1987, modern television, no licence claimed"
degrassi-jr-high-1987,Degrassi Jr High,1987,degrassi-jr-high-s-02-e-06-fight,Degrassi Jr High S02E06 - Fight!,"1987, modern television, no licence claimed"
degrassi-jr-high-1987,Degrassi Jr High,1987,degrassi-jr-high-s-02-e-07-bottled-up,Degrassi Jr High S02E07 - Bottled Up,"1987, modern television, no licence claimed"
degrassi-jr-high-1987,Degrassi Jr High,1987,degrassi-jr-high-s-02-e-08-sealed-with-a-kiss,Degrassi Jr High S02E08 - Sealed With A Kiss,"1987, modern television, no licence claimed"
degrassi-jr-high-1987,Degrassi Jr High,1987,degrassi-junior-high-s-02-e-09-dog-days,Degrassi Jr High S02E09 - Dog Days,"1987, modern television, no licence claimed"
degrassi-jr-high-1987,Degrassi Jr High,1987,degrassi-junior-high-s-02-e-10-censored,Degrassi Jr High S02E10 - Censored,"1987, modern television, no licence claimed"
degrassi-jr-high-1987,Degrassi Jr High,1987,degrassi-junior-high-s-02-e-11-trust-me,Degrassi Jr High S02E11 - Trust Me,"1987, modern television, no licence claimed"
degrassi-jr-high-1987,Degrassi Jr High,1987,degrassi-junior-high-s-02-e-12-...-hes-back,Degrassi Jr High S02E12 - ...He's Back,"1987, modern television, no licence claimed"
degrassi-jr-high-1987,Degrassi Jr High,1987,degrassi-junior-high-s-02-e-13-pass-tense,Degrassi Jr High S02E13 - Pass Tense,"1987, modern television, no licence claimed"
degrassi-jr-high-1987,Degrassi Jr High,1987,degrassi-junior-high-s-03-e-01-cant-live-with-em-part-1,Degrassi Jr High S03E01 - Can't Live With 'Em (Part 1),"1987, modern television, no licence claimed"
degrassi-jr-high-1987,Degrassi Jr High,1987,degrassi-junior-high-s-03-e-02-cant-live-with-em-part-2,Degrassi Jr High S03E02 - Can't Live With 'Em (Part 2),"1987, modern television, no licence claimed"
degrassi-jr-high-1987,Degrassi Jr High,1987,degrassi-junior-high-s-03-e-03-a-big-girl-now,Degrassi Jr High S03E03 - A Big Girl Now,"1987, modern television, no licence claimed"
degrassi-jr-high-1987,Degrassi Jr High,1987,degrassi-junior-high-s-03-e-04-seasons-greetings,Degrassi Jr High S03E04 - Season's Greetings,"1987, modern television, no licence claimed"
degrassi-jr-high-1987,Degrassi Jr High,1987,degrassi-junior-high-s-03-e-05-loves-me-loves-me-not,"Degrassi Jr High S03E05 - Loves Me, Loves Me Not","1987, modern television, no licence claimed"
degrassi-jr-high-1987,Degrassi Jr High,1987,degrassi-junior-high-s-03-e-06-he-aint-heavy,Degrassi Jr High S03E06 - He Ain't Heavy,"1987, modern television, no licence claimed"
degrassi-jr-high-1987,Degrassi Jr High,1987,degrassi-junior-high-s-03-e-07-the-whole-truth,Degrassi Jr High S03E07 - The Whole Truth,"1987, modern television, no licence claimed"
degrassi-jr-high-1987,Degrassi Jr High,1987,degrassi-junior-high-s-03-e-08-star-crossed,Degrassi Jr High S03E08 - Star Crossed,"1987, modern television, no licence claimed"
degrassi-jr-high-1987,Degrassi Jr High,1987,degrassi-junior-high-s-03-e-09-food-for-thought,Degrassi Jr High S03E09 - Food For Thought,"1987, modern television, no licence claimed"
degrassi-jr-high-1987,Degrassi Jr High,1987,degrassi-junior-high-s-03-e-10-twenty-bucks,Degrassi Jr High S03E10 - Twenty Bucks,"1987, modern television, no licence claimed"
degrassi-jr-high-1987,Degrassi Jr High,1987,degrassi-junior-high-s-03-e-11-taking-off-part-1,Degrassi Jr High S03E11 - Taking Off (Part 1),"1987, modern television, no licence claimed"
degrassi-jr-high-1987,Degrassi Jr High,1987,degrassi-junior-high-s-03-e-12-taking-off-part-2,Degrassi Jr High S03E12 - Taking Off (Part 2),"1987, modern television, no licence claimed"
degrassi-jr-high-1987,Degrassi Jr High,1987,degrassi-junior-high-s-03-e-13-making-whoopee,Degrassi Jr High S03E13 - Making Whoopee,"1987, modern television, no licence claimed"
degrassi-jr-high-1987,Degrassi Jr High,1987,degrassi-junior-high-s-03-e-14-black-and-white,Degrassi Jr High S03E14 - Black And White,"1987, modern television, no licence claimed"
degrassi-jr-high-1987,Degrassi Jr High,1987,degrassi-junior-high-s-03-e-15-pa-arty,Degrassi Jr High S03E15 - Pa-arty!,"1987, modern television, no licence claimed"
degrassi-jr-high-1987,Degrassi Jr High,1987,degrassi-junior-high-s-03-e-16-bye-bye-junior-high,Degrassi Jr High S03E16 - Bye Bye Junior High,"1987, modern television, no licence claimed"
degrassi-junior-high-1987,Degrassi Junior High,1987,degrassi-jr-high-season-01_202208,The Cover-Up,"1987, modern television, no licence claimed"
degrassi-junior-high-1987,Degrassi Junior High,1987,degrassi-jr-high-s-02,Great Expectations,"1987, modern television, no licence claimed"
degrassi-junior-high-1987,Degrassi Junior High,1987,degrassi-junior-high-season-03,Pa-arty!,"1987, modern television, no licence claimed"
degrassi-junior-high-1987,Degrassi Junior High,1987,degrassi-junior-high-s-03-e-16-bye-bye-junior-high,Bye-Bye Junior High,"1987, modern television, no licence claimed"
depeche-mode-1990,DEPECHE MODE,1990,1992-09-05-mtv1-friss-dm-fekete-unnepej,"DEPECHE MODE - 36 órás rajongói találkozó, HDMFC, PeCsa, 1990 - Bergendy Péter (a Post Mortem rendezőjének) riportfilmje","1990, modern television, no licence claimed"
depeche-mode-1990,DEPECHE MODE,1990,1997RTL2BravoTVPopHistoryNET,DEPECHE MODE - Bravo TV's Pop History segment - RTL 2 × 1997,"1990, modern television, no licence claimed"
depeche-mode-1990,DEPECHE MODE,1990,DM-1993-07-20-napkozi-tv1-hu,DEPECHE MODE - Hangos jegyzet a DM-ről + verőcemarosi riport a rajongókról - TV1 × 1993,"1990, modern television, no licence claimed"
designing-women-1986,Designing Women,1986,designing-women-S01E01,Designing Women,"1986, modern television, no licence claimed"
designing-women-1986,Designing Women,1986,designing-women-S01E02,The Beauty Contest,"1986, modern television, no licence claimed"
designing-women-1986,Designing Women,1986,designing-women-S01E03,A Big Affair,"1986, modern television, no licence claimed"
designing-women-1986,Designing Women,1986,designing-women-S01E04,Julia's Son,"1986, modern television, no licence claimed"
designing-women-1986,Designing Women,1986,designing-women-S01E05,Mary Jo's First Date,"1986, modern television, no licence claimed"
designing-women-1986,Designing Women,1986,designing-women-S01E06,Design House,"1986, modern television, no licence claimed"
designing-women-1986,Designing Women,1986,designing-women-S01E07,Perky's Visit,"1986, modern television, no licence claimed"
designing-women-1986,Designing Women,1986,designing-women-S01E08,"I Do, I Don't","1986, modern television, no licence claimed"
designing-women-1986,Designing Women,1986,designing-women-S01E09,The IT Men,"1986, modern television, no licence claimed"
designing-women-1986,Designing Women,1986,designing-women-S01E10,The Slumber Party,"1986, modern television, no licence claimed"
designing-women-1986,Designing Women,1986,designing-women-S01E11,New Year's Daze,"1986, modern television, no licence claimed"
designing-women-1986,Designing Women,1986,designing-women-s01e12e13,Old Spouses Never Die (1),"1986, modern television, no licence claimed"
designing-women-1986,Designing Women,1986,designing-women-S01E14,Monette,"1986, modern television, no licence claimed"
designing-women-1986,Designing Women,1986,designing-women-S01E15,And Justice for Paul,"1986, modern television, no licence claimed"
designing-women-1986,Designing Women,1986,designing-women-S01E16,Reese's Friend,"1986, modern television, no licence claimed"
designing-women-1986,Designing Women,1986,designing-women-S01E17,Nashville Bound,"1986, modern television, no licence claimed"
designing-women-1986,Designing Women,1986,designing-women-S01E18,"Oh, Suzannah","1986, modern television, no licence claimed"
designing-women-1986,Designing Women,1986,designing-women-S01E19,Mary Jo's Dad Dates Charlene,"1986, modern television, no licence claimed"
designing-women-1986,Designing Women,1986,designing-women-S01E20,Seams from a Marriage,"1986, modern television, no licence claimed"
designing-women-1986,Designing Women,1986,designing-women-s01e21,"Grand Slam, Thank You Ma'am","1986, modern television, no licence claimed"
designing-women-1986,Designing Women,1986,designing-women-S01E22,Bachelor Suite,"1986, modern television, no licence claimed"
die-harald-smidt-show-1995,Die Harald Smidt Show,1995,32552398,Die Harald Schmidt Show,"1995, modern television; uploader licence claim http://creativecommons.org/publicdomain/zero/1.0/ does not rescue it"
die-harald-smidt-show-1995,Die Harald Smidt Show,1995,85767493,Die Harald Schmidt Show,"1995, modern television; uploader licence claim http://creativecommons.org/publicdomain/zero/1.0/ does not rescue it"
die-harald-smidt-show-1995,Die Harald Smidt Show,1995,85487166,Die Harald Schmidt Show,"1995, modern television; uploader licence claim http://creativecommons.org/publicdomain/zero/1.0/ does not rescue it"
die-harald-smidt-show-1995,Die Harald Smidt Show,1995,87577577,Die Harald Schmidt Show,"1995, modern television; uploader licence claim http://creativecommons.org/publicdomain/zero/1.0/ does not rescue it"
die-harald-smidt-show-1995,Die Harald Smidt Show,1995,94223842,Die Harald Schmidt Show - 1996,"1995, modern television; uploader licence claim http://creativecommons.org/publicdomain/zero/1.0/ does not rescue it"
disney-family-album-1984,Disney Family Album,1984,disney-family-album-14-the-golden-horseshoe-revue,The Golden Horseshoe Revue,"1984, modern television, no licence claimed"
disney-family-album-1984,Disney Family Album,1984,disney-family-album-17-marc-davis,Marc Davis,"1984, modern television, no licence claimed"
disney-family-album-1984,Disney Family Album,1984,disney-family-album-18-true-life-adventures,Disney Family Album: True Life Adventures,"1984, modern television, no licence claimed"
don-kirshner-2022,Don Kirshner,2022,don-kirshners-rock-concert-may-26-1979,"Don Kirshner's Rock Concert (May 26, 1979)","2022, modern television, no licence claimed"
don-kirshner-2022,Don Kirshner,2022,don-kirshners-rock-concert-september-15-1979-7th-season-premiere,"Don Kirshner's Rock Concert (September 15, 1979)","2022, modern television, no licence claimed"
don-kirshner-2022,Don Kirshner,2022,don-kirshners-rock-concert-february-6-1982-partial,"Don Kirshner's Rock Concert- February 6, 1982 (partial)","2022, modern television, no licence claimed"
doogie-howser-md-1989,"Doogie Howser, M.D",1989,doogie-howser-m.d.-season-1-of-4-xvid-avi,"Doogie Howser, M.D. - Season 1 of 4 - XviD AVI","1989, modern television, no licence claimed"
doogie-howser-md-1989,"Doogie Howser, M.D",1989,doogie-howser-m.d.-season-2-of-4-xvid-avi,"Doogie Howser, M.D. - Season 2 of 4 - XviD AVI","1989, modern television, no licence claimed"
doogie-howser-md-1989,"Doogie Howser, M.D",1989,doogie-howser-m.d.-season-3-of-4-xvid-avi,"Doogie Howser, M.D. - Season 3 of 4 - XviD AVI","1989, modern television, no licence claimed"
doogie-howser-md-1989,"Doogie Howser, M.D",1989,doogie-howser-m.d.-season-4-of-4-xvid-avi,"Doogie Howser, M.D. - Season 4 of 4 - XviD AVI","1989, modern television, no licence claimed"
double-trouble-1984,Double Trouble,1984,DoubleTroubleS1E4BadChemistry,Bad Chemistry,"1984, modern television, no licence claimed"
double-trouble-1984,Double Trouble,1984,DoubleTroubleSeason1Episode5DuelingFeet1,Dueling Feet,"1984, modern television, no licence claimed"
double-trouble-1984,Double Trouble,1984,doubletroublefunnygirls2e13partialconvertvideoonline.com,Funny Girl,"1984, modern television, no licence claimed"
eastenders-1985,EastEnders,1985,east-enders-episode-1168-8-august-1995_202403,EastEnders: Episode 1168,"1985, modern television, no licence claimed"
eastenders-1985,EastEnders,1985,east-enders-episode-1171-15-august-1995_202403,EastEnders: Episode 1171,"1985, modern television, no licence claimed"
eastenders-1985,EastEnders,1985,east-enders-episode-1246-5-february-1996_202403,EastEnders: Episode 1246,"1985, modern television, no licence claimed"
eastenders-1985,EastEnders,1985,east-enders-episode-1254-22-february-1996_202403,EastEnders: Episode 1254,"1985, modern television, no licence claimed"
eastenders-1985,EastEnders,1985,east-enders-episode-945-17-february-1994_202403,EastEnders: Episode 945,"1985, modern television, no licence claimed"
eastenders-1985,EastEnders,1985,east-enders-episode-962-14-april-1994_202403,EastEnders: Episode 962,"1985, modern television, no licence claimed"
eastenders-1985,EastEnders,1985,EastEnders1987Episode,EastEnders,"1985, modern television, no licence claimed"
el-palacio-de-la-risa-1994,El Palacio de la Risa,1994,el-palacio-de-la-risa-1994-1080p,El Palacio de la Risa (1994) [1080p],"1994, modern television, no licence claimed"
el-palacio-de-la-risa-1994,El Palacio de la Risa,1994,el-palacio-de-la-risa-1996-1080p,El Palacio de la Risa (1996) [1080p],"1994, modern television, no licence claimed"
el-palacio-de-la-risa-1994,El Palacio de la Risa,1994,el-palacio-de-la-risa-horacio-massaccesi-1995-1080p,El Palacio de la Risa - Horacio Massaccesi (1995) [1080p],"1994, modern television, no licence claimed"
electric-avenue-1988,Electric Avenue,1988,Electric.Avenue.S01E01,Electric Avenue S01E01,"1988, modern television, no licence claimed"
electric-avenue-1988,Electric Avenue,1988,Electric.Avenue.S01E02,Electric Avenue S01E02,"1988, modern television, no licence claimed"
electric-avenue-1988,Electric Avenue,1988,Electric.Avenue.S01E03,Electric Avenue S01E03,"1988, modern television, no licence claimed"
electric-avenue-1988,Electric Avenue,1988,Electric.Avenue.S01E04,Electric Avenue S01E04,"1988, modern television, no licence claimed"
electric-avenue-1988,Electric Avenue,1988,Electric.Avenue.S01E05,Electric Avenue S01E05,"1988, modern television, no licence claimed"
electric-avenue-1988,Electric Avenue,1988,Electric.Avenue.S01E06,Electric Avenue S01E06,"1988, modern television, no licence claimed"
electric-avenue-1988,Electric Avenue,1988,Electric.Avenue.S01E07,Electric Avenue S01E07,"1988, modern television, no licence claimed"
electric-avenue-1988,Electric Avenue,1988,Electric.Avenue.S01E08,Electric Avenue S01E08,"1988, modern television, no licence claimed"
electric-avenue-1988,Electric Avenue,1988,Electric.Avenue.S01E09,Electric Avenue S01E09,"1988, modern television, no licence claimed"
electric-avenue-1988,Electric Avenue,1988,Electric.Avenue.S01E10,Electric Avenue S01E10,"1988, modern television, no licence claimed"
everybody-loves-raymond-1996,Everybody Loves Raymond,1996,everybody-loves-raymond-s-01-e-01-pilot-theatical-version,Pilot,"1996, modern television, no licence claimed"
everybody-loves-raymond-1996,Everybody Loves Raymond,1996,everybody-loves-raymond-s01e01-pilot,Pilot,"1996, modern television, no licence claimed"
everybody-loves-raymond-1996,Everybody Loves Raymond,1996,everybody-loves-raymond-complete-series_202512,Italy,"1996, modern television, no licence claimed"
everybody-loves-raymond-1996,Everybody Loves Raymond,1996,everybody-loves-raymond-complete-series_202601,Italy (2),"1996, modern television, no licence claimed"
everybody-loves-raymond-1996,Everybody Loves Raymond,1996,everybody-loves-raymond-complete-series_20251121_0430,Everybody Loves Raymond,"1996, modern television, no licence claimed"
everybody-loves-raymond-1996,Everybody Loves Raymond,1996,img-0252_202306,Everybody Loves Raymond - Fighting In-Laws Clips,"1996, modern television, no licence claimed"
eye-on-la-1986,Eye on L.A,1986,eye-on-la-all-lies-1986,Eye On L.A. - Chuck Henry,"1986, modern television, no licence claimed"
eye-on-la-1986,Eye on L.A,1986,eye-on-l.-a.-aussie-endless-summer,Eye on L.A. - Aussie Endless Summer,"1986, modern television, no licence claimed"
eye-on-la-1986,Eye on L.A,1986,eye-on-l.-a.-california-wet-and-wild,Eye on L.A. - California Wet and Wild,"1986, modern television, no licence claimed"
eye-on-la-1986,Eye on L.A,1986,eye-on-l.-a.-europes-forbidden-pleasures,Eye on L.A. - Europe’s Forbidden Pleasures,"1986, modern television, no licence claimed"
eye-on-la-1986,Eye on L.A,1986,eye-on-l.-a.-eye-on-l.-a.-magazine,Eye on L.A. - Eye on L.A. Magazine,"1986, modern television, no licence claimed"
eye-on-la-1986,Eye on L.A,1986,eye-on-l.-a.-eye-on-a-lei,Eye on L.A. - Eye on a Lei,"1986, modern television, no licence claimed"
eye-on-la-1986,Eye on L.A,1986,eye-on-l.-a.-fantasy-islands-hong-kong,Eye on L.A. - Fantasy Islands: Hong Kong,"1986, modern television, no licence claimed"
eye-on-la-1986,Eye on L.A,1986,eye-on-l.-a.-new-orleans,Eye on L.A. - New Orleans,"1986, modern television, no licence claimed"
eye-on-la-1986,Eye on L.A,1986,eye-on-l.-a.-spa-squad,Eye on L.A. - Spa Squad,"1986, modern television, no licence claimed"
eye-on-la-1986,Eye on L.A,1986,eye-on-l.-a.-surfing-the-ultimate-pleasure,Eye on L.A. - Surfing: The Ultimate Pleasure,"1986, modern television, no licence claimed"
eye-on-la-1986,Eye on L.A,1986,eye-on-l.-a.-topless-arizona,Eye on L.A. - Topless Arizona,"1986, modern television, no licence claimed"
eye-on-la-1986,Eye on L.A,1986,eye-on-l.-a.-topless-paris,Eye on L.A. - Topless Paris,"1986, modern television, no licence claimed"
eye-on-la-1986,Eye on L.A,1986,eye-on-l.-a.-topless-riviera,Eye on L.A. - Topless Riviera,"1986, modern television, no licence claimed"
farscape-1999,Farscape,1999,farscape-s-01-e-01-premiere-march-19-1999-australia-and-united-states-premiere-episode,Premiere,"1999, modern television; uploader licence claim https://creativecommons.org/publicdomain/zero/1.0/ does not rescue it"
farscape-1999,Farscape,1999,farscape-s-01-e-02-i-e.-t.-april-30-1999-australia-and-united-states_202602,Back and Back and Back to the Future,"1999, modern television; uploader licence claim https://creativecommons.org/publicdomain/zero/1.0/ does not rescue it"
farscape-1999,Farscape,1999,farscape-s-01-e-03-exodus-from-genesis-may-14-1999-australia-and-united-states_202602,Throne for a Loss,"1999, modern television; uploader licence claim https://creativecommons.org/publicdomain/zero/1.0/ does not rescue it"
farscape-1999,Farscape,1999,farscape-s-01-e-04-throne-for-a-loss-april-9-1999-australia-and-united-states_202602,PK Tech Girl,"1999, modern television; uploader licence claim https://creativecommons.org/publicdomain/zero/1.0/ does not rescue it"
farscape-1999,Farscape,1999,farscape-s-01-e-16-a-human-reaction-august-20-1999-australia-and-united-states,A Human Reaction,"1999, modern television; uploader licence claim https://creativecommons.org/publicdomain/zero/1.0/ does not rescue it"
farscape-1999,Farscape,1999,farscape-s-02,Home on the Remains,"1999, modern television, no licence claimed"
farscape-1999,Farscape,1999,farscape-s-03-,Infinite Possibilities Part II: Icarus Abides,"1999, modern television, no licence claimed"
farscape-1999,Farscape,1999,farscape-s-04,Natural Election,"1999, modern television, no licence claimed"
fit-for-tv-the-reality-of-the-biggest-loser-2025,Fit for TV: The Reality of the Biggest Loser,2025,s-01-e-01-the-accident,Winning the Lottery,"2025, modern television, no licence claimed"
fit-for-tv-the-reality-of-the-biggest-loser-2025,Fit for TV: The Reality of the Biggest Loser,2025,s-01-e-02-the-cut,Hunger Games,"2025, modern television, no licence claimed"
fit-for-tv-the-reality-of-the-biggest-loser-2025,Fit for TV: The Reality of the Biggest Loser,2025,s-01-e-03-the-boy,Tipping the Scales,"2025, modern television, no licence claimed"
fit-for-tv-the-reality-of-the-biggest-loser-2025,Fit for TV: The Reality of the Biggest Loser,2025,s-01-e-04-the-girl,The Flower of Gloster 1967 S01E04 The Girl,"2025, modern television, no licence claimed"
fit-for-tv-the-reality-of-the-biggest-loser-2025,Fit for TV: The Reality of the Biggest Loser,2025,s-01-e-05-betton-woods,The Flower of Gloster 1967 S01E05 Betton Woods,"2025, modern television, no licence claimed"
fit-for-tv-the-reality-of-the-biggest-loser-2025,Fit for TV: The Reality of the Biggest Loser,2025,s-01-e-06-the-dog,The Flower of Gloster 1967 S01E06 The Dog,"2025, modern television, no licence claimed"
fit-for-tv-the-reality-of-the-biggest-loser-2025,Fit for TV: The Reality of the Biggest Loser,2025,s-01-e-07-lost,The Flower of Gloster 1967 S01E07 Lost,"2025, modern television, no licence claimed"
fit-for-tv-the-reality-of-the-biggest-loser-2025,Fit for TV: The Reality of the Biggest Loser,2025,s-01-e-08-the-city,The Flower of Gloster 1967 S01E08 The City,"2025, modern television, no licence claimed"
fit-for-tv-the-reality-of-the-biggest-loser-2025,Fit for TV: The Reality of the Biggest Loser,2025,s-01-e-09-life-and-death,The Flower of Gloster 1967 S01E09 Life and Death,"2025, modern television, no licence claimed"
fit-for-tv-the-reality-of-the-biggest-loser-2025,Fit for TV: The Reality of the Biggest Loser,2025,s-01-e-10-the-tunnel,The Flower of Gloster 1967 S01E10 The Tunnel,"2025, modern television, no licence claimed"
fit-for-tv-the-reality-of-the-biggest-loser-2025,Fit for TV: The Reality of the Biggest Loser,2025,s-01-e-11-the-deadline,The Flower of Gloster 1967 S01E11 The Deadline,"2025, modern television, no licence claimed"
fit-for-tv-the-reality-of-the-biggest-loser-2025,Fit for TV: The Reality of the Biggest Loser,2025,s-01-e-12-the-hitch,The Flower of Gloster 1967 S01E12 The Hitch,"2025, modern television, no licence claimed"
fit-for-tv-the-reality-of-the-biggest-loser-2025,Fit for TV: The Reality of the Biggest Loser,2025,s-01-e-13-late,The Flower of Gloster 1967 S01E13 Late,"2025, modern television, no licence claimed"
fly-by-night-1991,Fly by Night,1991,fly-by-night-04,"Bing, Bang, Boom","1991, modern television, no licence claimed"
fly-by-night-1991,Fly by Night,1991,fly-by-night-06,Affaire de Coeur,"1991, modern television, no licence claimed"
fly-by-night-1991,Fly by Night,1991,fly-by-night-07,Include Me Out,"1991, modern television, no licence claimed"
fly-by-night-1991,Fly by Night,1991,fly-by-night-11,Furs Flying,"1991, modern television, no licence claimed"
fly-by-night-1991,Fly by Night,1991,fly-by-night-13,Manhunt,"1991, modern television, no licence claimed"
fly-by-night-1991,Fly by Night,1991,fly-by-night-08,Fly by Night - 08: From Bad to Worse,"1991, modern television, no licence claimed"
for-all-practical-purposes-1985,For All Practical Purposes,1985,for-all-practical-purposes-02,For All Practical Purposes - 02: Moving Picture Show,"1985, modern television, no licence claimed"
for-all-practical-purposes-1985,For All Practical Purposes,1985,for-all-practical-purposes-03,For All Practical Purposes - 03: Creating a Code,"1985, modern television, no licence claimed"
for-all-practical-purposes-1985,For All Practical Purposes,1985,for-all-practical-purposes-05,For All Practical Purposes - 05: Rules of the Game,"1985, modern television, no licence claimed"
for-all-practical-purposes-1985,For All Practical Purposes,1985,for-all-practical-purposes-06,For All Practical Purposes - 06: Computer Science - Overview,"1985, modern television, no licence claimed"
for-all-practical-purposes-1985,For All Practical Purposes,1985,for-all-practical-purposes-07,For All Practical Purposes - 07: It Started in Greece,"1985, modern television, no licence claimed"
for-all-practical-purposes-1985,For All Practical Purposes,1985,for-all-practical-purposes-08,For All Practical Purposes - 08: Stand Up Conic,"1985, modern television, no licence claimed"
for-all-practical-purposes-1985,For All Practical Purposes,1985,for-all-practical-purposes-09,For All Practical Purposes - 09: It Grows and Grows,"1985, modern television, no licence claimed"
for-all-practical-purposes-1985,For All Practical Purposes,1985,for-all-practical-purposes-10,For All Practical Purposes - 10: How Big is Too Big,"1985, modern television, no licence claimed"
for-all-practical-purposes-1985,For All Practical Purposes,1985,for-all-practical-purposes-11,For All Practical Purposes - 11: On Size and Shape - Overview,"1985, modern television, no licence claimed"
for-all-practical-purposes-1985,For All Practical Purposes,1985,for-all-practical-purposes-14,For All Practical Purposes - 14: More Equal than Others,"1985, modern television, no licence claimed"
for-all-practical-purposes-1985,For All Practical Purposes,1985,for-all-practical-purposes-15,For All Practical Purposes - 15: The Impossible Dream,"1985, modern television, no licence claimed"
for-all-practical-purposes-1985,For All Practical Purposes,1985,for-all-practical-purposes-16,For All Practical Purposes - 16: Social Choice - Overview,"1985, modern television, no licence claimed"
for-all-practical-purposes-1985,For All Practical Purposes,1985,for-all-practical-purposes-17,For All Practical Purposes - 17: Confident Conclusions,"1985, modern television, no licence claimed"
for-all-practical-purposes-1985,For All Practical Purposes,1985,for-all-practical-purposes-18,For All Practical Purposes - 18: Place Your Bets,"1985, modern television, no licence claimed"
for-all-practical-purposes-1985,For All Practical Purposes,1985,for-all-practical-purposes-19,For All Practical Purposes - 19: Picture This,"1985, modern television, no licence claimed"
for-all-practical-purposes-1985,For All Practical Purposes,1985,for-all-practical-purposes-20,For All Practical Purposes - 20: Behind the Headlines,"1985, modern television, no licence claimed"
for-all-practical-purposes-1985,For All Practical Purposes,1985,for-all-practical-purposes-21,For All Practical Purposes - 21: Statistics - Overview,"1985, modern television, no licence claimed"
for-all-practical-purposes-1985,For All Practical Purposes,1985,for-all-practical-purposes-22,For All Practical Purposes - 22: Juicy Problems,"1985, modern television, no licence claimed"
for-all-practical-purposes-1985,For All Practical Purposes,1985,for-all-practical-purposes-23,For All Practical Purposes - 23: Juggling Machines,"1985, modern television, no licence claimed"
for-all-practical-purposes-1985,For All Practical Purposes,1985,for-all-practical-purposes-25,For All Practical Purposes - 25: Street Smarts,"1985, modern television, no licence claimed"
freddy-s-nightmares-1988,Freddy's Nightmares,1988,freddys-nightmares-complete-tv-series,School Daze,"1988, modern television, no licence claimed"
freddy-s-nightmares-1988,Freddy's Nightmares,1988,Freddy.s.Nightmares.1x01.No.More.Mr.Nice.Guy,Freddy's Nightmares 1x01 No More Mr. Nice Guy,"1988, modern television; uploader licence claim https://creativecommons.org/licenses/by-nc-nd/4.0/ does not rescue it"
freddy-s-nightmares-1988,Freddy's Nightmares,1988,Freddy.s.Nightmares.1x02.It.s.a.Miserable.Life,Freddy's Nightmares 1x02 It's a Miserable Life,"1988, modern television; uploader licence claim https://creativecommons.org/licenses/by-nc-nd/4.0/ does not rescue it"
freddy-s-nightmares-1988,Freddy's Nightmares,1988,Freddy.s.Nightmares.1x03.Killer.Instinct,Freddy's Nightmares 1x03 Killer Instinct,"1988, modern television; uploader licence claim https://creativecommons.org/licenses/by-nc-nd/4.0/ does not rescue it"
freddy-s-nightmares-1988,Freddy's Nightmares,1988,Freddy.s.Nightmares.1x04.Freddy.s.Tricks.and.Treats,Freddy's Nightmares 1x04 Freddy's Tricks and Treats,"1988, modern television; uploader licence claim https://creativecommons.org/licenses/by-nc-nd/4.0/ does not rescue it"
freddy-s-nightmares-1988,Freddy's Nightmares,1988,Freddy.s.Nightmares.1x05.Judy.Miller.Come.On.Down,Freddy's Nightmares 1x05 Judy Miller Come On Down,"1988, modern television; uploader licence claim https://creativecommons.org/licenses/by-nc-nd/4.0/ does not rescue it"
freddy-s-nightmares-1988,Freddy's Nightmares,1988,Freddy.s.Nightmares.1x06.Saturday.Night.Special,Freddy's Nightmares 1x06 Saturday Night Special,"1988, modern television; uploader licence claim https://creativecommons.org/licenses/by-nc-nd/4.0/ does not rescue it"
freddy-s-nightmares-1988,Freddy's Nightmares,1988,Freddy.s.Nightmares.01x07.Sister.s.Keeper,Freddy's Nightmares 1x07 Sister's Keeper,"1988, modern television; uploader licence claim https://creativecommons.org/licenses/by-nc-nd/4.0/ does not rescue it"
freddy-s-nightmares-1988,Freddy's Nightmares,1988,Freddy.s.Nightmares.1x08.Mother.s.Day,Freddy's Nightmares 1x08 Mother's Day,"1988, modern television; uploader licence claim https://creativecommons.org/licenses/by-nc-nd/4.0/ does not rescue it"
freddy-s-nightmares-1988,Freddy's Nightmares,1988,Freddy.s.Nightmares.1x09.Rebel.Without.a.Car,Freddy's Nightmares 1x09 Rebel Without a Car,"1988, modern television; uploader licence claim https://creativecommons.org/licenses/by-nc-nd/4.0/ does not rescue it"
freddy-s-nightmares-1988,Freddy's Nightmares,1988,Freddy.s.Nightmares.1x10.The.Bride.Wore.Red,Freddy's Nightmares 1x10 The Bride Wore Red,"1988, modern television; uploader licence claim https://creativecommons.org/licenses/by-nc-nd/4.0/ does not rescue it"
fries-with-that-2004,Fries with That?,2004,FriesWithThatYTV,Love and War,"2004, modern television, no licence claimed"
fries-with-that-2004,Fries with That?,2004,fries-with-that,"Shake, Cattle and Roll","2004, modern television, no licence claimed"
fries-with-that-2004,Fries with That?,2004,youtube-3YzxaKPiBSg,Youtube: 3YzxaKPiBSg - Fries With That? 1-01 The Expendables,"2004, modern television, no licence claimed"
fries-with-that-2004,Fries with That?,2004,youtube-69n_-sxsZ9A,Youtube: 69n -sxsZ9A - Fries With That? 1-02 Metal Mouth,"2004, modern television, no licence claimed"
fries-with-that-2004,Fries with That?,2004,youtube-jLCNAO3hYUg,Youtube: jLCNAO3hYUg - Fries With That? 1-12 Curse of the Tess People,"2004, modern television, no licence claimed"
fries-with-that-2004,Fries with That?,2004,youtube-u9D8sMI4U5g,Youtube: u9D8sMI4U5g - Fries With That? 1-18 The Cold Shoulder,"2004, modern television, no licence claimed"
game-of-thrones-inside-the-episode-2019,Game of Thrones: Inside the Episode,2019,EpisodeOfTheDinahShoreShowFrom1956,"Episode of ""The Dinah Shore Show"" from 1956","2019, modern television; uploader licence claim http://creativecommons.org/licenses/publicdomain/ does not rescue it"
game-of-thrones-inside-the-episode-2019,Game of Thrones: Inside the Episode,2019,georgeburnsandgracieallen,"Episode of ""The George Burns and Gracie Allen Show""","2019, modern television, no licence claimed"
game-of-thrones-inside-the-episode-2019,Game of Thrones: Inside the Episode,2019,Quick-as-a-flash,Episode of 'Quick as a Flash' from 1952,"2019, modern television; uploader licence claim http://creativecommons.org/licenses/publicdomain/ does not rescue it"
gamebros-2018,Gamebros,2018,game-pro-tv-season-1-episode-1-1991-full-episode,@ursinho,"2018, modern television, no licence claimed"
gamebros-2018,Gamebros,2018,game-pro-tv-season-1-episode-2-1991-full-episode,#picoftheday,"2018, modern television, no licence claimed"
gamebros-2018,Gamebros,2018,game-pro-tv-season-1-episode-3-1991-full-episode,#DiaDasCrianças,"2018, modern television, no licence claimed"
gamebros-2018,Gamebros,2018,game-pro-tv-season-1-episode-4-1991-full-episode,@marrento1993,"2018, modern television, no licence claimed"
gamebros-2018,Gamebros,2018,game-pro-tv-season-1-episode-5-1991-full-episode,#Armando_O_Fim,"2018, modern television, no licence claimed"
gamebros-2018,Gamebros,2018,game-pro-tv-season-1-episode-6-1991-full-episode,#tbt,"2018, modern television, no licence claimed"
gamebros-2018,Gamebros,2018,game-pro-tv-season-1-episode-7-1992-full-episode,GamePro TV Season 1 Episode 7 FULL EPISODE,"2018, modern television, no licence claimed"
gamebros-2018,Gamebros,2018,game-pro-tv-season-1-episode-8-1992-full-episode,GamePro TV Season 1 Episode 8 FULL EPISODE,"2018, modern television, no licence claimed"
gamebros-2018,Gamebros,2018,game-pro-tv-season-1-episode-9-1992-full-episode,GamePro TV Season 1 Episode 9 FULL EPISODE,"2018, modern television, no licence claimed"
gamebros-2018,Gamebros,2018,game-pro-tv-season-1-episode-10-1991-full-episode,GamePro TV Season 1 Episode 10 FULL EPISODE,"2018, modern television, no licence claimed"
gamebros-2018,Gamebros,2018,game-pro-tv-season-1-episode-11-1991-full-episode,GamePro TV Season 1 Episode 11 FULL EPISODE,"2018, modern television, no licence claimed"
gamebros-2018,Gamebros,2018,game-pro-tv-season-1-episode-12-1991-full-episode,GamePro TV Season 1 Episode 12 FULL EPISODE,"2018, modern television, no licence claimed"
gamebros-2018,Gamebros,2018,game-pro-tv-episode-13-1992-1st-annual-game-pro-awards,GamePro TV Episode 13 1st Annual Game Pro Awards,"2018, modern television, no licence claimed"
gamebros-2018,Gamebros,2018,game-pro-tv-episode-14-1992-full-episode,GamePro TV Episode 14 FULL EPISODE,"2018, modern television, no licence claimed"
gamebros-2018,Gamebros,2018,game-pro-tv-episode-15-1992-full-episode,GamePro TV Episode 15 FULL EPISODE,"2018, modern television, no licence claimed"
gamebros-2018,Gamebros,2018,game-pro-tv-episode-16-1992-full-episode,GamePro TV Episode 16 FULL EPISODE,"2018, modern television, no licence claimed"
gamebros-2018,Gamebros,2018,game-pro-tv-episode-17-1992-full-episode,GamePro TV Episode 17 FULL EPISODE,"2018, modern television, no licence claimed"
gamebros-2018,Gamebros,2018,game-pro-tv-episode-18-1992-full-episode,GamePro TV Episode 18 FULL EPISODE,"2018, modern television, no licence claimed"
gamebros-2018,Gamebros,2018,game-pro-tv-episode-19-1992-full-episode,GamePro TV Episode 19 FULL EPISODE,"2018, modern television, no licence claimed"
gamebros-2018,Gamebros,2018,game-pro-tv-episode-20-1992-full-episode-final,GamePro TV Episode 20 FULL EPISODE,"2018, modern television, no licence claimed"
gamecenter-cx-2003,GameCenter CX,2003,b526f13710ceb178d7de973c35b4bafd,ActRaiser,"2003, modern television, no licence claimed"
gamecenter-cx-2003,GameCenter CX,2003,4fb26ab55182d6d5c52f9f58eaf8c1e3,Super Mario 64 (1),"2003, modern television, no licence claimed"
gamecenter-cx-2003,GameCenter CX,2003,9eb9b8e15d2ed10768dbad521851f7cb,Super Mario 64 (2),"2003, modern television, no licence claimed"
gamecenter-cx-2003,GameCenter CX,2003,b4a458293d1e61d09f23e0bcf8aed4f6,Ninja Ryukenden (Ninja Gaiden),"2003, modern television, no licence claimed"
gamecenter-cx-2003,GameCenter CX,2003,e4c96f04fafac6f2a88b986369bfae50,Septentrion (SOS),"2003, modern television, no licence claimed"
gamecenter-cx-2003,GameCenter CX,2003,4dcf2e9e2df62be35a25701053fa4937,Rockman (Mega Man),"2003, modern television, no licence claimed"
gamecenter-cx-2003,GameCenter CX,2003,5564c1bd58a51f6a536cf96b90bd99ea,The Kacho Goes to the Cannes Film Festival,"2003, modern television, no licence claimed"
gamecenter-cx-2003,GameCenter CX,2003,f7d82364f4f9baac3d0e2aafc7e18b6d,Abarenbou Tengu (Zombie Nation),"2003, modern television, no licence claimed"
gamesmaster-1992,GamesMaster,1992,gamesmaster_s04e06,Andy Townsend & Vinnie Jones,"1992, modern television, no licence claimed"
gamesmaster-1992,GamesMaster,1992,gamesmaster_s04e07,Kasey Keller & Andy Townsend,"1992, modern television, no licence claimed"
gamesmaster-1992,GamesMaster,1992,gamesmaster_s04e08,Camilla Power & Ian Kelsey,"1992, modern television, no licence claimed"
gamesmaster-1992,GamesMaster,1992,gamesmaster_s04e09,Rupert Moon & Dewi Morris,"1992, modern television, no licence claimed"
gamesmaster-1992,GamesMaster,1992,GamesmasterS4E18GamesmasterGoreSpecialRetailVersion,GamesMaster Gore Special,"1992, modern television, no licence claimed"
gamesmaster-1992,GamesMaster,1992,gamesmaster_s06e01,Samantha Fox,"1992, modern television, no licence claimed"
gamesmaster-1992,GamesMaster,1992,gamesmaster_s07e06,All Saints,"1992, modern television, no licence claimed"
gamesmaster-1992,GamesMaster,1992,gamesmaster_s07e07,Carryl Varley & Sarah Vandenbergh,"1992, modern television, no licence claimed"
get-a-life-1990,Get a Life,1990,get-a-life_202510,Dadicus,"1990, modern television, no licence claimed"
get-a-life-1990,Get a Life,1990,the-walking-dead-of-life-s01e07,Drivers License,"1990, modern television, no licence claimed"
get-a-life-1990,Get a Life,1990,get-a-life-sitcom,Chris vs. Donald,"1990, modern television, no licence claimed"
ghostly-encounters-2005,Ghostly Encounters,2005,encounters-04,Encounters - 04: The Earthquake Sensitive,"2005, modern television, no licence claimed"
ghostly-encounters-2005,Ghostly Encounters,2005,encounters-06,Encounters - 06: Mars Formations,"2005, modern television, no licence claimed"
ghostly-encounters-2005,Ghostly Encounters,2005,encounters-07,Encounters - 07: Bigfoot,"2005, modern television, no licence claimed"
ghostly-encounters-2005,Ghostly Encounters,2005,encounters-08,Encounters - 08: Mars Wants Marilyn,"2005, modern television, no licence claimed"
gma-network-news-1996,GMA Network News,1996,GMANetworkNewsAPECPhilippines1996,"GMA Network News - APEC Philippines 1996, Full Broadcast - November 25, 1996","1996, modern television, no licence claimed"
gma-network-news-1996,GMA Network News,1996,GMANetworkNewsMiriamQuiambaoMissU1999,GMA Network News - Miriam Quiambao 1st Runner-up Miss Universe 1999,"1996, modern television, no licence claimed"
gma-network-news-1996,GMA Network News,1996,GMANetworkNews1998PhilippineCentennialCelebrations,"GMA Network News - Philippine Centennial Celebrations - June 12, 1998","1996, modern television, no licence claimed"
gma-network-news-1996,GMA Network News,1996,gmanetworknews08031999,"GMA Network News - Typhoon Ising; State of Calamity - August 03, 1999","1996, modern television, no licence claimed"
grange-hill-1978,Grange Hill,1978,grange-hill-series-1,Episode 4,"1978, modern television, no licence claimed"
grange-hill-1978,Grange Hill,1978,grange-hill-series-2,Episode 17,"1978, modern television, no licence claimed"
grange-hill-1978,Grange Hill,1978,grange-hill-series-3,Episode 15,"1978, modern television, no licence claimed"
grange-hill-1978,Grange Hill,1978,grange-hill-season-4-s-04-e-09-episode-9,Episode 9,"1978, modern television, no licence claimed"
grange-hill-1978,Grange Hill,1978,grange-hill-series-5,Sports Trials,"1978, modern television; uploader licence claim https://creativecommons.org/publicdomain/mark/1.0/ does not rescue it"
grange-hill-1978,Grange Hill,1978,grange-hill-series-6,Field Trip,"1978, modern television, no licence claimed"
grange-hill-1978,Grange Hill,1978,grange-hill-series-7,Episode 16,"1978, modern television, no licence claimed"
grange-hill-1978,Grange Hill,1978,grange-hill-series-9,Episode 18,"1978, modern television, no licence claimed"
grange-hill-1978,Grange Hill,1978,grange-hill-series-10,Episode 12,"1978, modern television, no licence claimed"
grange-hill-1978,Grange Hill,1978,grange-hill-series-11,Episode 20,"1978, modern television, no licence claimed"
grange-hill-1978,Grange Hill,1978,grange-hill-series-12,Episode 13,"1978, modern television, no licence claimed"
grange-hill-1978,Grange Hill,1978,grange-hill-series-13,Episode 12,"1978, modern television, no licence claimed"
grange-hill-1978,Grange Hill,1978,grange-hill-series-14,Episode 1,"1978, modern television, no licence claimed"
grange-hill-1978,Grange Hill,1978,grange-hill-series-8,Grange Hill Series 8,"1978, modern television, no licence claimed"
healthy-pets-healthy-people-1992,"Healthy Pets, Healthy People",1992,healthy-pets-healthy-people-veterinary-medicine,"Healthy Pets, Healthy People - Veterinary Medicine","1992, modern television, no licence claimed"
healthy-pets-healthy-people-1992,"Healthy Pets, Healthy People",1992,healthy-pets-healthy-people-veterinary-medicine-human-health,"Healthy Pets, Healthy People - Veterinary Medicine & Human Health","1992, modern television, no licence claimed"
healthy-pets-healthy-people-1992,"Healthy Pets, Healthy People",1992,healthy-pets-healthy-people-zoos,"Healthy Pets, Healthy People - Zoos","1992, modern television, no licence claimed"
healthy-pets-healthy-people-1992,"Healthy Pets, Healthy People",1992,healthy-pets-healthy-people-choosing-the-right-pet,"Healthy Pets, Healthy People – Choosing the Right Pet","1992, modern television, no licence claimed"
healthy-pets-healthy-people-1992,"Healthy Pets, Healthy People",1992,healthy-pets-healthy-people-equine-medicine,"Healthy Pets, Healthy People – Equine Medicine","1992, modern television, no licence claimed"
heil-honey-i-m-home-1990,Heil Honey I'm Home!,1990,heil-honey-im-home,Heil Honey I'm Home,"1990, modern television, no licence claimed"
heil-honey-i-m-home-1990,Heil Honey I'm Home!,1990,heil-honey-animated-intro,Heil Honey I'm Home,"1990, modern television, no licence claimed"
hi-de-hi-1981,Hi-de-Hi!,1981,hi-de-hi-1988-uk-vhs_202204,Hi De Hi,"1981, modern television; uploader licence claim http://creativecommons.org/publicdomain/mark/1.0/ does not rescue it"
hi-de-hi-1981,Hi-de-Hi!,1981,hi-de-hi-1988-uk-vhs_202409,Hi-De-Hi,"1981, modern television; uploader licence claim https://creativecommons.org/licenses/by/4.0/ does not rescue it"
hill-street-blues-1981,Hill Street Blues,1981,hill.-street.-blues.-s-01,Politics as Usual,"1981, modern television, no licence claimed"
hill-street-blues-1981,Hill Street Blues,1981,hill.-street.-blues.-season-2,Cranky Streets,"1981, modern television, no licence claimed"
hill-street-blues-1981,Hill Street Blues,1981,hill.street.blues.s-03,Eugene's Comedy Empire Strikes Back,"1981, modern television, no licence claimed"
hill-street-blues-1981,Hill Street Blues,1981,hill.street.blues.s-04e-01.heres.adventure.heres.romance.sdtv.x-264,The End of Logan's Run,"1981, modern television, no licence claimed"
hill-street-blues-1981,Hill Street Blues,1981,hill.street.blues.s-05,Grin and Bear It,"1981, modern television, no licence claimed"
hill-street-blues-1981,Hill Street Blues,1981,hill.street.blues.s-06,Somewhere Over the Rambo,"1981, modern television, no licence claimed"
hill-street-blues-1981,Hill Street Blues,1981,hill.street.blues.s-07,Der Roachenkavalier,"1981, modern television, no licence claimed"
hometime-1986,Hometime,1986,hometime-bathroom-plumbing,Hometime - Bathroom Plumbing,"1986, modern television, no licence claimed"
hometime-1986,Hometime,1986,hometime-common-home-repairs,Hometime - Common Home Repairs,"1986, modern television, no licence claimed"
hometime-1986,Hometime,1986,hometime-drywall-project,Hometime - Drywall Project,"1986, modern television, no licence claimed"
hometime-1986,Hometime,1986,hometime-framing-02,Hometime - Framing Roofs,"1986, modern television, no licence claimed"
hometime-1986,Hometime,1986,hometime-framing-01,Hometime - Framing Walls,"1986, modern television, no licence claimed"
hometime-1986,Hometime,1986,hometime-garage,Hometime - Garage,"1986, modern television, no licence claimed"
hometime-1986,Hometime,1986,hometime-gazebo,Hometime - Gazebo,"1986, modern television, no licence claimed"
hometime-1986,Hometime,1986,hometime-habitat-for-humanity,Hometime - Habitat for Humanity,"1986, modern television, no licence claimed"
hometime-1986,Hometime,1986,hometime-hiring-a-contractor,Hometime - Hiring a Contractor,"1986, modern television, no licence claimed"
hometime-1986,Hometime,1986,hometime-home-of-the-future-3-5,Hometime - Home of the Future,"1986, modern television, no licence claimed"
hometime-1986,Hometime,1986,hometime-interior-paint,Hometime - Interior paint & fridge installation,"1986, modern television, no licence claimed"
hometime-1986,Hometime,1986,hometime-patios,Hometime - Patios,"1986, modern television, no licence claimed"
hometime-1986,Hometime,1986,hometime-playhouse,Hometime - Playhouse,"1986, modern television, no licence claimed"
hometime-1986,Hometime,1986,hometime-plumbing,Hometime - Plumbing,"1986, modern television, no licence claimed"
hometime-1986,Hometime,1986,hometime-preventative-maintenance,Hometime - Preventative Maintenance,"1986, modern television, no licence claimed"
hometime-1986,Hometime,1986,hometime-putter-shed,Hometime - Putter Shed,"1986, modern television, no licence claimed"
hometime-1986,Hometime,1986,hometime-retaining-wall,Hometime - Retaining Wall,"1986, modern television, no licence claimed"
hometime-1986,Hometime,1986,hometime-windows-and-doors,Hometime - Windows & Doors,"1986, modern television, no licence claimed"
honey-i-shrunk-the-kids-1997,"Honey, I Shrunk the Kids",1997,honey-i-shrunk-the-kids-tv-show-episode-1-honey-weve-been-swallowed-by-grandpa,"Honey, We've Been Swallowed by Grandpa","1997, modern television, no licence claimed"
honey-i-shrunk-the-kids-1997,"Honey, I Shrunk the Kids",1997,honey-i-shrunk-the-kids-season-2-episode-2-honey-the-house-is-trying-to-kill-us,"Honey, the House Is Trying to Kill Us","1997, modern television, no licence claimed"
honey-i-shrunk-the-kids-1997,"Honey, I Shrunk the Kids",1997,honey-i-shrunk-the-kids_tv-show,"Honey, We're Stuck in the 70's","1997, modern television, no licence claimed"
honey-i-shrunk-the-kids-1997,"Honey, I Shrunk the Kids",1997,honey-i-shrunk-the-kids-tv-show-episode-5-honey-i-shrunk-the-science-dude,"Honey, I Shrunk the Science Dude","1997, modern television, no licence claimed"
honey-i-shrunk-the-kids-1997,"Honey, I Shrunk the Kids",1997,honey-i-shrunk-the-kids-tv-show-season-1-episode-8-honey-theyre-after-me-lucky-charms,"Honey, They're After Me Lucky Charms","1997, modern television, no licence claimed"
honey-i-shrunk-the-kids-1997,"Honey, I Shrunk the Kids",1997,honey-i-shrunk-the-kids-tv-show-episode-9-honey-they-call-me-the-space-cowboy,"Honey, They Call Me the Space Cowboy","1997, modern television, no licence claimed"
honey-i-shrunk-the-kids-1997,"Honey, I Shrunk the Kids",1997,honey-i-shrunk-the-kids-tv-show-season-1-episode-11-honey-youre-living-in-the-past,"Honey, You're Living in the Past","1997, modern television, no licence claimed"
honey-i-shrunk-the-kids-1997,"Honey, I Shrunk the Kids",1997,honey-i-shrunk-the-kids-tv-show-season-2-episode-12-honey-im-king-of-the-rocket-guys,"Honey, I'm Streakin'","1997, modern television, no licence claimed"
honey-i-shrunk-the-kids-1997,"Honey, I Shrunk the Kids",1997,honey-i-shrunk-the-kids-tv-show-episode-13-honey-meet-the-barbarians,"Honey, Meet the Barbarians","1997, modern television, no licence claimed"
honey-i-shrunk-the-kids-1997,"Honey, I Shrunk the Kids",1997,honey-i-shrunk-the-kids-tv-show-episode-14-honey-youve-drained-my-brain,"Honey, You Drained My Brain","1997, modern television, no licence claimed"
honey-i-shrunk-the-kids-1997,"Honey, I Shrunk the Kids",1997,honey-i-shrunk-the-kids-tv-show-season-2-episode-15-honey-youll-always-be-a-princess-to-me,"Honey, He's Not Abdominable... He's Just Misunderstood","1997, modern television, no licence claimed"
honey-i-shrunk-the-kids-1997,"Honey, I Shrunk the Kids",1997,honey-i-shrunk-the-kids-tv-show-season-2-episode-17-honey-im-going-to-teach-you-a-lesson,"Honey, The Bear Is Bad News","1997, modern television, no licence claimed"
honey-i-shrunk-the-kids-1997,"Honey, I Shrunk the Kids",1997,honey-i-shrunk-the-kids-tv-show-season-1-episode-19-honey-im-dreaming...-but-am-i,"Honey, I'm Dreaming... But Am I?","1997, modern television, no licence claimed"
honey-i-shrunk-the-kids-1997,"Honey, I Shrunk the Kids",1997,honey-i-shrunk-the-kids-tv-show-season-1-episode-20-honey-the-garbage-is-taking-us-out,"Honey, the Garbage Is Taking Us Out","1997, modern television, no licence claimed"
honey-i-shrunk-the-kids-1997,"Honey, I Shrunk the Kids",1997,honey-i-shrunk-the-kids-tv-show-episode-22-honey-its-no-fun-being-an-illegal-alien,"Honey, It's No Fun Being an Illegal Alien","1997, modern television, no licence claimed"
honey-i-shrunk-the-kids-1997,"Honey, I Shrunk the Kids",1997,honey-i-shrunk-the-kids-tv-show-episode-24-honey-shes-like-a-fish-out-of-water,"Honey, She's Like a Fish Out of Water","1997, modern television, no licence claimed"
honey-i-shrunk-the-kids-1997,"Honey, I Shrunk the Kids",1997,honey-i-shrunk-the-kids-tv-show-season-2-episode-6-honey-were-young-at-heart,"Honey, We're Young at Heart","1997, modern television, no licence claimed"
honey-i-shrunk-the-kids-1997,"Honey, I Shrunk the Kids",1997,honey-i-shrunk-the-kids-episode-29-honey-were-past-tense,"Honey, We're Past Tense","1997, modern television, no licence claimed"
honey-i-shrunk-the-kids-1997,"Honey, I Shrunk the Kids",1997,honey-i-shrunk-the-kids-tv-show-season-2-episode-9-honey-the-bunny-bit-it,"Honey, the Bunny Bit It","1997, modern television, no licence claimed"
honey-i-shrunk-the-kids-1997,"Honey, I Shrunk the Kids",1997,honey-i-shrunk-the-kids-tv-show-season-2-episode-10-honey-ive-joined-the-bigtop,"Honey, I've Joined the Bigtop","1997, modern television, no licence claimed"
honey-i-shrunk-the-kids-1997,"Honey, I Shrunk the Kids",1997,honey-i-shrunk-the-kids-tv-show-season-episode-11-honey-im-the-sorcerers-apprentice,"Honey, I'm the Sorcerer's Apprentice","1997, modern television, no licence claimed"
honey-i-shrunk-the-kids-1997,"Honey, I Shrunk the Kids",1997,honey-i-shrunk-the-kids-tv-show-episode-35-honey-the-futures-coming-back-to-me,"Honey, the Future's Coming Back to Me","1997, modern television, no licence claimed"
honey-i-shrunk-the-kids-1997,"Honey, I Shrunk the Kids",1997,honey-i-shrunk-the-kids-tv-show-season-2-episode-16-honey-theres-a-pox-on-our-house,"Honey, There's a Pox on Our House","1997, modern television, no licence claimed"
honey-i-shrunk-the-kids-1997,"Honey, I Shrunk the Kids",1997,honey-i-shrunk-the-kids-tv-show-season-2-episode-19-honey-its-a-blunderful-life,"Honey, It's a Blunderful Life","1997, modern television, no licence claimed"
honey-i-shrunk-the-kids-1997,"Honey, I Shrunk the Kids",1997,honey-i-shrunk-the-kids-tv-show-season-2-episode-21-honey-im-not-just-clowning-around,"Honey, I'm Not Just Clowning Around","1997, modern television, no licence claimed"
honey-i-shrunk-the-kids-1997,"Honey, I Shrunk the Kids",1997,honey-i-shrunk-the-kids-episode-45-honey-name-that-tune,"Honey, Name That Tune","1997, modern television, no licence claimed"
honey-i-shrunk-the-kids-1997,"Honey, I Shrunk the Kids",1997,honey-i-shrunk-the-kids-tv-show-season-3-episode-2-honey-its-a-billion-dollar-brain,"Honey, It's a Billion Dollar Brain","1997, modern television, no licence claimed"
honey-i-shrunk-the-kids-1997,"Honey, I Shrunk the Kids",1997,honey-i-shrunk-the-kids-tv-show-episode-48-honey-were-on-tv,"Honey, We're on TV","1997, modern television, no licence claimed"
honey-i-shrunk-the-kids-1997,"Honey, I Shrunk the Kids",1997,honey-i-shrunk-the-kids-tv-show-episode-50-honey-im-kung-fu-fighting,"Honey, I'm Kung Fu Fighting","1997, modern television, no licence claimed"
honey-i-shrunk-the-kids-1997,"Honey, I Shrunk the Kids",1997,honey-i-shrunk-the-kids-tv-show-season-3-episode-7-honey-im-not-up-to-par,"Honey, I'm Not Up to Par","1997, modern television, no licence claimed"
honey-i-shrunk-the-kids-1997,"Honey, I Shrunk the Kids",1997,honey-i-shrunk-the-kids-tv-show-season-3-episode-8-honey-its-one-small-step-for-mankind,"Honey, It's One Small Step for Mankind","1997, modern television, no licence claimed"
honey-i-shrunk-the-kids-1997,"Honey, I Shrunk the Kids",1997,honey-i-shrunk-the-kids-tv-show-season-3-episode-9-honey-youre-driving-me-like-crazy,"Honey, You're Driving Me Like Crazy","1997, modern television, no licence claimed"
honey-i-shrunk-the-kids-1997,"Honey, I Shrunk the Kids",1997,honey-i-shrunk-the-kids-tv-show-season-3-episode-10-honey-the-plays-the-thingie,"Honey, the Play's the Thingie","1997, modern television, no licence claimed"
honey-i-shrunk-the-kids-1997,"Honey, I Shrunk the Kids",1997,honey-i-shrunk-the-kids-tv-show-season-1-episode-4-honey-were-stuck-in-the-70s,"Honey, We're Stuck in the 70's","1997, modern television, no licence claimed"
honey-i-shrunk-the-kids-1997,"Honey, I Shrunk the Kids",1997,honey-i-shrunk-the-kids-tv-show-episode-15-honey-hes-not-abominable...-hes-just-misunderstood,"Honey, He's Not Abdominable...He's Just Misunderstood","1997, modern television, no licence claimed"
honey-i-shrunk-the-kids-1997,"Honey, I Shrunk the Kids",1997,honey-i-shrunk-the-kids-tv-show-episode-23-honey-its-quarkzilla,"Honey, I Shrunk The Kids Episode 23 Honey, It's Quarkzilla","1997, modern television, no licence claimed"
honey-i-shrunk-the-kids-1997,"Honey, I Shrunk the Kids",1997,honey-i-shrunk-the-kids-tv-show-season-2-episode-14-honey-its-a-miracle,"Honey, You Drained My Brain","1997, modern television, no licence claimed"
honey-i-shrunk-the-kids-1997,"Honey, I Shrunk the Kids",1997,honey-i-shrunk-the-kids-tv-show-season-2-episode-20-honey-its-your-party,"Honey, the Garbage is Taking Us Out","1997, modern television, no licence claimed"
ima-kara-anata-wo-kyouhaku-shimasu-2017,Ima kara Anata wo Kyouhaku Shimasu,2017,from.-now.-on.-showtime.-s-01-e-08,Episode 8,"2017, modern television, no licence claimed"
invasion-america-1998,Invasion America,1998,americas-century-blowing-the-fortune-ep.-5-1989,Renewal,"1998, modern television, no licence claimed"
invasion-america-1998,Invasion America,1998,america-says-s3-e1,America Says : The Superfans/Football Moms,"1998, modern television, no licence claimed"
invasion-america-1998,Invasion America,1998,AmericasWildHorses,America's Wild Horses,"1998, modern television, no licence claimed"
invasion-america-1998,Invasion America,1998,americas-all-star-tribute-to-elizabeth-taylor-1989,America's All Star Tribute To Elizabeth Taylor - Charles Bronson,"1998, modern television, no licence claimed"
invasion-america-1998,Invasion America,1998,americas-funniest-people-balancing-acts-1990,"America's Funniest People - Arleen Sorkin, Dave Coulier","1998, modern television, no licence claimed"
invasion-america-1998,Invasion America,1998,americas-funniest-people-november-24-1991-most,"America's Funniest People- November 24, 1991","1998, modern television, no licence claimed"
invasion-america-1998,Invasion America,1998,AmericasMostWantedLadyKiller,America's Most Wanted - Lady Killer: The Most Wanted Man in America,"1998, modern television; uploader licence claim https://creativecommons.org/licenses/by-nc-nd/4.0/ does not rescue it"
invasion-america-1998,Invasion America,1998,americas-most-wanted-september-3-1989-partial,"America's Most Wanted- September 3, 1989","1998, modern television, no licence claimed"
invasion-america-1998,Invasion America,1998,americas-toughest-assignment-199x,America's Toughest Assignment - Charles Kuralt,"1998, modern television, no licence claimed"
it-takes-a-worried-man-1981,It Takes a Worried Man,1981,it-takes-a-worried-man-1981-season-1-of-3-xvid-avi,Endangered Species,"1981, modern television, no licence claimed"
it-takes-a-worried-man-1981,It Takes a Worried Man,1981,it-takes-a-worried-man-1983-season-2-of-3-xvid-avi,Aren't Our Policemen Wonderful,"1981, modern television, no licence claimed"
it-takes-a-worried-man-1981,It Takes a Worried Man,1981,it-takes-a-worried-man-1983-season-3-of-3-xvid-avi,Three Cheers,"1981, modern television, no licence claimed"
jefferson-journal-1997,Jefferson Journal,1997,ARCHJJEARTHQUAKES,Jefferson Journal: Earthquakes,"1997, modern television, no licence claimed"
jefferson-journal-1997,Jefferson Journal,1997,ARCHJJNAGAMING,Jefferson Journal: Native American Gambling,"1997, modern television, no licence claimed"
jefferson-journal-1997,Jefferson Journal,1997,archjjnotinourtown-2,"Jefferson Journal: Not In Our Town, Part Two","1997, modern television, no licence claimed"
jefferson-journal-1997,Jefferson Journal,1997,ARCHJJSCHOOLTOWORK,Jefferson Journal: School to Work,"1997, modern television, no licence claimed"
jim-henson-s-the-storyteller-1988,Jim Henson's The Storyteller,1988,jim-hensons-the-storyteller-mkv,Hans My Hedgehog,"1988, modern television, no licence claimed"
just-the-ten-of-us-1988,Just the Ten of Us,1988,just-the-ten-of-us-s01ep1-pilot,Move It or Lose It,"1988, modern television, no licence claimed"
just-the-ten-of-us-1988,Just the Ten of Us,1988,just-the-ten-of-us,Song of Constance,"1988, modern television, no licence claimed"
kappa-mikey-2006,Kappa Mikey,2006,kappa-mikey-s-1-e-01-the-lost-pilot,The Switch,"2006, modern television, no licence claimed"
kappa-mikey-2006,Kappa Mikey,2006,kappa-mikey-s-1-e-05-saving-face.mpeg-4,The Fugi-Kid,"2006, modern television, no licence claimed"
kappa-mikey-2006,Kappa Mikey,2006,kappa-mikey-HMF-animation,Lost in Transportation,"2006, modern television, no licence claimed"
kappa-mikey-2006,Kappa Mikey,2006,kappa-mikey-126-the-oni-express-moonsong,Kappa Mikey,"2006, modern television, no licence claimed"
kappa-mikey-2006,Kappa Mikey,2006,img-2677_20260329_1835,Kappa Mikey | Free Squiddy | Full Episode | Nicktoons Network Broadcast Version,"2006, modern television, no licence claimed"
kappa-mikey-2006,Kappa Mikey,2006,img-2793_202603,Kappa Mikey | Like Ozu Like Son | Full Episode,"2006, modern television, no licence claimed"
kappa-mikey-2006,Kappa Mikey,2006,img-4259_202604,Kappa Mikey | Mikey Impossible | Full Episode,"2006, modern television, no licence claimed"
kappa-mikey-2006,Kappa Mikey,2006,img-3035_202604,Kappa Mikey | Mitsuki Butterfly | Full Episode,"2006, modern television, no licence claimed"
kappa-mikey-2006,Kappa Mikey,2006,img-2928_202604,Kappa Mikey | The Fugi Kid | Full Episode,"2006, modern television, no licence claimed"
kappa-mikey-2006,Kappa Mikey,2006,img-4254_202604,Kappa Mikey | The Sumo Of All Fears | Full Episode,"2006, modern television, no licence claimed"
kappa-mikey-2006,Kappa Mikey,2006,v12044gd0000ciq20k3c77u3acv3vdd0,Kappa Mikey | The Switch TikTok Clip,"2006, modern television, no licence claimed"
kappa-mikey-2006,Kappa Mikey,2006,img-2113_20260324,Kappa Mikey | Tin Putt | Full Episode,"2006, modern television, no licence claimed"
kappa-mikey-2006,Kappa Mikey,2006,img-9803_202603,Kappa Mikey: A Christmas Mikey,"2006, modern television, no licence claimed"
kappa-mikey-2006,Kappa Mikey,2006,img-4183_202507,Kappa Mikey: I Am A LilyMu Queen From: The Clip Show,"2006, modern television, no licence claimed"
kappa-mikey-2006,Kappa Mikey,2006,img-0711_202603,Kappa Mikey: La Cage Aux Mikey,"2006, modern television, no licence claimed"
kappa-mikey-2006,Kappa Mikey,2006,img-3512_202604,Kappa Mikey: Ship Of Fools Nickelodeon Promo,"2006, modern television, no licence claimed"
kappa-mikey-2006,Kappa Mikey,2006,1000139444,Nickelodeon Kappa Mikey Lost in Transportation Marathon Full Ideal Recording,"2006, modern television; uploader licence claim https://creativecommons.org/publicdomain/zero/1.0/ does not rescue it"
knight-rider-1982,Knight Rider,1982,knight.-rider.-s-01-e-01-e-02.-blu-ray.-1080p.-ac-3.-h-265-d-3g,Knight of the Phoenix,"1982, modern television, no licence claimed"
knight-rider-1982,Knight Rider,1982,knight.-rider.-s-01-e-03.-blu-ray.-1080p.-ac-3.-h-265-d-3g,Good Day at White Rock,"1982, modern television, no licence claimed"
knight-rider-1982,Knight Rider,1982,knight.-rider.-s-01-e-04.-blu-ray.-1080p.-ac-3.-h-265-d-3g,Slammin' Sammy's Stunt Show Spectacular,"1982, modern television, no licence claimed"
knight-rider-1982,Knight Rider,1982,knight.-rider.-s-01-e-05.-blu-ray.-1080p.-ac-3.-h-265-d-3g,Just My Bill,"1982, modern television, no licence claimed"
knight-rider-1982,Knight Rider,1982,knight.-rider.-s-01-e-06.-blu-ray.-1080p.-ac-3.-h-265-d-3g,Not a Drop to Drink,"1982, modern television, no licence claimed"
knight-rider-1982,Knight Rider,1982,knight.-rider.-s-01-e-07.-blu-ray.-1080p.-ac-3.-h-265-d-3g,No Big Thing,"1982, modern television, no licence claimed"
knight-rider-1982,Knight Rider,1982,knight.-rider.-s-01-e-08.-blu-ray.-1080p.-ac-3.-h-265-d-3g,Trust Doesn't Rust,"1982, modern television, no licence claimed"
knight-rider-1982,Knight Rider,1982,knight-rider-s-01-e-08-1080p-blu-ray-dts-x-264-ctrl-hd,Trust Doesn't Rust,"1982, modern television, no licence claimed"
knight-rider-1982,Knight Rider,1982,knight.-rider.-s-01-e-09.-blu-ray.-1080p-ac-3.-h-265-d-3g,Inside Out,"1982, modern television, no licence claimed"
knight-rider-1982,Knight Rider,1982,knight.-rider.-s-01-e-10.-blu-ray.-1080p.-ac-3.-h-265-d-3g,The Final Verdict,"1982, modern television, no licence claimed"
knight-rider-1982,Knight Rider,1982,knight.-rider.-s-01-e-11.-blu-ray.-1080p.-ac-3.-h-265-d-3g,A Plush Ride,"1982, modern television, no licence claimed"
knight-rider-1982,Knight Rider,1982,knight.-rider.-s-01-e-12.-blu-ray.-1080p.-ac-3.-h-265-d-3g,Forget Me Not,"1982, modern television, no licence claimed"
knight-rider-1982,Knight Rider,1982,knight.-rider.-s-01-e-13.-blu-ray.-1080p.-ac-3.-h-265-d-3g,Hearts of Stone,"1982, modern television, no licence claimed"
knight-rider-1982,Knight Rider,1982,knight.-rider.-s-01-e-14.-blu-ray.-1080p.-ac-3.-h-265-d-3g,Give Me Liberty... or Give Me Death,"1982, modern television, no licence claimed"
knight-rider-1982,Knight Rider,1982,knight.-rider.-s-01-e-15.-blu-ray.-1080p.-ac-3.-h-265-d-3g,The Topaz Connection,"1982, modern television, no licence claimed"
knight-rider-1982,Knight Rider,1982,knight.-rider.-s-01-e-16.-blu-ray.-1080p.-ac-3.-h-265-d-3g,"A Nice, Indecent Little Town","1982, modern television, no licence claimed"
knight-rider-1982,Knight Rider,1982,knight.-rider.-s-01-e-17.-blu-ray.-1080p.-ac-3.-h-265-d-3g,Chariot of Gold,"1982, modern television, no licence claimed"
knight-rider-1982,Knight Rider,1982,knight.-rider.-s-01-e-18.-blu-ray.-1080p.-ac-3.-h-265-d-3g,White Bird,"1982, modern television, no licence claimed"
knight-rider-1982,Knight Rider,1982,knight.-rider.-s-01-e-19.-blu-ray.-1080p.-ac-3.-h-265-d-3g,Knight Moves,"1982, modern television, no licence claimed"
knight-rider-1982,Knight Rider,1982,knight.-rider.-s-01-e-20.-blu-ray.-1080p.-ac-3.-h-265-d-3g,Nobody Does It Better,"1982, modern television, no licence claimed"
knight-rider-1982,Knight Rider,1982,knight.-rider.-s-01-e-21.-blu-ray.-1080p.-ac-3.-h-265-d-3g,Short Notice,"1982, modern television, no licence claimed"
knight-rider-1982,Knight Rider,1982,knight.-rider.-s-01-e-22.-blu-ray.-1080p.-ac-3.-h-265-d-3g,Knight Rider S01 E22 Short Notice,"1982, modern television, no licence claimed"
knight-rider-1982,Knight Rider,1982,knight.-rider.-s-02-e-01-e-02.-blu-ray.-1080p.-ac-3.-h-265-d-3g,Goliath,"1982, modern television, no licence claimed"
knight-rider-1982,Knight Rider,1982,knight.-rider.-s-02-e-03.-blu-ray.-1080p.-ac-3.-h-265-d-3g,Merchants of Death,"1982, modern television, no licence claimed"
knight-rider-1982,Knight Rider,1982,knight.-rider.-s-02-e-04.-blu-ray.-1080p.-ac-3.-h-265-d-3g,Blind Spot,"1982, modern television, no licence claimed"
knight-rider-1982,Knight Rider,1982,knight.-rider.-s-02-e-05.-blu-ray.-1080p.-ac-3.-h-265-d-3g,Return to Cadiz,"1982, modern television, no licence claimed"
knight-rider-1982,Knight Rider,1982,knight.-rider.-s-02-e-06.-blu-ray.-1080p.-ac-3.-h-265-d-3g,K.I.T.T. the Cat,"1982, modern television, no licence claimed"
knight-rider-1982,Knight Rider,1982,knight.-rider.-s-02-e-07.-blu-ray.-1080p.-ac-3.-h-265-d-3g,Custom K.I.T.T.,"1982, modern television, no licence claimed"
knight-rider-1982,Knight Rider,1982,knight.-rider.-s-02-e-08.-blu-ray.-1080p.-ac-3.-h-265-d-3g,Soul Survivor,"1982, modern television, no licence claimed"
knight-rider-1982,Knight Rider,1982,knight.-rider.-s-02-e-09.-blu-ray.-1080p.-ac-3.-h-265-d-3g,Ring of Fire,"1982, modern television, no licence claimed"
knight-rider-1982,Knight Rider,1982,knight.-rider.-s-02-e-10.-blu-ray.-1080p.-ac-3.-h-265-d-3g,Knightmares,"1982, modern television, no licence claimed"
knight-rider-1982,Knight Rider,1982,knight.-rider.-s-02-e-11.-blu-ray.-1080p.-ac-3.-h-265-d-3g,Silent Knight,"1982, modern television, no licence claimed"
knight-rider-1982,Knight Rider,1982,knight.-rider.-s-02-e-12.-blu-ray.-1080p.-ac-3.-h-265-d-3g,A Knight in Shining Armor,"1982, modern television, no licence claimed"
knight-rider-1982,Knight Rider,1982,289355027,Diamonds Aren't A Girl's Best Friend,"1982, modern television, no licence claimed"
knight-rider-1982,Knight Rider,1982,knight.-rider.-s-02-e-13.-blu-ray.-1080p.-ac-3.-h-265-d-3g,Diamonds Aren't a Girl's Best Friend,"1982, modern television, no licence claimed"
knight-rider-1982,Knight Rider,1982,knight.-rider.-s-02-e-15.-blu-ray.-1080p.-ac-3.-h-265-d-3g,Race For Life,"1982, modern television, no licence claimed"
knight-rider-1982,Knight Rider,1982,knight.-rider.-s-02-e-16.-blu-ray.-1080p.-ac-3.-h-265-d-3g,Speed Demons,"1982, modern television, no licence claimed"
knight-rider-1982,Knight Rider,1982,knight.-rider.-s-02-e-17.-blu-ray.-1080p.-ac-3.-h-265-d-3g,Goliath Returns,"1982, modern television, no licence claimed"
knight-rider-1982,Knight Rider,1982,knight.-rider.-s-02-e-18-e-19.-blu-ray.-1080p.-ac-3.-h-265-d-3g,A Good Knight's Work,"1982, modern television, no licence claimed"
knight-rider-1982,Knight Rider,1982,knight.-rider.-s-02-e-20.-blu-ray.-1080p.-ac-3.-h-265-d-3g,Let It Be Me,"1982, modern television, no licence claimed"
knight-rider-1982,Knight Rider,1982,knight.-rider.-s-02-e-21-e-22.-blu-ray.-1080p.-ac-3.-h-265-d-3g,Big Iron,"1982, modern television, no licence claimed"
knight-rider-1982,Knight Rider,1982,knight.-rider.-s-02-e-23.-blu-ray.-1080p.-ac-3.-h-265-d-3g,Knight Rider S02 E23 Let It Be Me,"1982, modern television, no licence claimed"
knight-rider-1982,Knight Rider,1982,knight.-rider.-s-02-e-24.-blu-ray.-1080p.-ac-3.-h-265-d-3g,Knight Rider S02 E24 Big Iron,"1982, modern television, no licence claimed"
knight-rider-1982,Knight Rider,1982,knight.-rider.-s-03-e-01.-blu-ray.-1080p.-ac-3.-h-265-d-3g,Knight of the Drones,"1982, modern television, no licence claimed"
knight-rider-1982,Knight Rider,1982,knight.-rider.-s-03-e-02.-blu-ray.-1080p.-ac-3.-h-265-d-3g,The Ice Bandits,"1982, modern television, no licence claimed"
knight-rider-1982,Knight Rider,1982,knight.-rider.-s-03-e-03.-blu-ray.-1080p.-ac-3.-h-265-d-3g,Knights of the Fast Lane,"1982, modern television, no licence claimed"
knight-rider-1982,Knight Rider,1982,knight.-rider.-s-03-e-04.-blu-ray.-1080p.-ac-3.-h-265-d-3g,Halloween Knight,"1982, modern television, no licence claimed"
knight-rider-1982,Knight Rider,1982,knight.-rider.-s-03-e-05.-blu-ray.-1080p.-ac-3.-h-265-d-3g,K.I.T.T. vs. K.A.R.R.,"1982, modern television, no licence claimed"
knight-rider-1982,Knight Rider,1982,knight.-rider.-s-03-e-06.-blu-ray.-1080p.-ac-3.-h-265-d-3g,The Rotten Apples,"1982, modern television, no licence claimed"
knight-rider-1982,Knight Rider,1982,knight.-rider.-s-03-e-07.-blu-ray.-1080p.-ac-3.-h-265-d-3g,Knight in Disgrace,"1982, modern television, no licence claimed"
knight-rider-1982,Knight Rider,1982,knight.-rider.-s-03-e-08.-blu-ray.-1080p.-ac-3.-h-265-d-3g,Dead of Knight,"1982, modern television, no licence claimed"
knight-rider-1982,Knight Rider,1982,knight.-rider.-s-03-e-09.-blu-ray.-1080p.-ac-3.-h-265-d-3g,Lost Knight,"1982, modern television, no licence claimed"
knight-rider-1982,Knight Rider,1982,knight.-rider.-s-03-e-10.-blu-ray.-1080p.-ac-3.-h-265-d-3g,Knight of the Chameleon,"1982, modern television, no licence claimed"
knight-rider-1982,Knight Rider,1982,knight.-rider.-s-03-e-11.-blu-ray.-1080p.-ac-3.-h-265-d-3g,Custom Made Killer,"1982, modern television, no licence claimed"
knight-rider-1982,Knight Rider,1982,knight.-rider.-s-03-e-12.-blu-ray.-1080p.-ac-3.-h-265-d-3g,Knight by a Nose,"1982, modern television, no licence claimed"
knight-rider-1982,Knight Rider,1982,knight.-rider.-s-03-e-13.-blu-ray.-1080p.-ac-3.-h-265-d-3g,Junk Yard Dog,"1982, modern television, no licence claimed"
knight-rider-1982,Knight Rider,1982,knight.-rider.-s-03-e-14.-blu-ray.-1080p.-ac-3.-h-265-d-3g,Buy Out,"1982, modern television, no licence claimed"
knight-rider-1982,Knight Rider,1982,knight.-rider.-s-03-e-15.-blu-ray.-1080p.-ac-3.-h-265-d-3g,Knightlines,"1982, modern television, no licence claimed"
knight-rider-1982,Knight Rider,1982,knight.-rider.-s-03-e-16.-blu-ray.-1080p.-ac-3.-h-265-d-3g,The Nineteenth Hole,"1982, modern television, no licence claimed"
knight-rider-1982,Knight Rider,1982,knight.-rider.-s-03-e-17.-blu-ray.-1080p.-ac-3.-h-265-d-3g,Knight and Knerd,"1982, modern television, no licence claimed"
knight-rider-1982,Knight Rider,1982,knight.-rider.-s-03-e-18.-blu-ray.-1080p.-ac-3.-h-265-d-3g,Ten Wheel Trouble,"1982, modern television, no licence claimed"
knight-rider-1982,Knight Rider,1982,knight.-rider.-s-03-e-19.-blu-ray.-1080p.-ac-3.-h-265-d-3g,Knight in Retreat,"1982, modern television, no licence claimed"
knight-rider-1982,Knight Rider,1982,knight.-rider.-s-03-e-20.-blu-ray.-1080p.-ac-3.-h-265-d-3g,Knight Strike,"1982, modern television, no licence claimed"
knight-rider-1982,Knight Rider,1982,knight.-rider.-s-03-e-21.-blu-ray.-1080p.-ac-3.-h-265-d-3g,Circus Knights,"1982, modern television, no licence claimed"
knight-rider-1982,Knight Rider,1982,knight.-rider.-s-03-e-22.-blu-ray.-1080p.-ac-3.-h-265-d-3g,Knight Rider S03 E22 Circus Knights,"1982, modern television, no licence claimed"
knight-rider-1982,Knight Rider,1982,knight.-rider.-s-04-e-01-e-02.-blu-ray.-1080p.-ac-3.-h-265-d-3g,Knight of the Juggernaut,"1982, modern television, no licence claimed"
knight-rider-1982,Knight Rider,1982,knight.-rider.-s-04-e-03.-blu-ray.-1080p.-ac-3.-h-265-d-3g,Sky Knight,"1982, modern television, no licence claimed"
knight-rider-1982,Knight Rider,1982,knight.-rider.-s-04-e-04.-blu-ray.-1080p.-ac-3.-h-265-d-3g,Burial Ground,"1982, modern television, no licence claimed"
knight-rider-1982,Knight Rider,1982,knight.-rider.-s-04-e-05.-blu-ray.-1080p.-ac-3.-h-265-d-3g,The Wrong Crowd,"1982, modern television, no licence claimed"
knight-rider-1982,Knight Rider,1982,knight.-rider.-s-04-e-06.-blu-ray.-1080p.-ac-3.-h-265-d-3g,Knight Sting,"1982, modern television, no licence claimed"
knight-rider-1982,Knight Rider,1982,knight.-rider.-s-04-e-07.-blu-ray.-1080p.-ac-3.-h-265-d-3g,Many Happy Returns,"1982, modern television, no licence claimed"
knight-rider-1982,Knight Rider,1982,knight.-rider.-s-04-e-08.-blu-ray.-1080p.-ac-3.-h-265-d-3g,Knight Racer,"1982, modern television, no licence claimed"
knight-rider-1982,Knight Rider,1982,knight.-rider.-s-04-e-09.-blu-ray.-1080p.-ac-3.-h-265-d-3g,Knight Behind Bars,"1982, modern television, no licence claimed"
knight-rider-1982,Knight Rider,1982,knight.-rider.-s-04-e-10.-blu-ray.-1080p.-ac-3.-h-265-d-3g,Knight Song,"1982, modern television, no licence claimed"
knight-rider-1982,Knight Rider,1982,knight.-rider.-s-04-e-11.-blu-ray.-1080p.-ac-3.-h-265-d-3g,The Scent of Roses,"1982, modern television, no licence claimed"
knight-rider-1982,Knight Rider,1982,knight.-rider.-s-04-e-12.-blu-ray.-1080p.-ac-3.-h-265-d-3g,Killer K.I.T.T.,"1982, modern television, no licence claimed"
knight-rider-1982,Knight Rider,1982,knight.-rider.-s-04-e-13.-blu-ray.-1080p.-ac-3.-h-265-d-3g,Out of the Woods,"1982, modern television, no licence claimed"
knight-rider-1982,Knight Rider,1982,knight.-rider.-s-04-e-14.-blu-ray.-1080p.-ac-3.-h-265-d-3g,Deadly Knightshade,"1982, modern television, no licence claimed"
knight-rider-1982,Knight Rider,1982,knight.-rider.-s-04-e-15.-blu-ray.-1080p.-ac-3.-h-265-d-3g,Redemption of a Champion,"1982, modern television, no licence claimed"
knight-rider-1982,Knight Rider,1982,knight.-rider.-s-04-e-16.-blu-ray.-1080p.-ac-3.-h-265-d-3g,Knight of a Thousand Devils,"1982, modern television, no licence claimed"
knight-rider-1982,Knight Rider,1982,knight.-rider.-s-04-e-17.-blu-ray.-1080p.-ac-3.-h-265-d-3g,Hills of Fire,"1982, modern television, no licence claimed"
knight-rider-1982,Knight Rider,1982,knight.-rider.-s-04-e-18.-blu-ray.-1080p.-ac-3.-h-265-d-3g,Knight Flight to Freedom,"1982, modern television, no licence claimed"
knight-rider-1982,Knight Rider,1982,knight.-rider.-s-04-e-19.-blu-ray.-1080p.-ac-3.-h-265-d-3g,Fright Knight,"1982, modern television, no licence claimed"
knight-rider-1982,Knight Rider,1982,knight.-rider.-s-04-e-20.-blu-ray.-1080p.-ac-3.-h-265-d-3g,Knight of the Rising Sun,"1982, modern television, no licence claimed"
knight-rider-1982,Knight Rider,1982,knight.-rider.-s-04-e-21.-blu-ray.-1080p.-ac-3.-h-265-d-3g,Voo Doo Knight,"1982, modern television, no licence claimed"
knight-rider-1982,Knight Rider,1982,knight.-rider.-s-04-e-22.-blu-ray.-1080p.-ac-3.-h-265-d-3g,Knight Rider S04 E22 Voo Doo Knight,"1982, modern television, no licence claimed"
kratts-creatures-1996,Kratts' Creatures,1996,KrattsCreatures,Who's Who?,"1996, modern television; uploader licence claim http://creativecommons.org/licenses/by-nd/3.0/ does not rescue it"
kratts-creatures-1996,Kratts' Creatures,1996,kratts-creatures-complete-series,Why?,"1996, modern television, no licence claimed"
la-aventura-del-hombre-1989,La Aventura del Hombre,1989,la-aventura-del-hombre-adictos-a-la-muerte-1989-1080p,La Aventura del Hombre - Adictos a la muerte (1989) [1080p],"1989, modern television, no licence claimed"
la-aventura-del-hombre-1989,La Aventura del Hombre,1989,la-aventura-del-hombre-adivinos-de-la-vida-1991-480p,La Aventura del Hombre - Adivinos de la vida (1991) [1080p],"1989, modern television, no licence claimed"
la-aventura-del-hombre-1989,La Aventura del Hombre,1989,la-aventura-del-hombre-al-este-del-uruguay-1994-1080p,La Aventura del Hombre - Al este del Uruguay (1994) [1080p],"1989, modern television, no licence claimed"
la-aventura-del-hombre-1989,La Aventura del Hombre,1989,la-aventura-del-hombre-apocalipsis-de-los-isleros-1994-1080p,La Aventura del Hombre - Apocalipsis de los isleros (1994) [1080p],"1989, modern television, no licence claimed"
la-aventura-del-hombre-1989,La Aventura del Hombre,1989,la-aventura-del-hombre-asma-la-enfermedad-de-las-4-estaciones-1991-1080p,"La Aventura del Hombre - Asma, la enfermedad de las 4 estaciones (1991) [1080p]","1989, modern television, no licence claimed"
la-aventura-del-hombre-1989,La Aventura del Hombre,1989,la-aventura-del-hombre-buenos-aires-tango-1993-1080p,La Aventura del Hombre - Buenos Aires Tango (1993) [1080p],"1989, modern television, no licence claimed"
la-aventura-del-hombre-1989,La Aventura del Hombre,1989,la-aventura-del-hombre-camino-a-iruya-1994-1080p,La Aventura del Hombre - Camino a Iruya (1994) [1080p],"1989, modern television, no licence claimed"
la-aventura-del-hombre-1989,La Aventura del Hombre,1989,la-aventura-del-hombre-cerca-del-cielo-1993-1080p,La Aventura del Hombre - Cerca del cielo (1993) [1080p],"1989, modern television, no licence claimed"
la-aventura-del-hombre-1989,La Aventura del Hombre,1989,la-aventura-del-hombre-colera-1991-1080p,La Aventura del Hombre - Cólera (1991) [1080p],"1989, modern television, no licence claimed"
la-aventura-del-hombre-1989,La Aventura del Hombre,1989,la-aventura-del-hombre-de-la-puna-a-la-selva-1992-1080p,La Aventura del Hombre - De la puna a la selva (1992) [1080p],"1989, modern television, no licence claimed"
la-aventura-del-hombre-1989,La Aventura del Hombre,1989,la-aventura-del-hombre-down-una-vida-vacia-1993-1080p,La Aventura del Hombre - Down: ¿una vida vacía? (1993) [1080p],"1989, modern television, no licence claimed"
la-aventura-del-hombre-1989,La Aventura del Hombre,1989,la-aventura-del-hombre-el-canon-del-atuel-1989-1080p,La Aventura del Hombre - El Cañón del Atuel (1990) [1080p],"1989, modern television, no licence claimed"
la-aventura-del-hombre-1989,La Aventura del Hombre,1989,la-aventura-del-hombre-el-muro-de-berlin-1990-1080p,La Aventura del Hombre - El muro de Berlín (1990) [1080p],"1989, modern television, no licence claimed"
la-aventura-del-hombre-1989,La Aventura del Hombre,1989,la-aventura-del-hombre-el-ombligo-del-mundo-1996-1080p,La Aventura del Hombre - El ombligo del mundo (1996) [1080p],"1989, modern television, no licence claimed"
la-aventura-del-hombre-1989,La Aventura del Hombre,1989,la-aventura-del-hombre-el-portal-de-cuyo-1993-1080p,La Aventura del Hombre - El portal de Cuyo (1993) [1080p],"1989, modern television, no licence claimed"
la-aventura-del-hombre-1989,La Aventura del Hombre,1989,la-aventura-del-hombre-el-sida-un-asesino-mundial-1990-1080p,"La Aventura del Hombre - El sida, un asesino mundial (1990) [1080p]","1989, modern television, no licence claimed"
la-aventura-del-hombre-1989,La Aventura del Hombre,1989,la-aventura-del-hombre-el-sol-negro-patagonico-1990-1080p,La Aventura del Hombre - El sol negro patagónico (1990) [1080p],"1989, modern television, no licence claimed"
la-aventura-del-hombre-1989,La Aventura del Hombre,1989,la-aventura-del-hombre-expedicion-al-bermejo-1993-1080p,La Aventura del Hombre - Expedición al Bermejo (1993) [1080p],"1989, modern television, no licence claimed"
la-aventura-del-hombre-1989,La Aventura del Hombre,1989,la-aventura-del-hombre-historia-de-un-canal-1990,La Aventura del Hombre - Historia de un Canal (1990),"1989, modern television, no licence claimed"
la-aventura-del-hombre-1989,La Aventura del Hombre,1989,la-aventura-del-hombre-inmigrantes-1991-1080p,La Aventura del Hombre - Inmigrantes (1991) [1080p],"1989, modern television, no licence claimed"
la-aventura-del-hombre-1989,La Aventura del Hombre,1989,la-aventura-del-hombre-la-cordoba-desconocida-1994-1080p,La Aventura del Hombre - La Córdoba desconocida (1994) [1080p],"1989, modern television, no licence claimed"
la-aventura-del-hombre-1989,La Aventura del Hombre,1989,la-aventura-del-hombre-la-resistencia-del-chaco-1993-1080p,La Aventura del Hombre - La resistencia del Chaco (1993) [1080p],"1989, modern television, no licence claimed"
la-aventura-del-hombre-1989,La Aventura del Hombre,1989,la-aventura-del-hombre-la-vision-1990,La Aventura del Hombre - La visión (1990) [1080p],"1989, modern television, no licence claimed"
la-aventura-del-hombre-1989,La Aventura del Hombre,1989,la-aventura-del-hombre-los-andes-del-libertador-1995-1080p,La Aventura del Hombre - Los Andes del Libertador (1995) [1080p],"1989, modern television, no licence claimed"
la-aventura-del-hombre-1989,La Aventura del Hombre,1989,la-aventura-del-hombre-mas-alla-del-rio-grande-1995-1080p,La Aventura del Hombre - Más allá del Río Grande (1995) [1080p],"1989, modern television, no licence claimed"
la-aventura-del-hombre-1989,La Aventura del Hombre,1989,la-aventura-del-hombre-patagonia-tierra-desprotegida-1992-1080p,"La Aventura del Hombre - Patagonia, tierra desprotegida (1992) [1080p]","1989, modern television, no licence claimed"
la-aventura-del-hombre-1989,La Aventura del Hombre,1989,la-aventura-del-hombre-quichua-1989-480p,La Aventura del Hombre - Quichua (1989) [480p],"1989, modern television, no licence claimed"
la-aventura-del-hombre-1989,La Aventura del Hombre,1989,la-aventura-del-hombre-rescate-al-pasado-1992-1080p,La Aventura del Hombre - Rescate al pasado (1992) [1080p],"1989, modern television, no licence claimed"
la-aventura-del-hombre-1989,La Aventura del Hombre,1989,la-aventura-del-hombre-rumbo-186-1994-1080p,La Aventura del Hombre - Rumbo 186 (1994) [1080p],"1989, modern television, no licence claimed"
la-aventura-del-hombre-1989,La Aventura del Hombre,1989,la-aventura-del-hombre-tierra-ranquel-1993-1080p,La Aventura del Hombre - Tierra Ranquel (1993) [1080p],"1989, modern television, no licence claimed"
la-aventura-del-hombre-1989,La Aventura del Hombre,1989,la-aventura-del-hombre-valle-de-uco-1991-1080p,La Aventura del Hombre - Valle de Uco (1991) [1080p],"1989, modern television, no licence claimed"
la-aventura-del-hombre-1989,La Aventura del Hombre,1989,la-aventura-del-hombre-viaje-al-olvido-1990-1080p,La Aventura del Hombre - Viaje al olvido (1990) [1080p],"1989, modern television, no licence claimed"
la-aventura-del-hombre-1989,La Aventura del Hombre,1989,la-aventura-del-hombre-yacyreta-lugar-de-la-luna-1989-480p,"La Aventura del Hombre - Yacyretá, lugar de la luna (1989) [480p]","1989, modern television, no licence claimed"
la-linea-1978,La Linea,1978,la-linea-the-complete-series-1-1971,La Linea 103,"1978, modern television, no licence claimed"
late-night-with-conan-o-1993,Late Night With Conan O,1993,late-night-with-conan-o-brien-1998,Late Night With Conan O' Brien - 1998,"1993, modern television, no licence claimed"
late-night-with-conan-o-1993,Late Night With Conan O,1993,late-night-with-conan-o-brien-1999,Late Night With Conan O' Brien - 1999,"1993, modern television, no licence claimed"
late-night-with-conan-o-1993,Late Night With Conan O,1993,late-night-w-conan-obrien-kids-show-1997,Late Night with Conan O'Brien - Conan O'Brien,"1993, modern television, no licence claimed"
late-night-with-conan-o-2020,Late Night With Conan O,2020,latenightwithconanobrienapril161999aconvertvideoonline.com,"Late Night With Conan O' Brien (April 16, 1999)","2020, modern television, no licence claimed"
late-night-with-conan-o-2020,Late Night With Conan O,2020,late-night-with-conan-o-brien-july-18-1995,"Late Night With Conan O' Brien (July 18, 1995)","2020, modern television, no licence claimed"
late-night-with-conan-o-2020,Late Night With Conan O,2020,late-night-with-conan-o-brien-april-23-1997-most,"Late Night With Conan O' Brien- April 23, 1997 (most)","2020, modern television, no licence claimed"
late-night-with-conan-o-2020,Late Night With Conan O,2020,late-night-with-conan-o-brien-may-6-1994,"Late Night With Conan O'Brien (May 6, 1994)","2020, modern television, no licence claimed"
life-of-riley-2009,Life of Riley,2009,life_of_riley_-_2x37_-_rileys_anniversary,Riley's Anniversary,"2009, modern television; uploader licence claim http://creativecommons.org/licenses/publicdomain/ does not rescue it"
life-of-riley-2009,Life of Riley,2009,life_of_riley_-_2x10_-_rileys_burning_ambition,Riley's Burning Ambition,"2009, modern television; uploader licence claim http://creativecommons.org/licenses/publicdomain/ does not rescue it"
life-of-riley-2009,Life of Riley,2009,life_of_riley_-_1x14_-_rileys_business_venture_agk,Riley's Business Venture,"2009, modern television; uploader licence claim http://creativecommons.org/licenses/publicdomain/ does not rescue it"
life-of-riley-2009,Life of Riley,2009,life_of_riley_-_1x13_-_rileys_family_reunion,Riley's Family Reunion,"2009, modern television; uploader licence claim http://creativecommons.org/licenses/publicdomain/ does not rescue it"
life-of-riley-2009,Life of Riley,2009,life_of_riley_-_2x12_-_rileys_separation,Riley's Seperation,"2009, modern television; uploader licence claim http://creativecommons.org/licenses/publicdomain/ does not rescue it"
life-of-riley-2009,Life of Riley,2009,life_of_riley_-_2x01_-_rileys_stomach_ache,Riley's Stomach Ache,"2009, modern television; uploader licence claim http://creativecommons.org/licenses/publicdomain/ does not rescue it"
life-on-a-stick-2005,Life on a Stick,2005,life-on-a-stick,Pilot,"2005, modern television, no licence claimed"
life-on-a-stick-2005,Life on a Stick,2005,life-on-a-stick-2005_ft-ep-3-and-8,Life On A Stick,"2005, modern television, no licence claimed"
lights-out-2011,Lights Out,2011,lights-out-tv-series-season-2-of-4-xvid-avi,Lights Out - TV Series - - XviD AVI,"2011, modern television, no licence claimed"
lights-out-2011,Lights Out,2011,lights-out-tv-series-season-3-of-4-mkv,Lights Out - TV Series,"2011, modern television, no licence claimed"
lights-out-2011,Lights Out,2011,LightsOut-StrangeLegacy,Strange Legacy,"2011, modern television; uploader licence claim http://creativecommons.org/licenses/publicdomain/ does not rescue it"
lights-out-2011,Lights Out,2011,LightsOut-TheMadDullaghen,Lights Out - The Mad Dullaghen,"2011, modern television; uploader licence claim http://creativecommons.org/licenses/publicdomain/ does not rescue it"
lights-out-2011,Lights Out,2011,LightsOut-ThePassageBeyond,The Passage Beyond,"2011, modern television; uploader licence claim http://creativecommons.org/licenses/publicdomain/ does not rescue it"
lights-out-2011,Lights Out,2011,LightsOut-TheFacelessMan,The Faceless Man,"2011, modern television; uploader licence claim http://creativecommons.org/licenses/publicdomain/ does not rescue it"
lights-out-2011,Lights Out,2011,LightsOut-TheManWithTheWatch,The Man With the Watch,"2011, modern television; uploader licence claim http://creativecommons.org/licenses/publicdomain/ does not rescue it"
lights-out-2011,Lights Out,2011,LightsOut-ISpy,I SPY,"2011, modern television; uploader licence claim http://creativecommons.org/licenses/publicdomain/ does not rescue it"
lights-out-2011,Lights Out,2011,lights-out-tv-series-season-4-of-4-mkv,Lights Out - TV Series,"2011, modern television, no licence claimed"
lights-out-2011,Lights Out,2011,LightsOut-AnotherCountry,Another Country,"2011, modern television, no licence claimed"
lights-out-2011,Lights Out,2011,LightsOut-BewareThisWoman,Beware This Woman,"2011, modern television, no licence claimed"
lights-out-2011,Lights Out,2011,LightsOut-CatsCradle,Cat's Cradle,"2011, modern television, no licence claimed"
lights-out-2011,Lights Out,2011,LightsOut-CurtainCall,Curtain Call,"2011, modern television, no licence claimed"
lights-out-2011,Lights Out,2011,LightsOut-DeadMansCoat,Dead Man's Coat,"2011, modern television, no licence claimed"
lights-out-2011,Lights Out,2011,LightsOut-ForReleaseToday,For Release Today,"2011, modern television, no licence claimed"
lights-out-2011,Lights Out,2011,LightsOut-Jasper,Jasper,"2011, modern television, no licence claimed"
lights-out-2011,Lights Out,2011,LightsOut-JustWhatHappened,Just What Happened,"2011, modern television, no licence claimed"
lights-out-2011,Lights Out,2011,LightsOut-Mrs.Manifold,Mrs. Manifold,"2011, modern television, no licence claimed"
lights-out-2011,Lights Out,2011,LightsOut-PerchanceToDream,Perchance to Dream,"2011, modern television, no licence claimed"
lights-out-2011,Lights Out,2011,LightsOut-AndAdamBegot,THE ADAM BEGOT,"2011, modern television, no licence claimed"
lights-out-2011,Lights Out,2011,LightsOut-TheFoncevilleCurse,THE FONCECILLE CURSE,"2011, modern television, no licence claimed"
lights-out-2011,Lights Out,2011,LightsOut-theAngryBirds,The Angry Birds,"2011, modern television, no licence claimed"
lights-out-2011,Lights Out,2011,LightsOut-TheDeal,The Deal,"2011, modern television, no licence claimed"
lights-out-2011,Lights Out,2011,LightsOut-LostWillOfDr.Rant,The Lost Will of Dr. Rant,"2011, modern television, no licence claimed"
lights-out-2011,Lights Out,2011,LightsOut-MartianEyes,The Martian Eyes,"2011, modern television, no licence claimed"
lights-out-2011,Lights Out,2011,LightsOut-TheMeddlers,The Meddlers,"2011, modern television, no licence claimed"
lights-out-2011,Lights Out,2011,LightsOut-ThePattern,The Pattern,"2011, modern television, no licence claimed"
lights-out-2011,Lights Out,2011,LightsOut-TheSilentSupper,The Silent Supper,"2011, modern television, no licence claimed"
lights-out-2011,Lights Out,2011,LightsOut-TheUpstairsFloor,The Upstairs Floor,"2011, modern television, no licence claimed"
lights-out-2011,Lights Out,2011,LightsOut-TheVeil,The Veil,"2011, modern television, no licence claimed"
lights-out-2011,Lights Out,2011,LightsOut-WillOTheWisp,Will-O-the-wisp,"2011, modern television, no licence claimed"
live-dick-clark-presents-1988,Live! Dick Clark Presents,1988,dick-clarks-live-wednesday-october-19-1978,Dick Clark's Live Wednesday,"1988, modern television, no licence claimed"
live-dick-clark-presents-1988,Live! Dick Clark Presents,1988,dick-clarks-live-wednesday-october-25-1978,Dick Clark's Live Wednesday,"1988, modern television, no licence claimed"
live-dick-clark-presents-1988,Live! Dick Clark Presents,1988,dick-clarks-live-wednesday-october-4-1978,Dick Clark's Live Wednesday,"1988, modern television, no licence claimed"
live-dick-clark-presents-1988,Live! Dick Clark Presents,1988,dickclarksrockinnewyearseve1983convertvideoonline.com,Dick Clark's Rockin' New Year's Eve 1983-84,"1988, modern television, no licence claimed"
love-at-first-sight-1990,Love at First Sight,1990,20251002_Once-in-Memory-Love-at-First-Sight-Parte-S01E01-mp4,Episode 1,"1990, modern television, no licence claimed"
love-at-first-sight-1990,Love at First Sight,1990,20251002_Once-in-Memory-Love-at-First-Sight-Parte-S01E02-mp4,Once-in-Memory-Love-at-First-Sight-Parte-S01E02,"1990, modern television, no licence claimed"
madam-cha-dal-rae-s-love-2018,Madam Cha Dal Rae's Love,2018,MadameChao-sEpisode038-Clean-the-Babys-Mouth-And-Nose-Out,Episode 38,"2018, modern television; uploader licence claim http://creativecommons.org/licenses/by-nc/3.0/ does not rescue it"
madam-cha-dal-rae-s-love-2018,Madam Cha Dal Rae's Love,2018,MadameChao-s-Episode-043-Fagabeefe,Episode 43,"2018, modern television, no licence claimed"
madam-cha-dal-rae-s-love-2018,Madam Cha Dal Rae's Love,2018,MadameChao-s-Episode062,Episode 62,"2018, modern television; uploader licence claim http://creativecommons.org/licenses/by-nc-sa/3.0/ does not rescue it"
madam-cha-dal-rae-s-love-2018,Madam Cha Dal Rae's Love,2018,MadameChao-s-Episode069,Episode 69,"2018, modern television; uploader licence claim http://creativecommons.org/licenses/by-nc-sa/3.0/ does not rescue it"
madam-cha-dal-rae-s-love-2018,Madam Cha Dal Rae's Love,2018,MadameChao-s-Episode089,Episode 89,"2018, modern television; uploader licence claim http://creativecommons.org/licenses/by-nc-sa/3.0/ does not rescue it"
madam-cha-dal-rae-s-love-2018,Madam Cha Dal Rae's Love,2018,MadameChao-s-Episode-091-Bong-Ku-Gang-Vs-Bobo-Brazil,Episode 91,"2018, modern television; uploader licence claim http://creativecommons.org/licenses/by-nc-sa/3.0/ does not rescue it"
madam-cha-dal-rae-s-love-2018,Madam Cha Dal Rae's Love,2018,MadameChao-s-Episode097,Episode 97,"2018, modern television; uploader licence claim http://creativecommons.org/licenses/by-nc-sa/3.0/ does not rescue it"
madam-cha-dal-rae-s-love-2018,Madam Cha Dal Rae's Love,2018,MadameChao-s-Episode114,Madame Chao's Episode 114 Battle To Be Here,"2018, modern television; uploader licence claim http://creativecommons.org/licenses/by-nc-sa/3.0/ does not rescue it"
madam-cha-dal-rae-s-love-2018,Madam Cha Dal Rae's Love,2018,MadameChao-s-Episode154,Madame Chao's Episode 154: 8 Directions Chao,"2018, modern television; uploader licence claim http://creativecommons.org/licenses/by-nc-sa/3.0/ does not rescue it"
madam-cha-dal-rae-s-love-2018,Madam Cha Dal Rae's Love,2018,MadameChao-s-Episode160,Madame Chao's Episode 160 Escape From Pranet Chaoshwitz,"2018, modern television; uploader licence claim http://creativecommons.org/licenses/by-nc-sa/3.0/ does not rescue it"
madam-cha-dal-rae-s-love-2018,Madam Cha Dal Rae's Love,2018,MadameChao-s-Episode161,Madame Chao's Episode 161 Begin Again,"2018, modern television; uploader licence claim http://creativecommons.org/licenses/by-nc-sa/3.0/ does not rescue it"
madam-cha-dal-rae-s-love-2018,Madam Cha Dal Rae's Love,2018,MadameChao-s-Episode165,Madame Chao's Episode 165 FU Infinity,"2018, modern television; uploader licence claim http://creativecommons.org/licenses/by-nc-sa/3.0/ does not rescue it"
madam-cha-dal-rae-s-love-2018,Madam Cha Dal Rae's Love,2018,MadameChao-s-Episode166,Madame Chao's Episode 166 Selrf Invisibre,"2018, modern television; uploader licence claim http://creativecommons.org/licenses/by-nc-sa/3.0/ does not rescue it"
madam-cha-dal-rae-s-love-2018,Madam Cha Dal Rae's Love,2018,MadameChao-s-Episode168,Madame Chao's Episode 168 Pepper Spray,"2018, modern television; uploader licence claim http://creativecommons.org/licenses/by-nc-sa/3.0/ does not rescue it"
madam-cha-dal-rae-s-love-2018,Madam Cha Dal Rae's Love,2018,MadameChao-s-Episode253,Madame Chao's Episode 253 The Chair Is Chao,"2018, modern television; uploader licence claim http://creativecommons.org/licenses/by-sa/3.0/ does not rescue it"
mama-s-family-1983,Mama's Family,1983,mamas-family-s-01e-01-vint-and-the-kids-move-in,Vint and the Kids Move In,"1983, modern television, no licence claimed"
mama-s-family-1983,Mama's Family,1983,mamas-family-s-01e-02-for-better-or-for-worse_202202,For Better or For Worse,"1983, modern television, no licence claimed"
mama-s-family-1983,Mama's Family,1983,mamas-family-s-01e-03-the-wedding-pt-1,The Wedding (Part 1),"1983, modern television, no licence claimed"
mama-s-family-1983,Mama's Family,1983,mamas-family-s-01e-05-family-feud,Family Feud,"1983, modern television, no licence claimed"
mama-s-family-1983,Mama's Family,1983,mamas-family-s-01e-06-cellmates,Cellmates,"1983, modern television, no licence claimed"
mama-s-family-1983,Mama's Family,1983,mamas-family-s-01e-07-mama-gets-a-job,Mama Gets a Job,"1983, modern television, no licence claimed"
mama-s-family-1983,Mama's Family,1983,mamas-family-s-01e-08-double-standard,Double Standard,"1983, modern television, no licence claimed"
mama-s-family-1983,Mama's Family,1983,mama-s-family-s-01e-09-mama-s-boyfriend,Mama's Boyfriend,"1983, modern television, no licence claimed"
mama-s-family-1983,Mama's Family,1983,mamas-family-s-01e-10-fran-s-dress,Fran's Dress,"1983, modern television, no licence claimed"
mama-s-family-1983,Mama's Family,1983,mamas-family-s-01e-12-positive-thinkin,Positive Thinking,"1983, modern television, no licence claimed"
mama-s-family-1983,Mama's Family,1983,mamas-family-s-01e-13-mama-s-silver,Mama's Silver,"1983, modern television, no licence claimed"
mama-s-family-1983,Mama's Family,1983,mamas-family-s-02e-01-flaming-forties,Flaming Forties,"1983, modern television, no licence claimed"
mama-s-family-1983,Mama's Family,1983,mamas-family-s-02e-02-the-return-of-leonard-oates,The Return of Leonard Oates,"1983, modern television, no licence claimed"
mama-s-family-1983,Mama's Family,1983,mamas-family-Lando18,Rashomama,"1983, modern television, no licence claimed"
mama-s-family-1983,Mama's Family,1983,mamas-family-s-02e-05-rashomama,Rashomama,"1983, modern television, no licence claimed"
mama-s-family-1983,Mama's Family,1983,mamas-family-s-02e-06-obscene-call,Obscene Call,"1983, modern television, no licence claimed"
mama-s-family-1983,Mama's Family,1983,mamas-family-s-02e-09-amateur-night,Amateur Night,"1983, modern television, no licence claimed"
mama-s-family-1983,Mama's Family,1983,mamas-family-s-02e-11-mama-learns-to-drive,Mama Learns to Drive,"1983, modern television, no licence claimed"
mama-s-family-1983,Mama's Family,1983,mamas-family-s-02e-13-mama-buys-a-car,Mama Buys a Car,"1983, modern television, no licence claimed"
managing-the-micro-1981,Managing the Micro,1981,managing-the-micro-s01e01,S01E01 Thinking Small,"1981, modern television, no licence claimed"
managing-the-micro-1981,Managing the Micro,1981,managing-the-micro-s01e02,Managing the Micro - S01E02 - Getting in on the Act,"1981, modern television, no licence claimed"
managing-the-micro-1981,Managing the Micro,1981,managing-the-micro-s01e03,Managing the Micro - S01E03 - Towards the Last Frontier,"1981, modern television, no licence claimed"
managing-the-micro-1981,Managing the Micro,1981,managing-the-micro-s01e04,Managing the Micro - S01E04 - On Line,"1981, modern television, no licence claimed"
managing-the-micro-1981,Managing the Micro,1981,managing-the-micro-s01e05,Managing the Micro - S01E05 - The Human Factor,"1981, modern television, no licence claimed"
manimal-1983,Manimal,1983,manimal_202007,Manimal,"1983, modern television, no licence claimed"
married-at-first-sight-2014,Married at First Sight,2014,20251002_Once-in-Memory-Love-at-First-Sight-Parte-S01E02-mp4,The Weddings,"2014, modern television, no licence claimed"
mary-kate-and-ashley-in-action-2001,Mary-Kate and Ashley in Action!,2001,mary-kate-u-0026-ashley-in-action-episode-2-gift-with-purchase,In a Lather,"2001, modern television, no licence claimed"
mary-kate-and-ashley-in-action-2001,Mary-Kate and Ashley in Action!,2001,mary-kate-and-ashley_202109,Dog Gone,"2001, modern television; uploader licence claim https://creativecommons.org/licenses/by-nd/4.0/ does not rescue it"
mary-kate-and-ashley-in-action-2001,Mary-Kate and Ashley in Action!,2001,videoplayback-49_202405,Alien Encounters,"2001, modern television, no licence claimed"
mary-kate-and-ashley-in-action-2001,Mary-Kate and Ashley in Action!,2001,mary-kate-ashley-in-action-2001-animated-show,Mary Kate & Ashley In Action,"2001, modern television, no licence claimed"
mary-kate-and-ashley-in-action-2001,Mary-Kate and Ashley in Action!,2001,mary-kate-ashley-in-action-e-19-bug-off-toon-disney-august-2003-airing,Mary Kate & Ashley In Action! E 19 Bug Off,"2001, modern television, no licence claimed"
mary-kate-and-ashley-in-action-2001,Mary-Kate and Ashley in Action!,2001,mary-kate-and-ashley-que-divertida-es-la-neu-babala-valencia-catala,Mary-Kate and Ashley in Action!,"2001, modern television, no licence claimed"
mary-kate-and-ashley-in-action-2001,Mary-Kate and Ashley in Action!,2001,mary-kate-i-ashley-en-accio-disc-1-01-18,Mary-Kate and Ashley in Action!,"2001, modern television, no licence claimed"
michel-strogoff-1998,Michel Strogoff,1998,1975.-michael-strogoff-der-kurier-des-zaren-teil-1,1975. Michael Strogoff - Der Kurier des Zaren,"1998, modern television, no licence claimed"
michel-strogoff-1998,Michel Strogoff,1998,1975.-michael-strogoff-der-kurier-des-zaren-teil-2,1975. Michael Strogoff - Der Kurier des Zaren,"1998, modern television, no licence claimed"
michel-strogoff-1998,Michel Strogoff,1998,1975.-michael-strogoff-der-kurier-des-zaren-teil-3,1975. Michael Strogoff - Der Kurier des Zaren,"1998, modern television, no licence claimed"
michel-strogoff-1998,Michel Strogoff,1998,1975.-michael-strogoff-der-kurier-des-zaren-teil-4,1975. Michael Strogoff - Der Kurier des Zaren,"1998, modern television, no licence claimed"
million-dollars-but-2015,"Million Dollars, But...",2015,TrillionDollarBet,"Million Dollars, But...","2015, modern television, no licence claimed"
million-dollars-but-2015,"Million Dollars, But...",2015,youtube-xd0nxpIK3YM,"2017 05 16 Million Dollars, But... Jessica Nigri In Crashing Through Ceilings","2015, modern television, no licence claimed"
million-dollars-but-2015,"Million Dollars, But...",2015,roosterteeth-9154,"Flaming Butts – MILLION DOLLARS, BUT... Season Finale","2015, modern television, no licence claimed"
million-dollars-but-2015,"Million Dollars, But...",2015,youtube-9-NH-kNkr4I,"Hunted by Linebackers - Million Dollars, But...","2015, modern television, no licence claimed"
minder-1979,Minder,1979,minder-1979-se-1-ep-1-gunfight-at-the-ok-laundrette,Gunfight at the OK Launderette,"1979, modern television, no licence claimed"
minder-1979,Minder,1979,minder-1979-se-1-ep-2-bury-my-half-at-waltham-green,Bury My Half at Waltham Green,"1979, modern television, no licence claimed"
minder-1979,Minder,1979,minder-1979-se-1-ep-3-the-smaller-they-are,The Smaller They Are ...,"1979, modern television, no licence claimed"
minder-1979,Minder,1979,minder-1989-se-7-ep-4-the-last-video-show,A Tethered Goat,"1979, modern television, no licence claimed"
minder-1979,Minder,1979,minder-1994-se-10-ep-5-the-immaculate-contraption,The Bounty Hunter,"1979, modern television, no licence claimed"
minder-1979,Minder,1979,minder-1979-se-1-ep-6-aces-high-and-sometimes-very-low,Aces High and Sometimes Very Low,"1979, modern television, no licence claimed"
minder-1979,Minder,1979,minder-1994-se-10-ep-7-the-great-depression-of-1994,The Bengal Tiger,"1979, modern television, no licence claimed"
minder-1979,Minder,1979,minder-1982-se-3-ep-8-the-son-also-rises,"Come in T-46, Your Time is Ticking Away","1979, modern television, no licence claimed"
minder-1979,Minder,1979,minder-1980-se-1-ep-9-monday-night-fever,Monday Night Fever,"1979, modern television, no licence claimed"
minder-1979,Minder,1979,minder-1980-se-1-ep-10-dessert-song,The Dessert Song,"1979, modern television, no licence claimed"
minder-1979,Minder,1979,minder-1984-se-4-ep-11-get-daley,You Gotta Have Friends,"1979, modern television, no licence claimed"
minder-1979,Minder,1979,minder-1980-se-2-ep-13-a-lot-of-bull-and-a-pat-on-the-back,A Lot of Bull and a Pat on the Back,"1979, modern television, no licence claimed"
minder-1979,Minder,1979,minder-1982-se-3-ep-12-back-in-good-old-england,Back in Good Old England,"1979, modern television, no licence claimed"
minder-1979,Minder,1979,minder-1991-se-8-ep-12-the-coach-that-came-in-from-the-cold,The Coach That Came in from the Cold,"1979, modern television, no licence claimed"
minder-1979,Minder,1979,minder-1993-se-9-ep-13-for-a-few-dollars-more,For a Few Dollars More,"1979, modern television, no licence claimed"
minder-1979,Minder,1979,minder-1982-se-3-ep-1-dead-men-do-tell-tales,Dead Men Do Tell Tales,"1979, modern television, no licence claimed"
minder-1979,Minder,1979,minder-1985-se-6-ep-1-give-us-this-day-arthur-daleys-bread,Give Us This Day Arthur Daley's Bread,"1979, modern television, no licence claimed"
minder-1979,Minder,1979,minder-1984-se-5-ep-1-goodbye-sailor,Goodbye Sailor,"1979, modern television, no licence claimed"
minder-1979,Minder,1979,minder-1994-se-10-ep-1-a-fridge-too-far,Gunfight at the OK Launderette,"1979, modern television, no licence claimed"
minder-1979,Minder,1979,minder-1993-se-9-ep-1-ill-never-forget-whats-ername,I'll Never Forget Whats'ername,"1979, modern television, no licence claimed"
minder-1979,Minder,1979,minder-1980-se-2-ep-1-national-pelmet,National Pelmet,"1979, modern television, no licence claimed"
minder-1979,Minder,1979,minder-1991-se-8-ep-1-the-loneliness-of-the-long-distance-entrepreneur,The Loneliness of the Long Distance Entrepreneur,"1979, modern television, no licence claimed"
minder-1979,Minder,1979,minder-1991-se-8-ep-2-a-bouquet-of-barbed-wine,A Bouquet of Barbed Wire,"1979, modern television, no licence claimed"
minder-1979,Minder,1979,minder-1993-se-9-ep-2-no-way-to-treat-a-daley,Bury My Half at Waltham Green,"1979, modern television, no licence claimed"
minder-1979,Minder,1979,minder-1989-se-7-ep-2-days-of-fines-and-closures,Days of Fines and Closures,"1979, modern television, no licence claimed"
minder-1979,Minder,1979,minder-1985-se-6-ep-2-life-in-the-fast-food-lane,Life in the Fast Food Lane,"1979, modern television, no licence claimed"
minder-1979,Minder,1979,minder-1984-se-4-ep-2-rocky-eight-and-a-half,Rocky Eight and a Half,"1979, modern television, no licence claimed"
minder-1979,Minder,1979,minder-1984-se-5-ep-2-what-makes-shamy-run,What Makes Shamy Run,"1979, modern television, no licence claimed"
minder-1979,Minder,1979,minder-1980-se-2-ep-2-whose-wife-is-it-anyway,Whose Wife Is It Anyway?,"1979, modern television, no licence claimed"
minder-1979,Minder,1979,minder-1989-se-7-ep-3-fatal-impression,Fatal Impression,"1979, modern television, no licence claimed"
minder-1979,Minder,1979,minder-1982-se-3-ep-3-rembrandt-doesnt-live-here-anymore,Rembrandt Doesn't Live Here Anymore,"1979, modern television, no licence claimed"
minder-1979,Minder,1979,minder-1985-se-6-ep-3-the-return-of-the-invincible-man,Return of the Invincible Man,"1979, modern television, no licence claimed"
minder-1979,Minder,1979,minder-1984-se-4-ep-3-senior-citizen-caine,Senior Citizen Caine,"1979, modern television, no licence claimed"
minder-1979,Minder,1979,minder-1994-se-10-ep-3-all-things-brighton-beautiful,The Smaller They Are...,"1979, modern television, no licence claimed"
minder-1979,Minder,1979,minder-1993-se-9-ep-3-uneasy-rider,Uneasy Rider,"1979, modern television, no licence claimed"
minder-1979,Minder,1979,minder-1991-se-8-ep-3-whatever-happened-to-her-indoors,Whatever Happened to Her Indoors?,"1979, modern television, no licence claimed"
minder-1979,Minder,1979,minder-1994-se-10-ep-4-one-flew-over-the-parents-nest,A Tethered Goat,"1979, modern television, no licence claimed"
minder-1979,Minder,1979,minder-1985-se-6-ep-4-arthur-is-dead-long-live-arthur,"Arthur is Dead, Long Live Arthur","1979, modern television, no licence claimed"
minder-1979,Minder,1979,minder-1980-se-2-ep-4-dont-tell-them-willie-boy-was-here,Don't Tell Them Willie Boy Was Here,"1979, modern television, no licence claimed"
minder-1979,Minder,1979,minder-1984-se-4-ep-4-high-drains-pilferer,High Drains Pilferer,"1979, modern television, no licence claimed"
minder-1979,Minder,1979,minder-1993-se-9-ep-4-looking-for-mr.-goodtime,Looking for Mr. Goodtime,"1979, modern television, no licence claimed"
minder-1979,Minder,1979,minder-1991-se-8-ep-4-three-cons-make-a-mountain,Three Cons Make a Mountain,"1979, modern television, no licence claimed"
minder-1979,Minder,1979,minder-1989-se-7-ep-5-fiddler-on-the-hoof,Fiddler on the Hoof,"1979, modern television, no licence claimed"
minder-1979,Minder,1979,minder-1985-se-6-ep-5-from-fulham-with-love,From Fulham with Love,"1979, modern television, no licence claimed"
minder-1979,Minder,1979,minder-1991-se-8-ep-5-guess-whos-coming-to-pinner,Guess Who's Coming to Pinner?,"1979, modern television, no licence claimed"
minder-1979,Minder,1979,minder-1993-se-9-ep-5-opportunity-knocks-and-bruises,Opportunity Knocks and Bruises,"1979, modern television, no licence claimed"
minder-1979,Minder,1979,minder-1984-se-5-ep-5-second-hand-pose,Second Hand Pose,"1979, modern television, no licence claimed"
minder-1979,Minder,1979,minder-1984-se-4-ep-5-sorry-pal-wrong-number,"Sorry Pal, Wrong Number","1979, modern television, no licence claimed"
minder-1979,Minder,1979,minder-1994-se-10-ep-6-all-quiet-on-the-west-end-front,Aces High and Sometimes Very Low,"1979, modern television, no licence claimed"
minder-1979,Minder,1979,minder-1982-se-3-ep-6-another-bride-another-groom,"Another Bride, Another Groom","1979, modern television, no licence claimed"
minder-1979,Minder,1979,minder-1993-se-9-ep-6-gone-with-the-winchester,Gone with the Winchester,"1979, modern television, no licence claimed"
minder-1979,Minder,1979,minder-1980-se-2-ep-6-the-beer-hunter,Minder SE2 - EP6 The Beer Hunter,"1979, modern television, no licence claimed"
minder-1979,Minder,1979,minder-1991-se-8-ep-6-the-last-temptation-of-daley,The Last Temptation of Daley,"1979, modern television, no licence claimed"
minder-1979,Minder,1979,minder-1985-se-6-ep-6-waiting-for-goddard,Waiting for Goddard,"1979, modern television, no licence claimed"
minder-1979,Minder,1979,minder-1991-se-8-ep-7-a-bird-in-the-hand-is-worth-two-in-shepherds-bush,A Bird in the Hand is Worth Two in Shepherd's Bush,"1979, modern television, no licence claimed"
minder-1979,Minder,1979,minder-1993-se-9-ep-7-how-to-succeed-in-business-without-really-retiring,How to Succeed in Business Without Really Retiring,"1979, modern television, no licence claimed"
minder-1979,Minder,1979,minder-1984-se-5-ep-7-hypnotising-rita,Hypnotising Rita,"1979, modern television, no licence claimed"
minder-1979,Minder,1979,minder-1984-se-4-ep-7-if-money-be-the-food-of-love-play-on,"If Money Be the Food of Love, Play On","1979, modern television, no licence claimed"
minder-1979,Minder,1979,minder-1982-se-3-ep-7-the-birdman-of-wormwood-scrubs,The Birdman of Wormwood Scrubs,"1979, modern television, no licence claimed"
minder-1979,Minder,1979,minder-1984-se-4-ep-8-a-star-is-gorn,A Star is Gorn,"1979, modern television, no licence claimed"
minder-1979,Minder,1979,minder-1993-se-9-ep-8-the-roof-of-all-evil,"Come in T-64, Your Time is Ticking Away","1979, modern television, no licence claimed"
minder-1979,Minder,1979,minder-1980-se-2-ep-9-diamonds-are-a-girls-worst-enemy,Diamonds Are a Girl's Worst Enemy,"1979, modern television, no licence claimed"
minder-1979,Minder,1979,minder-1994-se-10-ep-9-bring-me-the-head-of-arthur-daley,Monday Night Fever,"1979, modern television, no licence claimed"
minder-1979,Minder,1979,minder-1991-se-8-ep-9-the-greatest-show-in-willesden,The Greatest Show in Willesden,"1979, modern television, no licence claimed"
minder-1979,Minder,1979,minder-1984-se-4-ep-9-willesden-suite,Willesden Suite,"1979, modern television, no licence claimed"
minder-1979,Minder,1979,minder-1982-se-3-ep-10-broken-arrow,Broken Arrow,"1979, modern television, no licence claimed"
minder-1979,Minder,1979,minder-1993-se-9-ep-10-cars-and-pints-and-pains,Cars and Pints and Pains,"1979, modern television, no licence claimed"
minder-1979,Minder,1979,minder-1984-se-4-ep-10-windows,Minder SE4 - EP10 Windows,"1979, modern television, no licence claimed"
minder-1979,Minder,1979,minder-1994-se-10-ep-10-the-long-good-thursday,The Dessert Song,"1979, modern television, no licence claimed"
minder-1979,Minder,1979,minder-1991-se-8-ep-10-too-many-crooks,Too Many Crooks,"1979, modern television, no licence claimed"
minder-1979,Minder,1979,minder-1991-se-8-ep-11-the-odds-couple,Minder SE8 - EP11 The Odds Couple,"1979, modern television, no licence claimed"
minder-1979,Minder,1979,minder-1993-se-9-ep-11-the-great-trilby,You Gotta Have Friends,"1979, modern television, no licence claimed"
minder-1979,Minder,1979,minder-1993-se-9-ep-12-a-taste-of-money,Minder SE9 - EP12 A Taste Of Money,"1979, modern television, no licence claimed"
minder-1979,Minder,1979,minder-1991-se-8-ep-13-the-cruel-canal,Minder SE8 - EP13 The Cruel Canal,"1979, modern television, no licence claimed"
minder-1979,Minder,1979,minder-1985-se-6-tv-film-minder-on-the-orient-express,Minder SE6 - TV Film: Minder On The Orient Express,"1979, modern television, no licence claimed"
minder-1979,Minder,1979,minder-1988-se-7-tv-film-an-officer-and-a-car-salesman,Minder SE7 - TV Film: An Officer And A Car Salesman,"1979, modern television, no licence claimed"
minder-80s-tv-1960,Minder 80s TV,,minder-80s-tv-1980-se-2-ep-4-dont-tell-them-willie-boy-was-here,Minder 80s TV ( 1980) SE 2 EP 4 Dont Tell Them Willie Boy Was Here,"1980, modern television, no licence claimed"
minder-80s-tv-1960,Minder 80s TV,,minder-80s-tv-1980-se-2-ep-10-the-old-school-tie,Minder 80s TV ( 1980) SE 2 EP 10 The Old School Tie,"1980, modern television, no licence claimed"
minder-80s-tv-1960,Minder 80s TV,,minder-80s-tv-1979-se-1-ep-11-you-gotta-have-friends,Minder 80s TV ( 1979) SE 1 EP 11 You Gotta Have Friends,"1980, modern television, no licence claimed"
moone-boy-2012,Moone Boy,2012,moone-boy-s01E01-men-of-the-houses,Men of the Houses,"2012, modern television, no licence claimed"
moone-boy-2012,Moone Boy,2012,moone-boy-s01E02-bunch-of-marys,Bunch of Marys,"2012, modern television, no licence claimed"
moone-boy-2012,Moone Boy,2012,moone-boy-s01E03-another-prick-in-the-wall,Another Prick in the Wall,"2012, modern television, no licence claimed"
moone-boy-2012,Moone Boy,2012,moone-boy-s01E04-dark-side-of-the-moone,Dark Side of the Moone,"2012, modern television, no licence claimed"
moone-boy-2012,Moone Boy,2012,moone-boy-s01E05-godfellas,Godfellas,"2012, modern television, no licence claimed"
moone-boy-2012,Moone Boy,2012,moone-boy-s01E06-the-bell-end-of-an-era,The Bell-End of an Era,"2012, modern television, no licence claimed"
moone-boy-2012,Moone Boy,2012,moone-boy-s02E01-boyle-boyle-boyle,"Boylé, Boylé, Boylé","2012, modern television, no licence claimed"
moone-boy-2012,Moone Boy,2012,moone-boy-s02E02-moone-dance,Moone Dance,"2012, modern television, no licence claimed"
moone-boy-2012,Moone Boy,2012,moone-boy-s02E03-ghost-raft,Ghost Raft,"2012, modern television, no licence claimed"
moone-boy-2012,Moone Boy,2012,moone-boy-s02E04-handball-duel,Handball Duel,"2012, modern television, no licence claimed"
moone-boy-2012,Moone Boy,2012,moone-boy-s02E05-stags-and-hens,Stags and Hens,"2012, modern television, no licence claimed"
moone-boy-2012,Moone Boy,2012,moone-boy-s02E06-the-boyle-wedding,The Boyle Wedding,"2012, modern television, no licence claimed"
moone-boy-2012,Moone Boy,2012,moone-boy-s03E01-where-the-streets-do-have-names,Where the Streets Do Have Names,"2012, modern television, no licence claimed"
moone-boy-2012,Moone Boy,2012,moone-boy-s03E02-the-plunder-years,The Plunder Years,"2012, modern television, no licence claimed"
moone-boy-2012,Moone Boy,2012,moone-boy-s03E03-fecks-lies-and-videotape,"Fecks, Lies and Videotape","2012, modern television, no licence claimed"
moone-boy-2012,Moone Boy,2012,moone-boy-s03E04-unidentified-feckin-objects,Unidentified Feckin' Objects,"2012, modern television, no licence claimed"
moone-boy-2012,Moone Boy,2012,moone-boy-s03E05-bells-n-smells,Bells 'N' Smells,"2012, modern television, no licence claimed"
moone-boy-2012,Moone Boy,2012,moone-boy-s03E06-gershwin-s-bucket-list,A Bucket List for George Gershwin,"2012, modern television, no licence claimed"
mother-love-1989,Mother Love,1989,mother-love.-s-01-e-01,Part 2,"1989, modern television, no licence claimed"
mother-love-1989,Mother Love,1989,TheSingleGuyMotherLoveS2E16,The Single Guy- Mother Love,"1989, modern television, no licence claimed"
mr-show-1995,Mr. Show,1995,Mr.ShowS01E01,The Cry of a Hungry Baby,"1995, modern television, no licence claimed"
mr-show-1995,Mr. Show,1995,Mr.ShowS01E02,What to Think,"1995, modern television, no licence claimed"
mr-show-1995,Mr. Show,1995,Mr.ShowS01E03,We Regret to Inform You,"1995, modern television, no licence claimed"
mr-show-1995,Mr. Show,1995,Mr.ShowS01E04,Who Let You In?,"1995, modern television, no licence claimed"
murphy-brown-1988,Murphy Brown,1988,murphy-brown-s01E01-respect,Respect,"1988, modern television, no licence claimed"
murphy-brown-1988,Murphy Brown,1988,murphy-brown-s01E02-devil-with-a-blue-dress-on,Devil with a Blue Dress On,"1988, modern television, no licence claimed"
murphy-brown-1988,Murphy Brown,1988,murphy-brown-s01E03-nowhere-to-run,Nowhere to Run,"1988, modern television, no licence claimed"
murphy-brown-1988,Murphy Brown,1988,murphy-brown-s01E04-signed-sealed-delivered,"Signed, Sealed, Delivered","1988, modern television, no licence claimed"
murphy-brown-1988,Murphy Brown,1988,murphy-brown-s01E05-murphy-s-pony,Murphy's Pony,"1988, modern television, no licence claimed"
murphy-brown-1988,Murphy Brown,1988,murphy-brown-s01E06-baby-love,Baby Love,"1988, modern television, no licence claimed"
murphy-brown-1988,Murphy Brown,1988,murphy-brown-s01E07-set-me-free,Set Me Free,"1988, modern television, no licence claimed"
murphy-brown-1988,Murphy Brown,1988,murphy-brown-s01E08-and-so-he-goes,And So He Goes,"1988, modern television, no licence claimed"
murphy-brown-1988,Murphy Brown,1988,murphy-brown-s01E09-i-would-have-danced-all-night,I Would Have Danced All Night,"1988, modern television, no licence claimed"
murphy-brown-1988,Murphy Brown,1988,murphy-brown-s01E10-kyle,Kyle,"1988, modern television, no licence claimed"
murphy-brown-1988,Murphy Brown,1988,murphy-brown-s01E11-off-the-job-experience,Off the Job Experience,"1988, modern television, no licence claimed"
murphy-brown-1988,Murphy Brown,1988,murphy-brown-s01E12-why-do-fools-fall-in-love,Why Do Fools Fall in Love?,"1988, modern television, no licence claimed"
murphy-brown-1988,Murphy Brown,1988,murphy-brown-s01E13-soul-man,Soul Man,"1988, modern television, no licence claimed"
murphy-brown-1988,Murphy Brown,1988,murphy-brown-s01E14-it-s-how-you-play-the-game,It's How You Play the Game,"1988, modern television, no licence claimed"
murphy-brown-1988,Murphy Brown,1988,murphy-brown-s01E15-mama-said,Mama Said,"1988, modern television, no licence claimed"
murphy-brown-1988,Murphy Brown,1988,murphy-brown-s01E16-moscow-on-the-potomac,Moscow on the Potomac,"1988, modern television, no licence claimed"
murphy-brown-1988,Murphy Brown,1988,murphy-brown-s01E17-my-dinner-with-einstein,My Dinner with Einstein,"1988, modern television, no licence claimed"
murphy-brown-1988,Murphy Brown,1988,murphy-brown-s01E18-funnies-girl,Funnies Girl,"1988, modern television, no licence claimed"
murphy-brown-1988,Murphy Brown,1988,murphy-brown-s01E19-the-unshrinkable-murphy-brown,The Unshrinkable Murphy Brown,"1988, modern television, no licence claimed"
murphy-brown-1988,Murphy Brown,1988,murphy-brown-s01E20-the-summer-of-77,The Summer of '77,"1988, modern television, no licence claimed"
murphy-brown-1988,Murphy Brown,1988,murphy-brown-s01E21-the-bickners,The Bickners,"1988, modern television, no licence claimed"
murphy-brown-1988,Murphy Brown,1988,murphy-brown-s01E22-the-morning-show,The Morning Show,"1988, modern television, no licence claimed"
murphy-brown-1988,Murphy Brown,1988,murphy-brown-s02E01-the-brothers-silverberg,The Brothers Silverberg,"1988, modern television, no licence claimed"
murphy-brown-1988,Murphy Brown,1988,murphy-brown-s02E02-anchors-away,Anchors Away,"1988, modern television, no licence claimed"
murphy-brown-1988,Murphy Brown,1988,murphy-brown-s02E03-the-memo-that-got-away,The Memo that Got Away,"1988, modern television, no licence claimed"
murphy-brown-1988,Murphy Brown,1988,murphy-brown-s02E04-tv-or-not-tv,TV or Not TV,"1988, modern television, no licence claimed"
murphy-brown-1988,Murphy Brown,1988,murphy-brown-s02E05-miles-big-adventure,Miles' Big Adventure,"1988, modern television, no licence claimed"
murphy-brown-1988,Murphy Brown,1988,murphy-brown-s02E06-buddies-schmuddies,Buddies Schmuddies,"1988, modern television, no licence claimed"
murphy-brown-1988,Murphy Brown,1988,murphy-brown-s02E07-whose-garbage-is-it-anyway,Whose Garbage is it Anyway?,"1988, modern television, no licence claimed"
murphy-brown-1988,Murphy Brown,1988,murphy-brown-s02E08-and-the-whiner-is,And the Whiner Is...,"1988, modern television, no licence claimed"
murphy-brown-1988,Murphy Brown,1988,murphy-brown-s02E09-roasted,Roasted,"1988, modern television, no licence claimed"
murphy-brown-1988,Murphy Brown,1988,murphy-brown-s02E10-brown-like-me-1,Brown Like Me (1),"1988, modern television, no licence claimed"
murphy-brown-1988,Murphy Brown,1988,murphy-brown-s02E11-brown-like-me-2,Brown Like Me (2),"1988, modern television, no licence claimed"
murphy-brown-1988,Murphy Brown,1988,murphy-brown-s02E12-the-strike,The Strike,"1988, modern television, no licence claimed"
murphy-brown-1988,Murphy Brown,1988,murphy-brown-s02E13-here-s-to-you-mrs-kinsella,Here's to You Mrs. Kinsella,"1988, modern television, no licence claimed"
murphy-brown-1988,Murphy Brown,1988,murphy-brown-s02E14-what-are-you-doing-new-year-s-eve,What Are You Doing New Year's Eve?,"1988, modern television, no licence claimed"
murphy-brown-1988,Murphy Brown,1988,murphy-brown-s02E15-subpoena-envy,Subpoena Envy,"1988, modern television, no licence claimed"
murphy-brown-1988,Murphy Brown,1988,murphy-brown-s02E16-i-want-my-fyi,I Want My FYI,"1988, modern television, no licence claimed"
murphy-brown-1988,Murphy Brown,1988,murphy-brown-s02E17-frankly-speaking,Frankly Speaking,"1988, modern television, no licence claimed"
murphy-brown-1988,Murphy Brown,1988,murphy-brown-s02E18-the-murphy-brown-school-of-broadcasting,The Murphy Brown School of Broadcasting,"1988, modern television, no licence claimed"
murphy-brown-1988,Murphy Brown,1988,murphy-brown-s02E19-bad-girls,Bad Girls,"1988, modern television, no licence claimed"
murphy-brown-1988,Murphy Brown,1988,murphy-brown-s02E20-heart-of-gold,Heart of Gold,"1988, modern television, no licence claimed"
murphy-brown-1988,Murphy Brown,1988,murphy-brown-s02E21-on-the-road-again,On the Road Again,"1988, modern television, no licence claimed"
murphy-brown-1988,Murphy Brown,1988,murphy-brown-s02E22-but-first-a-word-from-our-sponsor,But First a Word from Our Sponsor,"1988, modern television, no licence claimed"
murphy-brown-1988,Murphy Brown,1988,murphy-brown-s02E23-frank-s-appendectomy,Frank's Appendectomy,"1988, modern television, no licence claimed"
murphy-brown-1988,Murphy Brown,1988,murphy-brown-s02E24-fax-or-fiction,Fax or Fiction,"1988, modern television, no licence claimed"
murphy-brown-1988,Murphy Brown,1988,murphy-brown-s02E25-the-bitch-s-back,The Bitch's Back,"1988, modern television, no licence claimed"
murphy-brown-1988,Murphy Brown,1988,murphy-brown-s02E26-going-to-the-chapel-1,Going to the Chapel (1),"1988, modern television, no licence claimed"
murphy-brown-1988,Murphy Brown,1988,murphy-brown-s02E27-going-to-the-chapel-2,Going to the Chapel (2),"1988, modern television, no licence claimed"
murphy-brown-1988,Murphy Brown,1988,murphy-brown-s03E01-the-390th-broadcast,The 390th Broadcast,"1988, modern television, no licence claimed"
murphy-brown-1988,Murphy Brown,1988,murphy-brown-s03E02-brown-and-blue,Brown and Blue,"1988, modern television, no licence claimed"
murphy-brown-1988,Murphy Brown,1988,murphy-brown-s03E03-loco-hero,Loco Hero,"1988, modern television, no licence claimed"
murphy-brown-1988,Murphy Brown,1988,murphy-brown-s03E04-strike-two,Strike Two,"1988, modern television, no licence claimed"
murphy-brown-1988,Murphy Brown,1988,murphy-brown-s03E05-the-gold-rush,The Gold Rush,"1988, modern television, no licence claimed"
murphy-brown-1988,Murphy Brown,1988,murphy-brown-s03E06-bob-murphy-ted-avery,Bob & Murphy & Ted & Avery,"1988, modern television, no licence claimed"
murphy-brown-1988,Murphy Brown,1988,murphy-brown-s03E07-the-last-laugh,The Last Laugh,"1988, modern television, no licence claimed"
murphy-brown-1988,Murphy Brown,1988,murphy-brown-s03E08-rootless-people,Rootless People,"1988, modern television, no licence claimed"
murphy-brown-1988,Murphy Brown,1988,murphy-brown-s03E09-the-bummer-of-42,The Bummer of 42,"1988, modern television, no licence claimed"
murphy-brown-1988,Murphy Brown,1988,murphy-brown-s03E10-trouble-in-sherwood-forrest,Trouble in Sherwood-Forrest,"1988, modern television, no licence claimed"
murphy-brown-1988,Murphy Brown,1988,murphy-brown-s03E11-jingle-hell-jingle-hell-jingle-all-the-way,"Jingle Hell, Jingle Hell, Jingle All the Way","1988, modern television, no licence claimed"
murphy-brown-1988,Murphy Brown,1988,murphy-brown-s03E12-retreat,Retreat,"1988, modern television, no licence claimed"
murphy-brown-1988,Murphy Brown,1988,murphy-brown-s03E13-eldin-imitates-life,Eldin Imitates Life,"1988, modern television, no licence claimed"
murphy-brown-1988,Murphy Brown,1988,murphy-brown-s03E14-contractions,Contractions,"1988, modern television, no licence claimed"
murphy-brown-1988,Murphy Brown,1988,murphy-brown-s03E15-hoarse-play,Hoarse Play,"1988, modern television, no licence claimed"
murphy-brown-1988,Murphy Brown,1988,murphy-brown-s03E16-the-novel,The Novel,"1988, modern television, no licence claimed"
murphy-brown-1988,Murphy Brown,1988,murphy-brown-s03E17-terror-on-the-17th-floor,Terror on the 17th Floor,"1988, modern television, no licence claimed"
murphy-brown-1988,Murphy Brown,1988,murphy-brown-s03E18-on-another-plane-1,On Another Plane (1),"1988, modern television, no licence claimed"
murphy-brown-1988,Murphy Brown,1988,murphy-brown-s03E19-on-another-plane-2,On Another Plane (2),"1988, modern television, no licence claimed"
murphy-brown-1988,Murphy Brown,1988,murphy-brown-s03E20-driving-miss-crazy,Driving Miss Crazy,"1988, modern television, no licence claimed"
murphy-brown-1988,Murphy Brown,1988,murphy-brown-s03E21-everytime-it-rains-you-get-wet,Everytime it Rains... You Get Wet,"1988, modern television, no licence claimed"
murphy-brown-1988,Murphy Brown,1988,murphy-brown-s03E22-corky-s-place,Corky's Place,"1988, modern television, no licence claimed"
murphy-brown-1988,Murphy Brown,1988,murphy-brown-s03E23-small,Small,"1988, modern television, no licence claimed"
murphy-brown-1988,Murphy Brown,1988,murphy-brown-s03E24-the-usual-suspects,The Usual Suspects,"1988, modern television, no licence claimed"
murphy-brown-1988,Murphy Brown,1988,murphy-brown-s03E25-q-a-on-fyi,Q & A on FYI,"1988, modern television, no licence claimed"
murphy-brown-1988,Murphy Brown,1988,murphy-brown-s03E26-uh-oh-1,Uh-Oh (1),"1988, modern television, no licence claimed"
murphy-brown-1988,Murphy Brown,1988,murphy-brown-s04E01-uh-oh-2,Uh-Oh (2),"1988, modern television, no licence claimed"
murphy-brown-1988,Murphy Brown,1988,murphy-brown-s04E02-uh-oh-3,Uh-Oh (3),"1988, modern television, no licence claimed"
murphy-brown-1988,Murphy Brown,1988,murphy-brown-s04E03-i-m-as-much-of-a-man-as-i-ever-was,I'm as Much of a Man as I Ever Was,"1988, modern television, no licence claimed"
murphy-brown-1988,Murphy Brown,1988,murphy-brown-s04E04-male-call,Male Call,"1988, modern television, no licence claimed"
murphy-brown-1988,Murphy Brown,1988,murphy-brown-s04E05-the-square-triangle,The Square Triangle,"1988, modern television, no licence claimed"
murphy-brown-1988,Murphy Brown,1988,murphy-brown-s04E06-full-circle,Full Circle,"1988, modern television, no licence claimed"
murphy-brown-1988,Murphy Brown,1988,murphy-brown-s04E07-the-smiths-go-to-washington,The Smiths Go to Washington,"1988, modern television, no licence claimed"
murphy-brown-1988,Murphy Brown,1988,murphy-brown-s04E08-it-came-from-college,It Came from College,"1988, modern television, no licence claimed"
murphy-brown-1988,Murphy Brown,1988,murphy-brown-s04E09-the-queen-of-soul,The Queen of Soul,"1988, modern television, no licence claimed"
murphy-brown-1988,Murphy Brown,1988,murphy-brown-s04E10-inside-murphy-brown,Inside Murphy Brown,"1988, modern television, no licence claimed"
murphy-brown-1988,Murphy Brown,1988,murphy-brown-s04E11-mission-control,Mission Control,"1988, modern television, no licence claimed"
murphy-brown-1988,Murphy Brown,1988,murphy-brown-s04E12-be-it-ever-so-humboldt,Be it Ever So Humboldt,"1988, modern television, no licence claimed"
murphy-brown-1988,Murphy Brown,1988,murphy-brown-s04E13-love-is-blonde,Love is Blonde,"1988, modern television, no licence claimed"
murphy-brown-1988,Murphy Brown,1988,murphy-brown-s04E14-anchor-rancor,Anchor Rancor,"1988, modern television, no licence claimed"
murphy-brown-1988,Murphy Brown,1988,murphy-brown-s04E15-guess-who-s-coming-to-luncheon,Guess Who's Coming to Luncheon,"1988, modern television, no licence claimed"
murphy-brown-1988,Murphy Brown,1988,murphy-brown-s04E16-lovesick,Lovesick,"1988, modern television, no licence claimed"
murphy-brown-1988,Murphy Brown,1988,murphy-brown-s04E17-heartfelt,Heartfelt,"1988, modern television, no licence claimed"
murphy-brown-1988,Murphy Brown,1988,murphy-brown-s04E18-send-in-the-clowns,Send in the Clowns,"1988, modern television, no licence claimed"
murphy-brown-1988,Murphy Brown,1988,murphy-brown-s04E19-murphy-buys-the-farm,Murphy Buys the Farm,"1988, modern television, no licence claimed"
murphy-brown-1988,Murphy Brown,1988,murphy-brown-s04E20-come-out-come-out-wherever-you-are,"Come Out, Come Out, Wherever You Are","1988, modern television, no licence claimed"
murphy-brown-1988,Murphy Brown,1988,murphy-brown-s04E21-rage-before-beauty,Rage Before Beauty,"1988, modern television, no licence claimed"
murphy-brown-1988,Murphy Brown,1988,murphy-brown-s04E22-phil-s-not-so-silent-partner,Phil's Not So Silent Partner,"1988, modern television, no licence claimed"
murphy-brown-1988,Murphy Brown,1988,murphy-brown-s04E23-he-ho-he-ho-it-s-off-to-lamaze-we-go,"He-Ho, He-Ho, It's Off to Lamaze We Go","1988, modern television, no licence claimed"
murphy-brown-1988,Murphy Brown,1988,murphy-brown-s04E24-on-the-rocks,On the Rocks,"1988, modern television, no licence claimed"
murphy-brown-1988,Murphy Brown,1988,murphy-brown-s04E25-a-chance-of-showers,A Chance of Showers,"1988, modern television, no licence claimed"
murphy-brown-1988,Murphy Brown,1988,murphy-brown-s04E26-birth-101,Birth 101,"1988, modern television, no licence claimed"
murphy-brown-1988,Murphy Brown,1988,murphy-brown-s05E01-you-say-potatoe-i-say-potato-1,"You Say Potatoe, I Say Potato (1)","1988, modern television, no licence claimed"
murphy-brown-1988,Murphy Brown,1988,murphy-brown-s05E02-you-say-potatoe-i-say-potato-2,"You Say Potatoe, I Say Potato (2)","1988, modern television, no licence claimed"
murphy-brown-1988,Murphy Brown,1988,murphy-brown-s05E03-life-after-birth,Life After Birth,"1988, modern television, no licence claimed"
murphy-brown-1988,Murphy Brown,1988,murphy-brown-s05E04-black-white-brown,"Black, White & Brown","1988, modern television, no licence claimed"
murphy-brown-1988,Murphy Brown,1988,murphy-brown-s05E05-i-never-sang-for-my-husband,I Never Sang for My Husband,"1988, modern television, no licence claimed"
murphy-brown-1988,Murphy Brown,1988,murphy-brown-s05E06-night-of-living-news,Night of Living News,"1988, modern television, no licence claimed"
murphy-brown-1988,Murphy Brown,1988,murphy-brown-s05E07-a-year-to-remember,A Year to Remember,"1988, modern television, no licence claimed"
murphy-brown-1988,Murphy Brown,1988,murphy-brown-s05E08-midnight-plane-to-paris,Midnight Plane to Paris,"1988, modern television, no licence claimed"
murphy-brown-1988,Murphy Brown,1988,murphy-brown-s05E09-me-thinks-my-parents-doth-protest-too-much,Me Thinks My Parents Doth Protest Too Much,"1988, modern television, no licence claimed"
murphy-brown-1988,Murphy Brown,1988,murphy-brown-s05E10-winners-take-all,Winners Take All,"1988, modern television, no licence claimed"
murphy-brown-1988,Murphy Brown,1988,murphy-brown-s05E11-till-death-or-next-thursday-do-we-part,Till Death or Next Thursday Do We Part,"1988, modern television, no licence claimed"
murphy-brown-1988,Murphy Brown,1988,murphy-brown-s05E12-i-m-dreaming-of-a-brown-christmas,I'm Dreaming of a Brown Christmas,"1988, modern television, no licence claimed"
murphy-brown-1988,Murphy Brown,1988,murphy-brown-s05E13-games-mother-play,Games Mother Play,"1988, modern television, no licence claimed"
murphy-brown-1988,Murphy Brown,1988,murphy-brown-s05E14-the-british-invasion,The British Invasion,"1988, modern television, no licence claimed"
murphy-brown-1988,Murphy Brown,1988,murphy-brown-s05E15-back-to-the-ball,Back to the Ball,"1988, modern television, no licence claimed"
murphy-brown-1988,Murphy Brown,1988,murphy-brown-s05E16-the-intern,The Intern,"1988, modern television, no licence claimed"
murphy-brown-1988,Murphy Brown,1988,murphy-brown-s05E17-trickster-we-hardly-knew-ye,"Trickster, We Hardly Knew Ye","1988, modern television, no licence claimed"
murphy-brown-1988,Murphy Brown,1988,murphy-brown-s05E18-the-world-according-to-avery,The World According to Avery,"1988, modern television, no licence claimed"
murphy-brown-1988,Murphy Brown,1988,murphy-brown-s05E19-bump-in-the-night,Bump in the Night,"1988, modern television, no licence claimed"
murphy-brown-1988,Murphy Brown,1988,murphy-brown-s05E20-to-market-to-market,"To Market, to Market","1988, modern television, no licence claimed"
murphy-brown-1988,Murphy Brown,1988,murphy-brown-s05E21-two-for-the-road,Two for the Road,"1988, modern television, no licence claimed"
murphy-brown-1988,Murphy Brown,1988,murphy-brown-s05E22-murphy-and-the-amazing-leaping-man,Murphy and the Amazing Leaping Man,"1988, modern television, no licence claimed"
murphy-brown-1988,Murphy Brown,1988,murphy-brown-s05E23-the-egg-i,The Egg & I,"1988, modern television, no licence claimed"
murphy-brown-1988,Murphy Brown,1988,murphy-brown-s05E24-ship-of-phil-s,Ship of Phil's,"1988, modern television, no licence claimed"
murphy-brown-1988,Murphy Brown,1988,murphy-brown-s05E25-one,One,"1988, modern television, no licence claimed"
murphy-brown-1988,Murphy Brown,1988,murphy-brown-s06E01-the-more-things-change,The More Things Change,"1988, modern television, no licence claimed"
murphy-brown-1988,Murphy Brown,1988,murphy-brown-s06E02-angst-for-the-memories,Angst for the Memories,"1988, modern television, no licence claimed"
murphy-brown-1988,Murphy Brown,1988,murphy-brown-s06E03-black-and-white-and-read-all-over,Black and White and Read All Over,"1988, modern television, no licence claimed"
murphy-brown-1988,Murphy Brown,1988,murphy-brown-s06E04-political-correctness,Political Correctness,"1988, modern television, no licence claimed"
murphy-brown-1988,Murphy Brown,1988,murphy-brown-s06E05-the-young-the-rest-of-us,The Young & the Rest of Us,"1988, modern television, no licence claimed"
murphy-brown-1988,Murphy Brown,1988,murphy-brown-s06E06-ticket-to-writhe,Ticket to Writhe,"1988, modern television, no licence claimed"
murphy-brown-1988,Murphy Brown,1988,murphy-brown-s06E07-i-don-t-know-you-from-madam,I Don't Know You from Madam,"1988, modern television, no licence claimed"
murphy-brown-1988,Murphy Brown,1988,murphy-brown-s06E08-all-the-life-that-s-fit-to-print,All the Life That's Fit to Print,"1988, modern television, no licence claimed"
murphy-brown-1988,Murphy Brown,1988,murphy-brown-s06E09-bah-humboldt,Bah Humboldt,"1988, modern television, no licence claimed"
murphy-brown-1988,Murphy Brown,1988,murphy-brown-s06E10-reaper-madness,Reaper Madness,"1988, modern television, no licence claimed"
murphy-brown-1988,Murphy Brown,1988,murphy-brown-s06E11-it-s-not-easy-being-brown,It's Not Easy Being Brown,"1988, modern television, no licence claimed"
murphy-brown-1988,Murphy Brown,1988,murphy-brown-s06E12-to-have-and-have-not,To Have and Have Not,"1988, modern television, no licence claimed"
murphy-brown-1988,Murphy Brown,1988,murphy-brown-s06E13-sox-and-the-single-woman,Sox and the Single Woman,"1988, modern television, no licence claimed"
murphy-brown-1988,Murphy Brown,1988,murphy-brown-s06E14-a-piece-of-the-auction,A Piece of the Auction,"1988, modern television, no licence claimed"
murphy-brown-1988,Murphy Brown,1988,murphy-brown-s06E15-the-thrill-of-the-hunt,The Thrill of the Hunt,"1988, modern television, no licence claimed"
murphy-brown-1988,Murphy Brown,1988,murphy-brown-s06E16-the-deal-of-the-art,The Deal of the Art,"1988, modern television, no licence claimed"
murphy-brown-1988,Murphy Brown,1988,murphy-brown-s06E17-the-anchorman,The Anchorman,"1988, modern television, no licence claimed"
murphy-brown-1988,Murphy Brown,1988,murphy-brown-s06E18-fjord-eyes-only,Fjord Eyes Only,"1988, modern television, no licence claimed"
murphy-brown-1988,Murphy Brown,1988,murphy-brown-s06E19-crime-story,Crime Story,"1988, modern television, no licence claimed"
murphy-brown-1988,Murphy Brown,1988,murphy-brown-s06E20-the-fifth-anchor,The Fifth Anchor,"1988, modern television, no licence claimed"
murphy-brown-1988,Murphy Brown,1988,murphy-brown-s06E21-anything-but-cured,Anything But Cured,"1988, modern television, no licence claimed"
murphy-brown-1988,Murphy Brown,1988,murphy-brown-s06E22-the-tip-of-the-silverburg,The Tip of the Silverburg,"1988, modern television, no licence claimed"
murphy-brown-1988,Murphy Brown,1988,murphy-brown-s06E23-it-s-just-like-riding-a-bike,It's Just Like Riding a Bike,"1988, modern television, no licence claimed"
murphy-brown-1988,Murphy Brown,1988,murphy-brown-s06E24-my-movie-with-louis,My Movie with Louis,"1988, modern television, no licence claimed"
murphy-brown-1988,Murphy Brown,1988,murphy-brown-s06E25-the-more-things-stay-the-same,The More Things Stay the Same,"1988, modern television, no licence claimed"
murphy-brown-1988,Murphy Brown,1988,murphy-brown-s07E01-brown-vs-the-board-of-education,Brown vs. The Board of Education,"1988, modern television, no licence claimed"
murphy-brown-1988,Murphy Brown,1988,murphy-brown-s07E02-where-have-you-gone-joe-dimaggio,"Where Have You Gone, Joe DiMaggio?","1988, modern television, no licence claimed"
murphy-brown-1988,Murphy Brown,1988,murphy-brown-s07E03-loose-affiliations,Loose Affiliations,"1988, modern television, no licence claimed"
murphy-brown-1988,Murphy Brown,1988,murphy-brown-s07E04-be-careful-what-you-wish-for,Be Careful What You Wish For,"1988, modern television, no licence claimed"
murphy-brown-1988,Murphy Brown,1988,murphy-brown-s07E05-burger-she-wrote,"Burger, She Wrote","1988, modern television, no licence claimed"
murphy-brown-1988,Murphy Brown,1988,murphy-brown-s07E06-humboldt-iv-judgment-day,Humboldt IV: Judgment Day,"1988, modern television, no licence claimed"
murphy-brown-1988,Murphy Brown,1988,murphy-brown-s07E07-frank-cuts-loose,Frank Cuts Loose,"1988, modern television, no licence claimed"
murphy-brown-1988,Murphy Brown,1988,murphy-brown-s07E08-reporters-make-strange-bedfellows,Reporters Make Strange Bedfellows,"1988, modern television, no licence claimed"
murphy-brown-1988,Murphy Brown,1988,murphy-brown-s07E09-prelude-to-a-kiss,Prelude to a Kiss,"1988, modern television, no licence claimed"
murphy-brown-1988,Murphy Brown,1988,murphy-brown-s07E10-bye-bye-bernecky,Bye Bye Bernecky,"1988, modern television, no licence claimed"
murphy-brown-1988,Murphy Brown,1988,murphy-brown-s07E11-the-secret-life-of-jim-dial,The Secret Life of Jim Dial,"1988, modern television, no licence claimed"
murphy-brown-1988,Murphy Brown,1988,murphy-brown-s07E12-brown-in-toyland,Brown in Toyland,"1988, modern television, no licence claimed"
murphy-brown-1988,Murphy Brown,1988,murphy-brown-s07E13-the-best-and-not-so-brightest,The Best and Not-So-Brightest,"1988, modern television, no licence claimed"
murphy-brown-1988,Murphy Brown,1988,murphy-brown-s07E14-rumble-in-the-alley,Rumble in the Alley,"1988, modern television, no licence claimed"
murphy-brown-1988,Murphy Brown,1988,murphy-brown-s07E15-requiem-for-a-crew-guy,Requiem for a Crew Guy,"1988, modern television, no licence claimed"
murphy-brown-1988,Murphy Brown,1988,murphy-brown-s07E16-i-want-my-mtv-jay,I Want My MTV-Jay,"1988, modern television, no licence claimed"
murphy-brown-1988,Murphy Brown,1988,murphy-brown-s07E17-specific-overtures,Specific Overtures,"1988, modern television, no licence claimed"
murphy-brown-1988,Murphy Brown,1988,murphy-brown-s07E18-a-rat-s-tale,A Rat's Tale,"1988, modern television, no licence claimed"
murphy-brown-1988,Murphy Brown,1988,murphy-brown-s07E19-it-s-miller-time,It's Miller Time,"1988, modern television, no licence claimed"
murphy-brown-1988,Murphy Brown,1988,murphy-brown-s07E20-mcgovern-unclothed,McGovern: Unclothed,"1988, modern television, no licence claimed"
murphy-brown-1988,Murphy Brown,1988,murphy-brown-s07E21-the-good-nephew,The Good Nephew,"1988, modern television, no licence claimed"
murphy-brown-1988,Murphy Brown,1988,murphy-brown-s07E22-fyi-of-the-hurricane,FYI of the Hurricane,"1988, modern television, no licence claimed"
murphy-brown-1988,Murphy Brown,1988,murphy-brown-s07E23-model-relationships,Model Relationships,"1988, modern television, no licence claimed"
murphy-brown-1988,Murphy Brown,1988,murphy-brown-s07E24-make-room-for-daddy,Make Room for Daddy,"1988, modern television, no licence claimed"
murphy-brown-1988,Murphy Brown,1988,murphy-brown-s07E25-retrospective-1,Retrospective (1),"1988, modern television, no licence claimed"
murphy-brown-1988,Murphy Brown,1988,murphy-brown-s07E26-retrospective-2,Retrospective (2),"1988, modern television, no licence claimed"
murphy-brown-1988,Murphy Brown,1988,murphy-brown-s08E01-altered-states,Altered States,"1988, modern television, no licence claimed"
murphy-brown-1988,Murphy Brown,1988,murphy-brown-s08E02-the-awful-truth,The Awful Truth,"1988, modern television, no licence claimed"
murphy-brown-1988,Murphy Brown,1988,murphy-brown-s08E03-fearless-frank,Fearless Frank,"1988, modern television, no licence claimed"
murphy-brown-1988,Murphy Brown,1988,murphy-brown-s08E04-murphy-s-law,Murphy's Law,"1988, modern television, no licence claimed"
murphy-brown-1988,Murphy Brown,1988,murphy-brown-s08E05-sex-or-death,Sex or Death,"1988, modern television, no licence claimed"
murphy-brown-1988,Murphy Brown,1988,murphy-brown-s08E06-miller-s-crossing,Miller's Crossing,"1988, modern television, no licence claimed"
murphy-brown-1988,Murphy Brown,1988,murphy-brown-s08E07-the-feminine-critique,The Feminine Critique,"1988, modern television, no licence claimed"
murphy-brown-1988,Murphy Brown,1988,murphy-brown-s08E08-bad-company,Bad Company,"1988, modern television, no licence claimed"
murphy-brown-1988,Murphy Brown,1988,murphy-brown-s08E09-the-ten-percent-solution,The Ten Percent Solution,"1988, modern television, no licence claimed"
murphy-brown-1988,Murphy Brown,1988,murphy-brown-s08E10-the-humboldt-doldt,The Humboldt Doldt,"1988, modern television, no licence claimed"
murphy-brown-1988,Murphy Brown,1988,murphy-brown-s08E11-dick-and-dottie,Dick and Dottie,"1988, modern television, no licence claimed"
murphy-brown-1988,Murphy Brown,1988,murphy-brown-s08E12-all-in-the-family,All in the Family,"1988, modern television, no licence claimed"
murphy-brown-1988,Murphy Brown,1988,murphy-brown-s08E13-if-you-re-going-to-talk-the-talk,If You're Going to Talk the Talk,"1988, modern television, no licence claimed"
murphy-brown-1988,Murphy Brown,1988,murphy-brown-s08E14-my-fair-miller,My Fair Miller,"1988, modern television, no licence claimed"
murphy-brown-1988,Murphy Brown,1988,murphy-brown-s08E15-old-flames,Old Flames,"1988, modern television, no licence claimed"
murphy-brown-1988,Murphy Brown,1988,murphy-brown-s08E16-up-in-smoke,Up in Smoke,"1988, modern television, no licence claimed"
murphy-brown-1988,Murphy Brown,1988,murphy-brown-s08E17-aftermath,Aftermath,"1988, modern television, no licence claimed"
murphy-brown-1988,Murphy Brown,1988,murphy-brown-s08E18-trick-or-retreat,Trick or Retreat,"1988, modern television, no licence claimed"
murphy-brown-1988,Murphy Brown,1988,murphy-brown-s08E19-all-singing-all-dancing-all-miserable,All Singing! All Dancing! All Miserable!,"1988, modern television, no licence claimed"
murphy-brown-1988,Murphy Brown,1988,murphy-brown-s08E20-the-bus-stops-here,The Bus Stops Here,"1988, modern television, no licence claimed"
murphy-brown-1988,Murphy Brown,1988,murphy-brown-s08E21-when-a-lansing-loves-a-woman,When A. Lansing Loves a Woman,"1988, modern television, no licence claimed"
murphy-brown-1988,Murphy Brown,1988,murphy-brown-s08E22-casa-nova,Casa Nova,"1988, modern television, no licence claimed"
murphy-brown-1988,Murphy Brown,1988,murphy-brown-s08E23-stepping-out-1,Stepping Out (1),"1988, modern television, no licence claimed"
murphy-brown-1988,Murphy Brown,1988,murphy-brown-s08E24-miles-away-2,Miles Away (2),"1988, modern television, no licence claimed"
murphy-brown-1988,Murphy Brown,1988,murphy-brown-s09E01-executive-decision,Executive Decision,"1988, modern television, no licence claimed"
murphy-brown-1988,Murphy Brown,1988,murphy-brown-s09E02-power-play,Power Play,"1988, modern television, no licence claimed"
murphy-brown-1988,Murphy Brown,1988,murphy-brown-s09E03-a-comedy-of-eros,A Comedy of Eros,"1988, modern television, no licence claimed"
murphy-brown-1988,Murphy Brown,1988,murphy-brown-s09E04-son-of-dottie,Son of Dottie,"1988, modern television, no licence claimed"
murphy-brown-1988,Murphy Brown,1988,murphy-brown-s09E05-office-politics,Office Politics,"1988, modern television, no licence claimed"
murphy-brown-1988,Murphy Brown,1988,murphy-brown-s09E06-phil-s-dead-long-live-phil-s,Phil's Dead - Long Live Phil's,"1988, modern television, no licence claimed"
murphy-brown-1988,Murphy Brown,1988,murphy-brown-s09E07-that-s-the-way-the-corky-crumbles,That's the Way the Corky Crumbles,"1988, modern television, no licence claimed"
murphy-brown-1988,Murphy Brown,1988,murphy-brown-s09E08-defending-your-life,Defending Your Life,"1988, modern television, no licence claimed"
murphy-brown-1988,Murphy Brown,1988,murphy-brown-s09E09-underdogs,Underdogs,"1988, modern television, no licence claimed"
murphy-brown-1988,Murphy Brown,1988,murphy-brown-s09E10-nobody-s-perfect,Nobody's Perfect,"1988, modern television, no licence claimed"
murphy-brown-1988,Murphy Brown,1988,murphy-brown-s09E11-a-one-night-stan,A One Night Stan,"1988, modern television, no licence claimed"
murphy-brown-1988,Murphy Brown,1988,murphy-brown-s09E12-seperation-anxiety,Seperation Anxiety,"1988, modern television, no licence claimed"
murphy-brown-1988,Murphy Brown,1988,murphy-brown-s09E13-montezuma-s-retreat,Montezuma's Retreat,"1988, modern television, no licence claimed"
murphy-brown-1988,Murphy Brown,1988,murphy-brown-s09E14-the-big-thaw,The Big Thaw,"1988, modern television, no licence claimed"
murphy-brown-1988,Murphy Brown,1988,murphy-brown-s09E15-who-do-you-truss,Who Do You Truss?,"1988, modern television, no licence claimed"
murphy-brown-1988,Murphy Brown,1988,murphy-brown-s09E16-you-don-t-know-jackal,You Don't Know Jackal,"1988, modern television, no licence claimed"
murphy-brown-1988,Murphy Brown,1988,murphy-brown-s09E17-blind-date,Blind Date,"1988, modern television, no licence claimed"
murphy-brown-1988,Murphy Brown,1988,murphy-brown-s09E18-oh-danny-boy,"Oh, Danny Boy","1988, modern television, no licence claimed"
murphy-brown-1988,Murphy Brown,1988,murphy-brown-s09E19-desperate-times,Desperate Times,"1988, modern television, no licence claimed"
murphy-brown-1988,Murphy Brown,1988,murphy-brown-s09E20-and-that-s-the-way-it-was,And That's the Way it Was?,"1988, modern television, no licence claimed"
murphy-brown-1988,Murphy Brown,1988,murphy-brown-s09E21-how-to-marry-a-billionaire,How to Marry a Billionaire,"1988, modern television, no licence claimed"
murphy-brown-1988,Murphy Brown,1988,murphy-brown-s09E22-hero-today-gone-tomorrow,"Hero Today, Gone Tomorrow","1988, modern television, no licence claimed"
murphy-brown-1988,Murphy Brown,1988,murphy-brown-s09E23-mama-miller,Mama Miller,"1988, modern television, no licence claimed"
murphy-brown-1988,Murphy Brown,1988,murphy-brown-s09E24-when-one-door-closes,When One Door Closes ...,"1988, modern television, no licence claimed"
murphy-brown-1988,Murphy Brown,1988,murphy-brown-s10E01-murphy-redux,Murphy Redux,"1988, modern television, no licence claimed"
murphy-brown-1988,Murphy Brown,1988,murphy-brown-s10E02-a-butcher-a-faker-a-bummed-out-promo-maker,"A Butcher, a Faker, a Bummed-Out Promo Maker","1988, modern television, no licence claimed"
murphy-brown-1988,Murphy Brown,1988,murphy-brown-s10E03-ectomy-schmectomy,"Ectomy, Schmectomy","1988, modern television, no licence claimed"
murphy-brown-1988,Murphy Brown,1988,murphy-brown-s10E04-operation-murphy-brown,Operation: Murphy Brown,"1988, modern television, no licence claimed"
murphy-brown-1988,Murphy Brown,1988,murphy-brown-s10E05-florence-night-en-corky,Florence Night-en Corky,"1988, modern television, no licence claimed"
murphy-brown-1988,Murphy Brown,1988,murphy-brown-s10E06-waiting-to-inhale,Waiting to Inhale,"1988, modern television, no licence claimed"
murphy-brown-1988,Murphy Brown,1988,murphy-brown-s10E07-petty-woman,Petty Woman,"1988, modern television, no licence claimed"
murphy-brown-1988,Murphy Brown,1988,murphy-brown-s10E08-from-here-to-jerusalem,From Here to Jerusalem,"1988, modern television, no licence claimed"
murphy-brown-1988,Murphy Brown,1988,murphy-brown-s10E09-tempus-fugit,Tempus Fugit,"1988, modern television, no licence claimed"
murphy-brown-1988,Murphy Brown,1988,murphy-brown-s10E10-i-hear-a-symphony,I Hear a Symphony,"1988, modern television, no licence claimed"
murphy-brown-1988,Murphy Brown,1988,murphy-brown-s10E11-from-the-terrace,From the Terrace,"1988, modern television, no licence claimed"
murphy-brown-1988,Murphy Brown,1988,murphy-brown-s10E12-the-last-temptation-of-murphy,The Last Temptation of Murphy,"1988, modern television, no licence claimed"
murphy-brown-1988,Murphy Brown,1988,murphy-brown-s10E13-turpis-capillus-annus-bad-hair-day,Turpis Capillus Annus (Bad Hair Day),"1988, modern television, no licence claimed"
murphy-brown-1988,Murphy Brown,1988,murphy-brown-s10E14-wee-small-hours,Wee Small Hours,"1988, modern television, no licence claimed"
murphy-brown-1988,Murphy Brown,1988,murphy-brown-s10E15-then-and-now,Then and Now,"1988, modern television, no licence claimed"
murphy-brown-1988,Murphy Brown,1988,murphy-brown-s10E16-opus-one,Opus One,"1988, modern television, no licence claimed"
murphy-brown-1988,Murphy Brown,1988,murphy-brown-s10E17-seems-like-gold-times,Seems Like Gold Times,"1988, modern television, no licence claimed"
murphy-brown-1988,Murphy Brown,1988,murphy-brown-s10E18-second-time-around,Second Time Around,"1988, modern television, no licence claimed"
murphy-brown-1988,Murphy Brown,1988,murphy-brown-s10E19-a-man-and-a-woman,A Man and a Woman,"1988, modern television, no licence claimed"
murphy-brown-1988,Murphy Brown,1988,murphy-brown-s10E20-dial-and-substance,Dial and Substance,"1988, modern television, no licence claimed"
murphy-brown-1988,Murphy Brown,1988,murphy-brown-s10E21-never-can-say-goodbye-1,Never Can Say Goodbye (1),"1988, modern television, no licence claimed"
murphy-brown-1988,Murphy Brown,1988,murphy-brown-s10E22-never-can-say-goodbye-2,Never Can Say Goodbye (2),"1988, modern television, no licence claimed"
never-the-twain-1981,Never the Twain,1981,never-the-twain-s-01-e-04-a-matched-pair,A Matched Pair,"1981, modern television, no licence claimed"
new-york-undercover-1994,New York Undercover,1994,NewYorkUndercoverS1E16,Mama Said Knock You Out,"1994, modern television, no licence claimed"
new-york-undercover-1994,New York Undercover,1994,NewYorkUndercoverS4E11GoingNative,Going Native,"1994, modern television, no licence claimed"
not-the-nine-o-1979,Not the Nine O,1979,not-the-nine-o-clock-news-s-1x-e-1-16-october-1979,"Not the Nine O'Clock News - Series 1, Episode1 (1979)","1979, modern television, no licence claimed"
not-the-nine-o-1979,Not the Nine O,1979,not-the-nine-o-clock-news-s-1x-e-2-23-october-1979,"Not the Nine O'Clock News - Series 1, Episode 2 (1979)","1979, modern television, no licence claimed"
not-the-nine-o-1979,Not the Nine O,1979,not-the-nine-o-clock-news-s-1x-e-3-30-october-1979,"Not the Nine O'Clock News - Series 1, Episode 3 (1979)","1979, modern television, no licence claimed"
not-the-nine-o-1979,Not the Nine O,1979,not-the-nine-o-clock-news-s-1x-e-4-6-november-1979,"Not the Nine O'Clock News - Series 1, Episode 4 (1979)","1979, modern television, no licence claimed"
not-the-nine-o-1979,Not the Nine O,1979,not-the-nine-o-clock-news-s-1x-e-5-13-november-1979,"Not the Nine O'Clock News - Series 1, Episode 5 (1979)","1979, modern television, no licence claimed"
not-the-nine-o-1979,Not the Nine O,1979,not-the-nine-o-clock-news-s-1x-e-6-20-november-1979,"Not the Nine O'Clock - News - Series 1, Episode 6 (1979)","1979, modern television, no licence claimed"
not-the-nine-o-1980,Not the Nine O,1980,not-the-nine-o-clock-news-s-2x-e-1-31-march-1980,"Not the Nine O'Clock News - Series 2, Episode 1 (1980)","1980, modern television, no licence claimed"
not-the-nine-o-1980,Not the Nine O,1980,not-the-nine-o-clock-news-s-2x-e-2-7-april-1980,"Not the Nine O'Clock News - Series 2, Episode 2 (1980)","1980, modern television, no licence claimed"
not-the-nine-o-1980,Not the Nine O,1980,not-the-nine-o-clock-news-s-2x-e-3-14-april-1980,"Not the Nine O'Clock News - Series 2, Episode 3 (1980)","1980, modern television, no licence claimed"
not-the-nine-o-1980,Not the Nine O,1980,not-the-nine-o-clock-news-s-2x-e-4-21-april-1980,"Not the Nine O'Clock News - Series 2, Episode 4 (1980)","1980, modern television, no licence claimed"
not-the-nine-o-1980,Not the Nine O,1980,not-the-nine-o-clock-news-s-2x-e-5-28-april-1980,"Not the Nine O'Clock News - Series 2, Episode 5 (1980)","1980, modern television, no licence claimed"
not-the-nine-o-1980,Not the Nine O,1980,not-the-nine-o-clock-news-s-2x-e-6-5-may-1980,"Not the Nine O'Clock News - Series 2, Episode 6 (1980)","1980, modern television, no licence claimed"
not-the-nine-o-1980,Not the Nine O,1980,not-the-nine-o-clock-news-s-2x-e-7-12-may-1980,"Not the Nine O'Clock News - Series 2, Episode 7 (1980)","1980, modern television, no licence claimed"
not-the-nine-o-1980,Not the Nine O,1980,not-the-nine-o-clock-news-s-3x-e-8-15-december-1980,"Not the Nine O'Clock News - Series 3, Episode 8 (1980)","1980, modern television, no licence claimed"
not-the-nine-o-clock-news-1979,Not the Nine O'Clock News,1979,not-the-nine-o-clock-news-s-1x-e-1-16-october-1979,Kenny Everett in Not the Nine O'Clock News,"1979, modern television, no licence claimed"
oh-grow-up-1999,Oh Grow Up,1999,oh-grow-up-1999-s-01-e-01,Pilot,"1999, modern television, no licence claimed"
oh-grow-up-1999,Oh Grow Up,1999,oh-grow-up-1999-s-01-e-03,Love Stinks,"1999, modern television, no licence claimed"
oh-grow-up-1999,Oh Grow Up,1999,oh-grow-up-1999-s-01-e-04,President of the House,"1999, modern television, no licence claimed"
oh-grow-up-1999,Oh Grow Up,1999,oh-grow-up-1999-s-01-e-05,Marathon Man,"1999, modern television, no licence claimed"
oh-grow-up-1999,Oh Grow Up,1999,oh-grow-up-1999-s-01-e-06,Clods and Monsters,"1999, modern television, no licence claimed"
oh-grow-up-1999,Oh Grow Up,1999,oh-grow-up-1999-s-01-e-07,Hunter's Metamorphosis,"1999, modern television, no licence claimed"
out-of-jimmy-s-head-2007,Out of Jimmy's Head,2007,out-of-jimmys-head-lost-2007-animated-series-english,Talent Show,"2007, modern television, no licence claimed"
out-of-jimmy-s-head-2007,Out of Jimmy's Head,2007,out-of-jimmys-complete-series,Out of Jimmy's Body,"2007, modern television, no licence claimed"
play-for-today-2025,Play for Today,2025,play-for-today-home-sweet-home-1982,Play For Today - Home Sweet Home,"2025, modern television, no licence claimed"
play-for-today-2025,Play for Today,2025,play-for-today-the-piano,Play For Today - The Piano,"2025, modern television, no licence claimed"
play-for-today-2025,Play for Today,2025,play-for-today-the-reporters,Play For Today - The Reporters,"2025, modern television, no licence claimed"
project-universe-1978,Project Universe,1978,project-universe-extraterrestrial-communication,Project Universe - Extraterrestrial Communication,"1978, modern television, no licence claimed"
project-universe-1978,Project Universe,1978,project-universe-origin-of-the-universe,Project Universe - Origin of the Universe,"1978, modern television, no licence claimed"
project-universe-1978,Project Universe,1978,project-universe-relativity,Project Universe - Relativity,"1978, modern television, no licence claimed"
project-universe-1978,Project Universe,1978,project-universe-saturn,Project Universe - Saturn,"1978, modern television, no licence claimed"
project-universe-1978,Project Universe,1978,project-universe-stars-the-nuclear-furnace,Project Universe - Stars: The Nuclear Furnace,"1978, modern television, no licence claimed"
project-universe-1978,Project Universe,1978,project-universe-supernovae-pulsars,Project Universe - Supernovae & Pulsars,"1978, modern television, no licence claimed"
project-universe-1978,Project Universe,1978,project-universe-milky-way-discovered,Project Universe - The Milky Way: Discovered,"1978, modern television, no licence claimed"
project-universe-1978,Project Universe,1978,project-universe-solar-image,Project Universe - The Solar Image,"1978, modern television, no licence claimed"
project-universe-1978,Project Universe,1978,project-universe-uranus-neptune-pluto,"Project Universe - Uranus, Neptune, Pluto","1978, modern television, no licence claimed"
project-universe-1978,Project Universe,1978,project-universe-white-dwarfs-and-red-giants,Project Universe - White Dwarfs & Red Giants,"1978, modern television, no licence claimed"
ptl-club-1981,PTL Club,1981,ptl-club-1981-jim-and-tammy,PTL Club (1981) Jim and Tammy,"1981, modern television, no licence claimed"
ptl-club-1981,PTL Club,1981,ptl-club-1985-jim-and-tammy-faye,PTL Club (1985) Jim And Tammy Faye,"1981, modern television, no licence claimed"
ptl-club-1981,PTL Club,1981,ptl-club-tammy-faye-with-mickey-rooney,PTL Club (1985) Tammy Faye Hosts,"1981, modern television, no licence claimed"
ptl-club-1981,PTL Club,1981,ptl-club-1986-kevins-house,PTL Club (1986) Kevin's House,"1981, modern television, no licence claimed"
ptl-club-1981,PTL Club,1981,jim-tammy-christmas-city-parade-1986,PTL Club: Christmas City Parade (1986),"1981, modern television, no licence claimed"
red-vs-blue-2003,Red vs. Blue,2003,RvB_s1_e01,Why Are We Here?,"2003, modern television, no licence claimed"
red-vs-blue-2003,Red vs. Blue,2003,RvB_S2,K.I.T. B.F.F.,"2003, modern television, no licence claimed"
red-vs-blue-2003,Red vs. Blue,2003,RvB_S3,Silver Linings,"2003, modern television, no licence claimed"
red-vs-blue-2003,Red vs. Blue,2003,RvB_S4,The Arrival,"2003, modern television, no licence claimed"
rescue-77-1999,Rescue 77,1999,rescue-77-s-01-e-03-a-bumpy-ride,A Bumpy Ride,"1999, modern television, no licence claimed"
riders-in-the-sky-1989,Riders In The Sky,1989,RidersInTheSkyMaybeIllCryOverYouByeByeBlackbird1989,Riders In The Sky: Maybe I'll Cry Over You & Bye Bye Blackbird (1989),"1989, modern television, no licence claimed"
riders-in-the-sky-1989,Riders In The Sky,1989,RidersInTheSkyWahoo1998,Riders In The Sky: Wahoo (1998),"1989, modern television, no licence claimed"
riders-in-the-sky-1989,Riders In The Sky,1989,riders-in-the-sky-06-sourdoughs-surprise,Riders In The Sky (1991) Episode 6: Sourdough's Surprise,"1989, modern television, no licence claimed"
russian-right-stuff-1991,Russian right stuff,1991,RussianRightStuffTheDarkSideoftheMoon,Russian right stuff : the dark side of the moon,"1991, modern television, no licence claimed"
russian-right-stuff-1991,Russian right stuff,1991,RussianRightStuffTheInvisibleSpaceman,Russian right stuff : the invisible spaceman,"1991, modern television, no licence claimed"
russian-right-stuff-1991,Russian right stuff,1991,RussianRightStuffTheMission,Russian right stuff : the mission,"1991, modern television, no licence claimed"
saksi-gma-headline-balita-1997,Saksi: GMA Headline Balita,1997,SaksiBisigBayan,Saksi: GMA Headline Balita - Bisig Bayan compilation (1997),"1997, modern television, no licence claimed"
saksi-gma-headline-balita-1997,Saksi: GMA Headline Balita,1997,joey-torres-at-culinary-school-graduation-featured-on-gma-news-c.-2000-240-x-320,"Saksi: GMA Headline Balita - Huling Hirit - July 02, 1999","1997, modern television, no licence claimed"
saksi-gma-headline-balita-1997,Saksi: GMA Headline Balita,1997,SaksiPrinceCharlesMalacanang1997,Saksi: GMA Headline Balita - Prince Charles Malacañang Royal Visitor,"1997, modern television, no licence claimed"
sally-jessy-raphael-2019,Sally Jessy Raphael,2019,SallyJessyRaphaelDominateWomen,Sally Jessy Raphael (1988)- Dominate Women,"2019, modern television, no licence claimed"
sally-jessy-raphael-2019,Sally Jessy Raphael,2019,SallJessyRaphaelFood1988,Sally Jessy Raphael: Hidden sicknesses and allergy supplements (1988),"2019, modern television, no licence claimed"
sally-jessy-raphael-2019,Sally Jessy Raphael,2019,SallyJessyRaphaelWomenShouldnTMarry1988Most,"Sally Jessy Raphael: Women Shouldn't Marry (1988, most)","2019, modern television, no licence claimed"
salute-your-shorts-1991,Salute Your Shorts,1991,SaluteYourShortsS01E01MichaelComesToCamp,Michael Comes to Camp,"1991, modern television; uploader licence claim http://creativecommons.org/publicdomain/mark/1.0/ does not rescue it"
salvage-1-1979,Salvage 1,1979,salvage-1-complete-series,Shangri-La Lil,"1979, modern television, no licence claimed"
scene-of-the-crime-1991,Scene of the Crime,1991,scene-of-the-crime-01,Scene of the Crime - 01: Sauce for the Goose,"1991, modern television, no licence claimed"
scene-of-the-crime-1991,Scene of the Crime,1991,scene-of-the-crime-03,Scene of the Crime - 03: The Girl Who Cried Lupo,"1991, modern television, no licence claimed"
scene-of-the-crime-1991,Scene of the Crime,1991,scene-of-the-crime-04,Scene of the Crime - 04: Show and Tell,"1991, modern television, no licence claimed"
scene-of-the-crime-1991,Scene of the Crime,1991,scene-of-the-crime-05,Scene of the Crime - 05: To Make Amends,"1991, modern television, no licence claimed"
scene-of-the-crime-1991,Scene of the Crime,1991,scene-of-the-crime-06,Scene of the Crime - 06: The Devil’s Music,"1991, modern television, no licence claimed"
scene-of-the-crime-1991,Scene of the Crime,1991,scene-of-the-crime-07,Scene of the Crime - 07: Put Them Altogether They Spell Mother,"1991, modern television, no licence claimed"
scrapheap-challenge-1998,Scrapheap Challenge,1998,scrapheap_challenge,Best of Scrapheap Challenge,"1998, modern television, no licence claimed"
shades-of-la-1990,Shades of L.A,1990,shades-of-la-10,Shades of L.A. - 10: Dreams,"1990, modern television, no licence claimed"
shades-of-la-1990,Shades of L.A,1990,shades-of-la-20,"Shades of L.A. - 20: Line of Fire, Part II","1990, modern television, no licence claimed"
shades-of-la-1990,Shades of L.A,1990,shades-of-la-03,Cooper's Coroner,"1990, modern television, no licence claimed"
shades-of-la-1990,Shades of L.A,1990,shades-of-la-05,Big Brother Is Watching,"1990, modern television, no licence claimed"
shades-of-la-1990,Shades of L.A,1990,shades-of-la-06,Pointers From Paz,"1990, modern television, no licence claimed"
shades-of-la-1990,Shades of L.A,1990,shades-of-la-09,Some Like It Cold,"1990, modern television, no licence claimed"
shades-of-la-1990,Shades of L.A,1990,shades-of-la-11,Dead Dogs Tell No Tales,"1990, modern television, no licence claimed"
shades-of-la-1990,Shades of L.A,1990,shades-of-la-13,Last Laugh,"1990, modern television, no licence claimed"
shades-of-la-1990,Shades of L.A,1990,shades-of-la-14,Burial Ground,"1990, modern television, no licence claimed"
shades-of-la-1990,Shades of L.A,1990,shades-of-la-16,Til Death Do Us Part,"1990, modern television, no licence claimed"
shaping-up-1984,Shaping Up,1984,shaping-up-1984,I Should Have Danced All Night,"1984, modern television, no licence claimed"
shaping-up-1984,Shaping Up,1984,shaping-up-101-105,Shaping Up,"1984, modern television, no licence claimed"
silver-spoon-sterling-shackles-2012,"Silver Spoon, Sterling Shackles",2012,SilverSpoonsSeason5Episode1TheBeachHousePart2,第1集 - 廷亨揭穿　子君身分,"2012, modern television, no licence claimed"
silver-spoon-sterling-shackles-2012,"Silver Spoon, Sterling Shackles",2012,SilverSpoonsSeason5Episode7RickyMovesOutPart2,第7集 - 懿芳追問　卓萬緋聞,"2012, modern television, no licence claimed"
silver-spoon-sterling-shackles-2012,"Silver Spoon, Sterling Shackles",2012,SilverSpoonsSeason5Episode10TheTrianglePart1,第10集 - 卓萬求婚　作出承諾,"2012, modern television, no licence claimed"
silver-spoon-sterling-shackles-2012,"Silver Spoon, Sterling Shackles",2012,SilverSpoonsSeason5Episode13RumorsAreFlyingPart1,第13集 - 子君正式　嫁入鍾家,"2012, modern television, no licence claimed"
silver-spoon-sterling-shackles-2012,"Silver Spoon, Sterling Shackles",2012,SilverSpoonsSeason4Episode20RickySingsPart16,第20集 - 小由決定嫁往金山,"2012, modern television, no licence claimed"
silver-spoon-sterling-shackles-2012,"Silver Spoon, Sterling Shackles",2012,SilverSpoonsSeason4Episode23RickAt16Part1,第23集 - 痛失愛兒　誓要報復,"2012, modern television, no licence claimed"
silver-spoon-sterling-shackles-2012,"Silver Spoon, Sterling Shackles",2012,SilverSpoonsSeason4Episode24SecondBestPart1,第24集 - 木水誓要　搶回小由,"2012, modern television, no licence claimed"
silver-spoon-sterling-shackles-2012,"Silver Spoon, Sterling Shackles",2012,SilverSpoonsSeason5Episode1TheBeachHousePart1,Pilot,"2012, modern television, no licence claimed"
silver-spoon-sterling-shackles-2012,"Silver Spoon, Sterling Shackles",2012,SilverSpoonsSeason5Episode7RickyMovesOutPart1,The Great Computer Caper,"2012, modern television, no licence claimed"
silver-spoon-sterling-shackles-2012,"Silver Spoon, Sterling Shackles",2012,SilverSpoonsSeason5Episode10TheTrianglePart2,Father Nature,"2012, modern television, no licence claimed"
silver-spoon-sterling-shackles-2012,"Silver Spoon, Sterling Shackles",2012,SilverSpoonsSeason5Episode13RumorAreFlyingPart21,The Best Christmas Ever,"2012, modern television, no licence claimed"
silver-spoon-sterling-shackles-2012,"Silver Spoon, Sterling Shackles",2012,SilverSpoonsSeason4Episode20RickySingsPart2,The Empire Strikes Out,"2012, modern television, no licence claimed"
silver-spoon-sterling-shackles-2012,"Silver Spoon, Sterling Shackles",2012,SilverSpoonsSeason4Episode23RickAt16Part2,Silver Spoons Season 4 Episode 23 Rick At 16 Part 2,"2012, modern television, no licence claimed"
silver-spoon-sterling-shackles-2012,"Silver Spoon, Sterling Shackles",2012,SilverSpoonsSeason4Episode24SecondBestPart2,Silver Spoons Season 4 Episode 24 Second Best Part 2,"2012, modern television, no licence claimed"
smith-jones-in-small-doses-1989,Smith & Jones in Small Doses,1989,smith-and-jones-s-10x-e-1-9-september-1998,The Whole Hog,"1989, modern television, no licence claimed"
smith-jones-in-small-doses-1989,Smith & Jones in Small Doses,1989,smith-and-jones-s-10x-e-2-16-september-1998,The Boat People,"1989, modern television, no licence claimed"
smith-jones-in-small-doses-1989,Smith & Jones in Small Doses,1989,smith-and-jones-s-10x-e-3-23-september-1998,Second Thoughts,"1989, modern television, no licence claimed"
smith-jones-in-small-doses-1989,Smith & Jones in Small Doses,1989,smith-and-jones-s-10x-e-4-30-september-1998,The Waiting Room,"1989, modern television, no licence claimed"
smith-jones-in-small-doses-1989,Smith & Jones in Small Doses,1989,smith-and-jones-s-5x-e-1-16-november-1989,"Smith and Jones - Series 5, Episode 1","1989, modern television, no licence claimed"
smith-jones-in-small-doses-1989,Smith & Jones in Small Doses,1989,smith-and-jones-s-5x-e-2-23-november-1989,"Smith and Jones - Series 5, Episode 2","1989, modern television, no licence claimed"
smith-jones-in-small-doses-1989,Smith & Jones in Small Doses,1989,smith-and-jones-s-5x-e-3-30-november-1989,"Smith and Jones - Series 5, Episode 3","1989, modern television, no licence claimed"
smith-jones-in-small-doses-1989,Smith & Jones in Small Doses,1989,smith-and-jones-s-5x-e-4-7-december-1989,"Smith and Jones - Series 5, Episode 4","1989, modern television, no licence claimed"
smith-jones-in-small-doses-1989,Smith & Jones in Small Doses,1989,smith-and-jones-s-6x-e-7-3-january-1991,Return to Devil's Hole,"1989, modern television, no licence claimed"
smith-jones-in-small-doses-1989,Smith & Jones in Small Doses,1989,smith-and-jones-s-7x-e-3-5-november-1992,Exit from Wickenburg,"1989, modern television, no licence claimed"
smith-jones-in-small-doses-1989,Smith & Jones in Small Doses,1989,smith-and-jones-s-8x-e-4-27-september-1995,Wrong Train to Brimstone,"1989, modern television, no licence claimed"
smith-jones-in-small-doses-1989,Smith & Jones in Small Doses,1989,smith-and-jones-s-8x-e-5-4-october-1995,The Girl in Boxcar #3,"1989, modern television, no licence claimed"
smith-jones-in-small-doses-1989,Smith & Jones in Small Doses,1989,smith-and-jones-s-9x-e-1-19-june-1997,Alias Smith and Jones,"1989, modern television, no licence claimed"
smith-jones-in-small-doses-1989,Smith & Jones in Small Doses,1989,smith-and-jones-s-9x-e-2-26-june-1997,The McCreedy Bust,"1989, modern television, no licence claimed"
smith-jones-in-small-doses-1989,Smith & Jones in Small Doses,1989,smith-and-jones-s-9x-e-6-24-july-1997,The Great Shell Game,"1989, modern television, no licence claimed"
smith-jones-in-small-doses-1989,Smith & Jones in Small Doses,1989,smith-and-jones-s-10x-e-5-7-october-1998,"Smith and Jones - Series 10, Episode 5","1989, modern television, no licence claimed"
smith-jones-in-small-doses-1989,Smith & Jones in Small Doses,1989,smith-and-jones-s-10x-e-6-14-october-1998,"Smith and Jones - Series 10, Episode 6","1989, modern television, no licence claimed"
snoops-1989,Snoops,1989,snoops-1999,Rough Justice,"1989, modern television, no licence claimed"
snoops-1989,Snoops,1989,snoops-1.01,"Snoops - Paula Marshall, Gina Gershon","1989, modern television, no licence claimed"
snoops-1989,Snoops,1989,snoops-1.03,"Snoops - Tim Reid, Daphne Reid","1989, modern television, no licence claimed"
sonny-boy-2021,Sonny Boy,2021,sonny-boy-s-01-e-12-a-two-year-recess,This Salmon Chazuke Is Missing Its Salmon Nya,"2021, modern television, no licence claimed"
south-park-1997,South Park,1997,south-park-mr-hankeys-first-appearance,South Park - Mr. Hankey's First Appearance,"1997, modern television; uploader licence claim https://creativecommons.org/publicdomain/mark/1.0/ does not rescue it"
south-park-1997,South Park,1997,south-park-mutant-turkeys-are-back,South Park - Mutant Turkeys are Back!,"1997, modern television; uploader licence claim https://creativecommons.org/publicdomain/mark/1.0/ does not rescue it"
south-park-1997,South Park,1997,south-park-randy-vs.-volcano,South Park - Randy vs.Volcano,"1997, modern television; uploader licence claim https://creativecommons.org/publicdomain/mark/1.0/ does not rescue it"
south-park-1997,South Park,1997,south-park-chef-saves-eric-cartman,South Park: Chef saves Eric Cartman,"1997, modern television; uploader licence claim https://creativecommons.org/publicdomain/mark/1.0/ does not rescue it"
spider-man-1978,Spider-Man,1978,the-amazing-spider-man-1977-complete-series_202301,Spider-Man,"1978, modern television, no licence claimed"
spider-man-1978,Spider-Man,1978,Supaidman,Supaidāman,"1978, modern television; uploader licence claim http://creativecommons.org/publicdomain/mark/1.0/ does not rescue it"
stark-raving-mad-1999,Stark Raving Mad,1999,stark-raving-mad-s1-e1-pilot,Pilot,"1999, modern television, no licence claimed"
steven-banks-show-1994,Steven Banks Show,1994,01stevenbanksshowrockauction,Rock And Roll Auction,"1994, modern television, no licence claimed"
steven-banks-show-1994,Steven Banks Show,1994,02stevenbanksshowsidandernie,Sid And Ernie,"1994, modern television, no licence claimed"
steven-banks-show-1994,Steven Banks Show,1994,03stevenbanksshowvideodating,Video Dating,"1994, modern television, no licence claimed"
steven-banks-show-1994,Steven Banks Show,1994,04stevenbanksshowphonetiquette,Phonettiquette,"1994, modern television, no licence claimed"
steven-banks-show-1994,Steven Banks Show,1994,05stevenbanksshowbanksforthememories,Banks For The Memories,"1994, modern television, no licence claimed"
steven-banks-show-1994,Steven Banks Show,1994,06stevenbanksshowfauxclip,Faux Clip,"1994, modern television, no licence claimed"
steven-banks-show-1994,Steven Banks Show,1994,07stevenbanksshowrearcloset,Rear Closet,"1994, modern television, no licence claimed"
steven-banks-show-1994,Steven Banks Show,1994,08stevenbanksshowcowboywillie,Cowboy Willie,"1994, modern television, no licence claimed"
steven-banks-show-1994,Steven Banks Show,1994,09stevenbanksshowsundayintheparkwithstuffy,Sunday In The Park With Stuffy,"1994, modern television, no licence claimed"
steven-banks-show-1994,Steven Banks Show,1994,10stevenbanksshowdustinthewind,Dust In The Wind,"1994, modern television, no licence claimed"
steven-banks-show-1994,Steven Banks Show,1994,11stevenbanksshowmynameissteven,My name is Steven,"1994, modern television, no licence claimed"
steven-banks-show-1994,Steven Banks Show,1994,12stevenbanksshowmissjanieregrets,Miss Janie Regrets,"1994, modern television, no licence claimed"
steven-banks-show-1994,Steven Banks Show,1994,13stevenbanksshowthelastshow,The Last Show,"1994, modern television, no licence claimed"
sweet-valley-high-1994,Sweet Valley High,1994,sweet-valley-high-1994-tv-series-season-one,"What, Me Study?","1994, modern television, no licence claimed"
sweet-valley-high-1994,Sweet Valley High,1994,sweet-valley-high-1994-tv-series-season-two,Sam Kind of Wonderful,"1994, modern television, no licence claimed"
sweet-valley-high-1994,Sweet Valley High,1994,sweet-valley-high-1994-tv-series-third-season,Search For Liz,"1994, modern television, no licence claimed"
sweet-valley-high-1994,Sweet Valley High,1994,sweet-valley-high-1994-tv-series-season-four,The Right to Bare Midriffs,"1994, modern television, no licence claimed"
sydney-s-new-year-s-eve-1996,Sydney's New Year's Eve,1996,Jack_Benny_New_Years_Eve,New Year's Eve,"1996, modern television; uploader licence claim http://creativecommons.org/licenses/publicdomain/ does not rescue it"
take-five-1987,Take Five,1987,take-five-shake-rattle-and-roll,"Take Five - Shake, Rattle and Roll","1987, modern television, no licence claimed"
take-five-1987,Take Five,1987,take-five-up-against-the-great-wall,Take Five - Up Against the Great Wall,"1987, modern television, no licence claimed"
take-five-1987,Take Five,1987,take-five-voyager-the-last-picture-show,Take Five - Voyager: The Last Picture Show,"1987, modern television, no licence claimed"
tales-of-the-unexpected-1979,Tales of the Unexpected,1979,TalesOfTheUnexpectedSeries1,Tales Of The Unexpected Series 1,"1979, modern television, no licence claimed"
tales-of-the-unexpected-1979,Tales of the Unexpected,1979,TalesOfTheUnexpectedSeries2,Tales Of The Unexpected Series 2,"1979, modern television, no licence claimed"
tales-of-the-unexpected-1979,Tales of the Unexpected,1979,TalesOfTheUnexpectedSeries3,Tales Of The Unexpected Series 3,"1979, modern television, no licence claimed"
tales-of-the-unexpected-1979,Tales of the Unexpected,1979,TalesOfTheUnexpectedSeries4,Tales Of The Unexpected Series 4,"1979, modern television, no licence claimed"
tales-of-the-unexpected-1979,Tales of the Unexpected,1979,TalesOfTheUnexpectedSeries5,Tales Of The Unexpected Series 5,"1979, modern television, no licence claimed"
tales-of-the-unexpected-1979,Tales of the Unexpected,1979,TalesOfTheUnexpectedSeries6,Tales Of The Unexpected Series 6,"1979, modern television, no licence claimed"
tales-of-the-unexpected-1979,Tales of the Unexpected,1979,TalesOfTheUnexpectedSeries7,Tales Of The Unexpected Series 7,"1979, modern television, no licence claimed"
tales-of-the-unexpected-1979,Tales of the Unexpected,1979,TalesOfTheUnexpectedSeries8-9,Tales Of The Unexpected Series 8&9,"1979, modern television, no licence claimed"
tales-of-the-unexpected-1979,Tales of the Unexpected,1979,tales-of-the-unexpected-1979-88,Tales of the Unexpected,"1979, modern television, no licence claimed"
tbn-1989,TBN,1989,tbn-praise-the-lord-12.17.1992,TBN: Praise The Lord (12/17/1992),"1989, modern television, no licence claimed"
tbn-1989,TBN,1989,praise-the-lord-december-2-1992,TBN: Praise The Lord (12/2/1992),"1989, modern television, no licence claimed"
tbn-1989,TBN,1989,praise-the-lord-february-25-1992,TBN: Praise The Lord (2/25/1992),"1989, modern television, no licence claimed"
tbn-1989,TBN,1989,praise-the-lord-2.28.1989,TBN: Praise The Lord (2/28/1989),"1989, modern television, no licence claimed"
tbn-1989,TBN,1989,praise-the-lord-april-28-1992,TBN: Praise The Lord (4/28/1992),"1989, modern television, no licence claimed"
tbn-1989,TBN,1989,praise-the-lord-april-30-1992,TBN: Praise The Lord (4/30/1992),"1989, modern television, no licence claimed"
tbn-1989,TBN,1989,tbn-praise-the-lord-9.-3.1991,TBN: Praise The Lord (9/3/1991),"1989, modern television, no licence claimed"
tbn-1989,TBN,1989,praise-the-lord-february-3-1993,"TBN: Praise The Lord (February 3, 1993)","1989, modern television, no licence claimed"
telediario-1988,Telediario,1988,telediario-1998-03-01,"Telediario - 1 de marzo, 1998","1988, modern television, no licence claimed"
telediario-1988,Telediario,1988,telediario-1989-12-12,"Telediario - 12 de diciembre, 1989","1988, modern television, no licence claimed"
telediario-1988,Telediario,1988,telediario-1991-03-02,"Telediario - 2 de marzo, 1991","1988, modern television, no licence claimed"
telediario-1988,Telediario,1988,telediario-1988-12-23,"Telediario - 23 de diciembre, 1988","1988, modern television, no licence claimed"
telediario-1988,Telediario,1988,telediario-1998-12-23,"Telediario - 23 de diciembre, 1998","1988, modern television, no licence claimed"
telediario-1988,Telediario,1988,telediario-1989-09-26,"Telediario - 26 de septiembre, 1989","1988, modern television, no licence claimed"
telediario-1988,Telediario,1988,telediario-1999-06-06,"Telediario - 6 de junio, 1999","1988, modern television, no licence claimed"
telediario-1988,Telediario,1988,telediario-1998-07-07,"Telediario - 7 de julio, 1998","1988, modern television, no licence claimed"
telediario-1988,Telediario,1988,telediario-1992-01-09,"Telediario - 9 de enero, 1992","1988, modern television, no licence claimed"
telenoticias-telemadrid-1991,Telenoticias (Telemadrid,1991,telenoticias-1997-08-01,"Telenoticias (Telemadrid) - 1 de agosto, 1997","1991, modern television, no licence claimed"
telenoticias-telemadrid-1991,Telenoticias (Telemadrid,1991,telenoticias-telemadrid-1992,Telenoticias (Telemadrid) - 1992,"1991, modern television, no licence claimed"
telenoticias-telemadrid-1991,Telenoticias (Telemadrid,1991,telenoticias-1994-05-02,"Telenoticias (Telemadrid) - 2 de mayo, 1994","1991, modern television, no licence claimed"
telenoticias-telemadrid-1991,Telenoticias (Telemadrid,1991,telenoticias-1991-02-24,"Telenoticias (Telemadrid) - 24 de febrero, 1991","1991, modern television, no licence claimed"
telenoticias-telemadrid-1991,Telenoticias (Telemadrid,1991,telenoticias-1991-02-25,"Telenoticias (Telemadrid) - 25 de febrero, 1991","1991, modern television, no licence claimed"
telenoticias-telemadrid-1991,Telenoticias (Telemadrid,1991,telenoticias-1991-02-28,"Telenoticias (Telemadrid) - 28 de febrero, 1991","1991, modern television, no licence claimed"
the-adventures-of-sherlock-holmes-1984,The Adventures of Sherlock Holmes,1984,the-adventures-of-sherlock-holmes-1984_202303,The Speckled Band,"1984, modern television, no licence claimed"
the-amazing-live-sea-monkeys-1992,The Amazing Live Sea-Monkeys,1992,amazing-live-sea-monkeys-01,Octapotomus R' Usamus,"1992, modern television, no licence claimed"
the-amazing-live-sea-monkeys-1992,The Amazing Live Sea-Monkeys,1992,amazing-live-sea-monkeys-02,Lighthouse Alone,"1992, modern television, no licence claimed"
the-amazing-live-sea-monkeys-1992,The Amazing Live Sea-Monkeys,1992,amazing-live-sea-monkeys-04,"Look, Don't Touch","1992, modern television, no licence claimed"
the-amazing-live-sea-monkeys-1992,The Amazing Live Sea-Monkeys,1992,amazing-live-sea-monkeys-05,Sea Monkey of Love,"1992, modern television, no licence claimed"
the-amazing-live-sea-monkeys-1992,The Amazing Live Sea-Monkeys,1992,amazing-live-sea-monkeys-06,WrestleMania,"1992, modern television, no licence claimed"
the-amazing-live-sea-monkeys-1992,The Amazing Live Sea-Monkeys,1992,amazing-live-sea-monkeys-07,Haunted Lighthouse,"1992, modern television, no licence claimed"
the-amazing-live-sea-monkeys-1992,The Amazing Live Sea-Monkeys,1992,amazing-live-sea-monkeys-08,Scout's Honor,"1992, modern television, no licence claimed"
the-amazing-live-sea-monkeys-1992,The Amazing Live Sea-Monkeys,1992,amazing-live-sea-monkeys-09,Top Secret,"1992, modern television, no licence claimed"
the-berenstain-bears-2003,The Berenstain Bears,2003,the-berenstain-bears-2003-1080p-hd,Mighty Milton,"2003, modern television, no licence claimed"
the-berenstain-bears-2003,The Berenstain Bears,2003,the-berenstain-bears-2003,Out for the Team,"2003, modern television, no licence claimed"
the-big-picture-2015,The Big Picture,2015,BeachheadAnzio,The Big Picture: Beachhead Anzio,"2015, modern television; uploader licence claim http://creativecommons.org/licenses/publicdomain/ does not rescue it"
the-big-picture-2015,The Big Picture,2015,BeyondtheCallofDuty,The Big Picture: Beyond the Call,"2015, modern television; uploader licence claim http://creativecommons.org/licenses/publicdomain/ does not rescue it"
the-big-picture-2015,The Big Picture,2015,DDayAnniversary,The Big Picture: D-Day Anniversary,"2015, modern television; uploader licence claim http://creativecommons.org/publicdomain/mark/1.0/ does not rescue it"
the-big-picture-2015,The Big Picture,2015,OurHeritage_,The Big Picture: Our Heritage,"2015, modern television; uploader licence claim http://creativecommons.org/licenses/publicdomain/ does not rescue it"
the-big-picture-2015,The Big Picture,2015,SummerStorm,The Big Picture: Summer Storm,"2015, modern television; uploader licence claim http://creativecommons.org/licenses/publicdomain/ does not rescue it"
the-big-picture-2015,The Big Picture,2015,TheBigPicture-USArmyinSpaceandUndertheSea,The Big Picture: The Army in Space and Under the Sea,"2015, modern television; uploader licence claim http://creativecommons.org/licenses/publicdomain/ does not rescue it"
the-big-picture-2015,The Big Picture,2015,TheCobraStrikes,The Big Picture: The Cobra Strikes,"2015, modern television; uploader licence claim http://creativecommons.org/licenses/publicdomain/ does not rescue it"
the-big-picture-2015,The Big Picture,2015,KoreanWar,The Big Picture: The Korean War,"2015, modern television; uploader licence claim http://creativecommons.org/licenses/publicdomain/ does not rescue it"
the-big-picture-2015,The Big Picture,2015,24thInfantryDivision,The Big Picture: The Twenty-Fourth Infantry Division,"2015, modern television; uploader licence claim http://creativecommons.org/licenses/publicdomain/ does not rescue it"
the-big-picture-2015,The Big Picture,2015,WarsEnd,The Big Picture: Wars End,"2015, modern television; uploader licence claim http://creativecommons.org/licenses/publicdomain/ does not rescue it"
the-big-picture-2015,The Big Picture,2015,TheBigPicture-WhereverTheyGo-UnitedServiceOrganizationUSO,The Big Picture: Wherever They Go,"2015, modern television; uploader licence claim http://creativecommons.org/licenses/publicdomain/ does not rescue it"
the-challenge-1998,The Challenge,1998,4-k-zatoichi-monogatari-s-01-e-01-a-challenge-of-chance-v-2,Ghostbusters,"1998, modern television, no licence claimed"
the-challenge-1998,The Challenge,1998,4-k-zatoichi-monogatari-s-01-e-01-a-challenge-of-chance,Ghostbusters,"1998, modern television, no licence claimed"
the-challenge-1998,The Challenge,1998,Celebrity_Painting_Challenge_Series_1_-_2._Episode_2_m000426w_signed,Sheer Madness,"1998, modern television, no licence claimed"
the-challenge-1998,The Challenge,1998,speed-racer-1967-s-01e-03-challenge-of-the-masked-racer-1,Zorbing,"1998, modern television, no licence claimed"
the-challenge-1998,The Challenge,1998,s-01-e-03-challenge-of-the-masked-racer-part-1-trans-lux-edition,Zorbing,"1998, modern television, no licence claimed"
the-challenge-1998,The Challenge,1998,s-01-e-04-challenge-of-the-masked-racer-part-2-trans-lux-edition,Urban Rap Jumping,"1998, modern television, no licence claimed"
the-challenge-1998,The Challenge,1998,lv_0_20260521150328,"The ""Real"" Real World","1998, modern television, no licence claimed"
the-challenge-1998,The Challenge,1998,purples-pretty-pattern-challenge-full-episode-s-1-e-14-learn-colours-kids-cartoons,Purple's Pretty Pattern Challenge! | FULL EPISODE - S1 E14 | Learn Colours - Kids Cartoons,"1998, modern television, no licence claimed"
the-challenge-1998,The Challenge,1998,Robin_Hood_07_The_Challenge,I Am The Challenge,"1998, modern television; uploader licence claim http://creativecommons.org/licenses/publicdomain/ does not rescue it"
the-challenge-1998,The Challenge,1998,joshua-ashby-character-elimination-episode-2-challenge-of-daily-bumps-intro-2015,Joshua Ashby Character Elimination Episode 2 Challenge Of Daily Bumps Intro 2015,"1998, modern television, no licence claimed"
the-challenge-1998,The Challenge,1998,speed-racer-challenge-of-the-masked-racer-part-2,Urban Rap Jumping,"1998, modern television, no licence claimed"
the-challenge-1998,The Challenge,1998,AdventuresOfRobinHoodEp7TheChallenge,Adventures Of Robin Hood Ep 7 the Challenge,"1998, modern television; uploader licence claim http://creativecommons.org/publicdomain/mark/1.0/ does not rescue it"
the-challenge-1998,The Challenge,1998,oil-wrestling-from-challenge-usa-season-2-episode-11,Oil Wrestling From Challenge USA Season 2 Episode 11,"1998, modern television, no licence claimed"
the-challenge-1998,The Challenge,1998,Celebrity_Painting_Challenge_Series_1_-_1._Episode_1_m0003wd5_signed,Ghostbusters,"1998, modern television, no licence claimed"
the-challenge-1998,The Challenge,1998,twitch-vod-v393456837,Highlight: 10x10 Challenge - Es geht los,"1998, modern television, no licence claimed"
the-challenge-1998,The Challenge,1998,Celebrity_Painting_Challenge_Series_1_-_04._Episode_4_m0004hk7_signed,Urban Rap Jumping,"1998, modern television, no licence claimed"
the-challenge-1998,The Challenge,1998,Celebrity_Painting_Challenge_Series_1_-_03._Episode_3_m000499z_signed,Zorbing,"1998, modern television, no licence claimed"
the-challenge-1998,The Challenge,1998,hak5_11x16,hak5 11x16: 2-Factor SSH with Google Authenticator and Challenge Response Authentication,"1998, modern television; uploader licence claim http://creativecommons.org/licenses/by-nc-sa/3.0/ does not rescue it"
the-challenge-1998,The Challenge,1998,hak5_7x05,hak5 7x05: Airport WiFi Challenge and Your Ultra Software Picks,"1998, modern television; uploader licence claim http://creativecommons.org/licenses/by-nc-sa/3.0/ does not rescue it"
the-challenge-of-the-unknown-1984,The Challenge of the Unknown,1984,the-challenge-of-the-unknown-03,The Challenge of the Unknown - 03: Restatement - How Do I See It?,"1984, modern television, no licence claimed"
the-challenge-of-the-unknown-1984,The Challenge of the Unknown,1984,the-challenge-of-the-unknown-05,The Challenge of the Unknown - 05: Management - What Do I Do Next?,"1984, modern television, no licence claimed"
the-challenge-of-the-unknown-1984,The Challenge of the Unknown,1984,the-challenge-of-the-unknown-06,The Challenge of the Unknown - 06: Estimation - Am I Close?,"1984, modern television, no licence claimed"
the-challenge-of-the-unknown-1984,The Challenge of the Unknown,1984,the-challenge-of-the-unknown-07,The Challenge of the Unknown - 07: Argument - Am I Right?,"1984, modern television, no licence claimed"
the-chronic-rift-1990,The Chronic Rift,1990,TheChronicRiftEpisode11,The Chronic Rift: Episode 11 - The Effect of Special Effects,"1990, modern television, no licence claimed"
the-chronic-rift-1990,The Chronic Rift,1990,TheChronicRiftEpisode12,The Chronic Rift: Episode 12 - What is Horror?,"1990, modern television, no licence claimed"
the-chronic-rift-1990,The Chronic Rift,1990,TheChronicRiftEpisode16,The Chronic Rift: Episode 16 - Doctor Who,"1990, modern television, no licence claimed"
the-chronic-rift-1990,The Chronic Rift,1990,TheChronicRiftEpisode17,The Chronic Rift: Episode 17 - Play-by-Mail Games,"1990, modern television, no licence claimed"
the-chronic-rift-1990,The Chronic Rift,1990,TheChronicRiftEpisode20,The Chronic Rift: Episode 20 - Science Fiction and Fantasy in the Classroom,"1990, modern television, no licence claimed"
the-chronic-rift-1990,The Chronic Rift,1990,TheChronicRiftEpisode21,The Chronic Rift: Episode 21 - 1990 Roundtable Awards,"1990, modern television, no licence claimed"
the-chronic-rift-1990,The Chronic Rift,1990,TheChronicRiftEpisode23,The Chronic Rift: Episode 23 - Beauty and the Beast,"1990, modern television, no licence claimed"
the-chronic-rift-1990,The Chronic Rift,1990,TheChronicRiftEpisode24,The Chronic Rift: Episode 24 - Ursula K. LeGuin,"1990, modern television, no licence claimed"
the-chronic-rift-1990,The Chronic Rift,1990,TheChronicRiftEpisode25,The Chronic Rift: Episode 25 - Japanese Animation,"1990, modern television, no licence claimed"
the-chronic-rift-1990,The Chronic Rift,1990,TheChronicRiftEpisode26,The Chronic Rift: Episode 26 - How to Get Your Fantasy & Science Fiction Published,"1990, modern television, no licence claimed"
the-chronic-rift-1990,The Chronic Rift,1990,TheChronicRiftEpisode28,The Chronic Rift: Episode 28 - Blake's 7,"1990, modern television, no licence claimed"
the-chronic-rift-1990,The Chronic Rift,1990,TheChronicRiftEpisode30,The Chronic Rift: Episode 30 - Star Trek's 25th Anniversary,"1990, modern television, no licence claimed"
the-chronic-rift-1990,The Chronic Rift,1990,TheChronicRiftEpisode31,The Chronic Rift: Episode 31 - Attack of the B Movies!,"1990, modern television, no licence claimed"
the-chronic-rift-1990,The Chronic Rift,1990,TheChronicRiftEpisode32,The Chronic Rift: Episode 32 - Anne McCaffrey,"1990, modern television, no licence claimed"
the-chronic-rift-1990,The Chronic Rift,1990,TheChronicRiftEpisode33,The Chronic Rift: Episode 33 - Time Paradoxes,"1990, modern television, no licence claimed"
the-chronic-rift-1990,The Chronic Rift,1990,TheChronicRiftEpisode37,The Chronic Rift: Episode 37 - War in Science Fiction,"1990, modern television, no licence claimed"
the-chronic-rift-1990,The Chronic Rift,1990,TheChronicRiftEpisode41,The Chronic Rift: Episode 41 - Organized Religion in Science Fiction,"1990, modern television, no licence claimed"
the-chronic-rift-1990,The Chronic Rift,1990,TheChronicRiftEpisode42,The Chronic Rift: Episode 42 - Jules Verne & H.G. Wells,"1990, modern television, no licence claimed"
the-chronic-rift-1990,The Chronic Rift,1990,TheChronicRiftEpisode44,The Chronic Rift: Episode 44 - The Prisoner,"1990, modern television, no licence claimed"
the-chronic-rift-1990,The Chronic Rift,1990,TheChronicRiftEpisode45,The Chronic Rift: Episode 45 - Orson Scott Card,"1990, modern television, no licence claimed"
the-chronic-rift-1990,The Chronic Rift,1990,TheChronicRiftEpisode47,The Chronic Rift: Episode 47 - The 1991 Roundtable Awards,"1990, modern television, no licence claimed"
the-chronic-rift-1990,The Chronic Rift,1990,TheChronicRiftEpisode48,The Chronic Rift: Episode 48 - The Hitchhiker's Guide to the Galaxy,"1990, modern television, no licence claimed"
the-chronic-rift-1990,The Chronic Rift,1990,thechronicriftepisode49tvshowsofkennethjohnson,The Chronic Rift Episode 49 TV Shows Of Kenneth Johnson,"1990, modern television, no licence claimed"
the-chronic-rift-1990,The Chronic Rift,1990,thechronicriftepisode50europeancomics,The Chronic Rift Episode 50 European Comics,"1990, modern television, no licence claimed"
the-chronic-rift-1990,The Chronic Rift,1990,thechronicriftepisode51iconhighlightspart1,The Chronic Rift Episode 51 I Con Highlights Part 1,"1990, modern television, no licence claimed"
the-chronic-rift-1990,The Chronic Rift,1990,thechronicriftepisode52iconhighlightspart2,The Chronic Rift Episode 52 Icon Highlights Part 2,"1990, modern television, no licence claimed"
the-computer-programme-abc-tv-intro-1983,The Computer Programme (ABC TV Intro,1983,ComputerProgrammeABCAusIntroEpisode2,The Computer Programme (ABC TV Intro) Episode 2,"1983, modern television, no licence claimed"
the-computer-programme-abc-tv-intro-1983,The Computer Programme (ABC TV Intro,1983,ComputerProgrammeABCAusIntroEpisode4,The Computer Programme (ABC TV Intro) Episode 4,"1983, modern television, no licence claimed"
the-computer-programme-abc-tv-intro-1983,The Computer Programme (ABC TV Intro,1983,ComputerProgrammeABCAusIntroEpisode5,The Computer Programme (ABC TV Intro) Episode 5,"1983, modern television, no licence claimed"
the-computer-programme-abc-tv-intro-1983,The Computer Programme (ABC TV Intro,1983,ComputerProgrammeABCAusIntroEpisode6,The Computer Programme (ABC TV Intro) Episode 6,"1983, modern television, no licence claimed"
the-computer-programme-abc-tv-intro-1983,The Computer Programme (ABC TV Intro,1983,ComputerProgrammeABCAusIntroEpisode7,The Computer Programme (ABC TV Intro) Episode 7,"1983, modern television, no licence claimed"
the-computer-programme-abc-tv-intro-1983,The Computer Programme (ABC TV Intro,1983,ComputerProgrammeABCAusIntroEpisode9,The Computer Programme (ABC TV Intro) Episode 9,"1983, modern television, no licence claimed"
the-computer-programme-abc-tv-intro-1983,The Computer Programme (ABC TV Intro,1983,ComputerProgrammeABCAusIntroEpisode10,The Computer Programme (ABC TV Intro) Episode 10,"1983, modern television, no licence claimed"
the-cosby-show-1984,The Cosby Show,1984,the-cosby-show-complete-series_202512,Halloween,"1984, modern television, no licence claimed"
the-cosby-show-1984,The Cosby Show,1984,the-cosby-show-complete-series_202602,The Cosby Show,"1984, modern television, no licence claimed"
the-cosby-show-1984,The Cosby Show,1984,kvbc-ch-3-1990-cosby-show-promo-robin-givens-episode,"KVBC Ch. 3 - The Cosby Show - ""Theo and the Older Woman"" Promo Commercial","1984, modern television; uploader licence claim http://creativecommons.org/publicdomain/mark/1.0/ does not rescue it"
the-cosby-show-1984,The Cosby Show,1984,the-cosby-show-3x-03-golden-anniversary_20250802,The Cosby Show 3x 03 Golden Anniversary,"1984, modern television, no licence claimed"
the-day-the-universe-changed-1985,The Day the Universe Changed,1985,the-day-the-universe-changed-s01e01-the-way-we-are,The Way We Are: It Started with the Greeks,"1985, modern television, no licence claimed"
the-day-the-universe-changed-1985,The Day the Universe Changed,1985,the-day-the-universe-changed-s01e02-the-way-we-are,In the Light of the Above: Medieval Conflict: Faith and Reason,"1985, modern television, no licence claimed"
the-day-the-universe-changed-1985,The Day the Universe Changed,1985,the-day-the-universe-changed-s01e03-the-way-we-are,Point of View: Scientific Imagination in the Renaissance,"1985, modern television, no licence claimed"
the-day-the-universe-changed-1985,The Day the Universe Changed,1985,the-day-the-universe-changed-s01e04-the-way-we-are,A Matter of Fact: Printing Transforms Knowledge,"1985, modern television, no licence claimed"
the-day-the-universe-changed-1985,The Day the Universe Changed,1985,the-day-the-universe-changed-s01e05-the-way-we-are,Infinitely Reasonable: Science Revises the Heavens,"1985, modern television, no licence claimed"
the-day-the-universe-changed-1985,The Day the Universe Changed,1985,the-day-the-universe-changed-s01e06-the-way-we-are,Credit Where It's Due: The Factory and Marketplace Revolution,"1985, modern television, no licence claimed"
the-day-the-universe-changed-1985,The Day the Universe Changed,1985,the-day-the-universe-changed-s01e07-the-way-we-are,What the Doctor Ordered: Impacts of New Medical Knowledge,"1985, modern television, no licence claimed"
the-day-the-universe-changed-1985,The Day the Universe Changed,1985,the-day-the-universe-changed-s01e08-the-way-we-are,Fit to Rule: Darwin's Revolution,"1985, modern television, no licence claimed"
the-day-the-universe-changed-1985,The Day the Universe Changed,1985,the-day-the-universe-changed-s01e09-the-way-we-are,Making Waves: The New Physics: Newton Revised,"1985, modern television, no licence claimed"
the-day-the-universe-changed-1985,The Day the Universe Changed,1985,the-day-the-universe-changed-s01e10-the-way-we-are,"Worlds Without End: Changing Knowledge, Changing Reality","1985, modern television, no licence claimed"
the-demon-headmaster-1996,The Demon Headmaster,1996,dm02_20240721,"The Demon Headmaster Strikes Again, Pt. 4","1996, modern television, no licence claimed"
the-duck-factory-1984,The Duck Factory,1984,the-duck-factory,The Duck Factory,"1984, modern television, no licence claimed"
the-duck-factory-1984,The Duck Factory,1984,The_Duck_Factory,The Duck Factory,"1984, modern television, no licence claimed"
the-dukes-of-hazzard-1979,The Dukes of Hazzard,1979,the-dukes-of-hazzard-s-01-e-01-one-armed-bandits,One Armed Bandits,"1979, modern television, no licence claimed"
the-dukes-of-hazzard-1979,The Dukes of Hazzard,1979,the-dukes-of-hazzard-s-01-e-02-daisys-song,Daisy's Song,"1979, modern television, no licence claimed"
the-dukes-of-hazzard-1979,The Dukes of Hazzard,1979,the-dukes-of-hazzard-s-01-e-03-mary-kayes-baby,Mary Kaye's Baby,"1979, modern television, no licence claimed"
the-dukes-of-hazzard-1979,The Dukes of Hazzard,1979,the-dukes-of-hazzard-s-01-e-04-repo-men,Repo Men,"1979, modern television, no licence claimed"
the-dukes-of-hazzard-1979,The Dukes of Hazzard,1979,the-dukes-of-hazzard-s-01-e-05-high-octane,High Octane,"1979, modern television, no licence claimed"
the-dukes-of-hazzard-1979,The Dukes of Hazzard,1979,the-dukes-of-hazzard-s-01-e-06-swamp-molly,Swamp Molly,"1979, modern television, no licence claimed"
the-dukes-of-hazzard-1979,The Dukes of Hazzard,1979,the-dukes-of-hazzard-s-01-e-07-lukes-love-story,Luke's Love Story,"1979, modern television, no licence claimed"
the-dukes-of-hazzard-1979,The Dukes of Hazzard,1979,the-dukes-of-hazzard-s-01-e-08-the-big-heist,The Big Heist,"1979, modern television, no licence claimed"
the-dukes-of-hazzard-1979,The Dukes of Hazzard,1979,the-dukes-of-hazzard-s-01-e-09-limo-one-is-missing,Limo One is Missing,"1979, modern television, no licence claimed"
the-dukes-of-hazzard-1979,The Dukes of Hazzard,1979,the-dukes-of-hazzard-s-01-e-10-deputy-dukes,Deputy Dukes,"1979, modern television, no licence claimed"
the-dukes-of-hazzard-1979,The Dukes of Hazzard,1979,the-dukes-of-hazzard-s-01-e-11-money-to-burn,Money to Burn,"1979, modern television, no licence claimed"
the-dukes-of-hazzard-1979,The Dukes of Hazzard,1979,the-dukes-of-hazzard-s-01-e-12-route-7-11,Route 7-11,"1979, modern television, no licence claimed"
the-dukes-of-hazzard-1979,The Dukes of Hazzard,1979,the-dukes-of-hazzard-s-01-e-13-double-sting,Double Sting,"1979, modern television, no licence claimed"
the-dukes-of-hazzard-1979,The Dukes of Hazzard,1979,the.-dukes.-of.-hazzard-s-02-e-01-days-of-shine-and-roses,Days of Shine and Roses,"1979, modern television, no licence claimed"
the-dukes-of-hazzard-1979,The Dukes of Hazzard,1979,the.-dukes.-of.-hazzard-s-02-e-02-gold-fever,Gold Fever,"1979, modern television, no licence claimed"
the-dukes-of-hazzard-1979,The Dukes of Hazzard,1979,the.-dukes.-of.-hazzard-s-02-e-03-the-rustlers,The Rustlers,"1979, modern television, no licence claimed"
the-dukes-of-hazzard-1979,The Dukes of Hazzard,1979,the.-dukes.-of.-hazzard-s-02-e-04-the-meeting,The Meeting,"1979, modern television, no licence claimed"
the-dukes-of-hazzard-1979,The Dukes of Hazzard,1979,the.-dukes.-of.-hazzard-s-02-e-05-road-pirates,Road Pirates,"1979, modern television, no licence claimed"
the-dukes-of-hazzard-1979,The Dukes of Hazzard,1979,the.-dukes.-of.-hazzard-s-02-e-06-the-ghost-of-general-lee,The Ghost of General Lee,"1979, modern television, no licence claimed"
the-dukes-of-hazzard-1979,The Dukes of Hazzard,1979,the.-dukes.-of.-hazzard-s-02-e-07-dukes-meet-cale-yarborough,Dukes Meet Cale Yarborough,"1979, modern television, no licence claimed"
the-dukes-of-hazzard-1979,The Dukes of Hazzard,1979,the.-dukes.-of.-hazzard-s-02-e-08-hazzard-connection,Hazzard Connection,"1979, modern television, no licence claimed"
the-dukes-of-hazzard-1979,The Dukes of Hazzard,1979,the.-dukes.-of.-hazzard-s-02-e-09-witness-for-the-persecution,Witness for the Persecution,"1979, modern television, no licence claimed"
the-dukes-of-hazzard-1979,The Dukes of Hazzard,1979,the.-dukes.-of.-hazzard-s-02-e-10-granny-annie,Granny Annie,"1979, modern television, no licence claimed"
the-dukes-of-hazzard-1979,The Dukes of Hazzard,1979,the.-dukes.-of.-hazzard-s-02-e-11-peoples-choice,People's Choice,"1979, modern television, no licence claimed"
the-dukes-of-hazzard-1979,The Dukes of Hazzard,1979,the.-dukes.-of.-hazzard-s-02-e-12-arrest-jessie-duke,Arrest Jesse Duke,"1979, modern television, no licence claimed"
the-dukes-of-hazzard-1979,The Dukes of Hazzard,1979,the.-dukes.-of.-hazzard-s-02-e-13-duke-of-duke,Duke of Duke,"1979, modern television, no licence claimed"
the-dukes-of-hazzard-1979,The Dukes of Hazzard,1979,the.-dukes.-of.-hazzard-s-02-e-14-the-runaway,The Runaway,"1979, modern television, no licence claimed"
the-dukes-of-hazzard-1979,The Dukes of Hazzard,1979,the.-dukes.-of.-hazzard-s-02-e-15-follow-that-still,Follow That Still,"1979, modern television, no licence claimed"
the-dukes-of-hazzard-1979,The Dukes of Hazzard,1979,the.-dukes.-of.-hazzard-s-02-e-16-treasure-of-hazzard,Treasure of Hazzard,"1979, modern television, no licence claimed"
the-dukes-of-hazzard-1979,The Dukes of Hazzard,1979,the.-dukes.-of.-hazzard-s-02-e-17-officer-daisy-duke,Officer Daisy Duke,"1979, modern television, no licence claimed"
the-dukes-of-hazzard-1979,The Dukes of Hazzard,1979,the.-dukes.-of.-hazzard-s-02-e-18-find-loretta-lynn,Find Loretta Lynn,"1979, modern television, no licence claimed"
the-dukes-of-hazzard-1979,The Dukes of Hazzard,1979,the.-dukes.-of.-hazzard-s-02-e-19-jude-emery,Jude Emery,"1979, modern television, no licence claimed"
the-dukes-of-hazzard-1979,The Dukes of Hazzard,1979,the.-dukes.-of.-hazzard-s-02-e-20-return-of-the-ridge-raiders,Return of the Ridge Raiders,"1979, modern television, no licence claimed"
the-dukes-of-hazzard-1979,The Dukes of Hazzard,1979,the.-dukes.-of.-hazzard-s-02-e-21-mason-dixons-girls,Mason Dixon's Girls,"1979, modern television, no licence claimed"
the-dukes-of-hazzard-1979,The Dukes of Hazzard,1979,the.-dukes.-of.-hazzard-s-02-e-22-r.-i.-p.-henry-flatt,R.I.P. Henry Flatt,"1979, modern television, no licence claimed"
the-dukes-of-hazzard-1979,The Dukes of Hazzard,1979,the.-dukes.-of.-hazzard-s-02-e-23-southern-comfurts,Southern Comfurts,"1979, modern television, no licence claimed"
the-dukes-of-hazzard-1979,The Dukes of Hazzard,1979,the.-dukes.-of.-hazzard-s-03-e-01-carnival-of-thrills-part-1,Carnival of Thrills (1),"1979, modern television, no licence claimed"
the-dukes-of-hazzard-1979,The Dukes of Hazzard,1979,the.-dukes.-of.-hazzard-s-03-e-02-carnival-of-thrills-part-2,Carnival of Thrills (2),"1979, modern television, no licence claimed"
the-dukes-of-hazzard-1979,The Dukes of Hazzard,1979,the.-dukes.-of.-hazzard-s-03-e-03-enos-strate-to-the-top,Enos Strate to the Top,"1979, modern television, no licence claimed"
the-dukes-of-hazzard-1979,The Dukes of Hazzard,1979,the.-dukes.-of.-hazzard-s-03-e-04-the-hazzardville-horror,The Hazzardville Horror,"1979, modern television, no licence claimed"
the-dukes-of-hazzard-1979,The Dukes of Hazzard,1979,the.-dukes.-of.-hazzard-s-03-e-05-and-in-this-corner-luke-duke,"And in this Corner, Luke Duke","1979, modern television, no licence claimed"
the-dukes-of-hazzard-1979,The Dukes of Hazzard,1979,the.-dukes.-of.-hazzard-s-03-e-06-the-late-j.-d.-hogg,The Late J.D. Hogg,"1979, modern television, no licence claimed"
the-dukes-of-hazzard-1979,The Dukes of Hazzard,1979,the.-dukes.-of.-hazzard-s-03-e-07-uncle-boss,Uncle Boss,"1979, modern television, no licence claimed"
the-dukes-of-hazzard-1979,The Dukes of Hazzard,1979,the.-dukes.-of.-hazzard-s-03-e-08-baa-baa-white-sheep,"Baa, Baa, White Sheep","1979, modern television, no licence claimed"
the-dukes-of-hazzard-1979,The Dukes of Hazzard,1979,the.-dukes.-of.-hazzard-s-03-e-09-mrs.-rosco-p.-coltrane,Mrs. Rosco P. Coltrane,"1979, modern television, no licence claimed"
the-dukes-of-hazzard-1979,The Dukes of Hazzard,1979,the.-dukes.-of.-hazzard-s-03-e-10-the-great-santa-claus-chase,The Great Santa Claus Chase,"1979, modern television, no licence claimed"
the-dukes-of-hazzard-1979,The Dukes of Hazzard,1979,the.-dukes.-of.-hazzard-s-03-e-11-good-neighbors-duke,"Good Neighbors, Duke","1979, modern television, no licence claimed"
the-dukes-of-hazzard-1979,The Dukes of Hazzard,1979,the.-dukes.-of.-hazzard-s-03-e-12-state-of-the-country,State of the County,"1979, modern television, no licence claimed"
the-dukes-of-hazzard-1979,The Dukes of Hazzard,1979,the.-dukes.-of.-hazzard-s-03-e-13-the-legacy,The Legacy,"1979, modern television, no licence claimed"
the-dukes-of-hazzard-1979,The Dukes of Hazzard,1979,the.-dukes.-of.-hazzard-s-03-e-14-duke-vs.-duke,Duke vs. Duke,"1979, modern television, no licence claimed"
the-dukes-of-hazzard-1979,The Dukes of Hazzard,1979,the.-dukes.-of.-hazzard-s-03-e-15-my-son-bo-hogg,"My Son, Bo Hogg","1979, modern television, no licence claimed"
the-dukes-of-hazzard-1979,The Dukes of Hazzard,1979,the.-dukes.-of.-hazzard-s-03-e-16-to-catch-a-duke,To Catch a Duke,"1979, modern television, no licence claimed"
the-dukes-of-hazzard-1979,The Dukes of Hazzard,1979,the.-dukes.-of.-hazzard-s-03-e-17-along-came-a-duke,Along Came a Duke,"1979, modern television, no licence claimed"
the-dukes-of-hazzard-1979,The Dukes of Hazzard,1979,the.-dukes.-of.-hazzard-s-03-e-18-by-line-daisy-duke,"By-Line, Daisy Duke","1979, modern television, no licence claimed"
the-dukes-of-hazzard-1979,The Dukes of Hazzard,1979,the.-dukes.-of.-hazzard-s-03-e-19-the-return-of-hughie-hogg,The Return of Hughie Hogg,"1979, modern television, no licence claimed"
the-dukes-of-hazzard-1979,The Dukes of Hazzard,1979,the.-dukes.-of.-hazzard-s-03-e-20-bye-bye-boss,"Bye, Bye, Boss","1979, modern television, no licence claimed"
the-dukes-of-hazzard-1979,The Dukes of Hazzard,1979,the.-dukes.-of.-hazzard-s-03-e-21-the-great-hazzard-hijack,The Great Hazzard Hijack,"1979, modern television, no licence claimed"
the-dukes-of-hazzard-1979,The Dukes of Hazzard,1979,the.-dukes.-of.-hazzard-s-03-e-22-the-hack-of-hazzard,The Hack of Hazzard,"1979, modern television, no licence claimed"
the-dukes-of-hazzard-1979,The Dukes of Hazzard,1979,the.-dukes.-of.-hazzard-s-03-e-23-the-canterbury-crock,The Canterbury Crock,"1979, modern television, no licence claimed"
the-dukes-of-hazzard-1979,The Dukes of Hazzard,1979,the.-dukes.-of.-hazzard-s-04-e-01-mrs.-daisy-hogg,Mrs. Daisy Hogg,"1979, modern television, no licence claimed"
the-dukes-of-hazzard-1979,The Dukes of Hazzard,1979,the.-dukes.-of.-hazzard-s-04-e-02-double-dukes,Double Dukes,"1979, modern television, no licence claimed"
the-dukes-of-hazzard-1979,The Dukes of Hazzard,1979,the.-dukes.-of.-hazzard-s-04-e-03-diamons-in-the-rough,Diamonds in the Rough,"1979, modern television, no licence claimed"
the-dukes-of-hazzard-1979,The Dukes of Hazzard,1979,the.-dukes.-of.-hazzard-s-04-e-04-coltrane-vs.-duke,Coltrane vs. Duke,"1979, modern television, no licence claimed"
the-dukes-of-hazzard-1979,The Dukes of Hazzard,1979,the.-dukes.-of.-hazzard-s-04-e-05-the-fugitive,The Fugitive,"1979, modern television, no licence claimed"
the-dukes-of-hazzard-1979,The Dukes of Hazzard,1979,the.-dukes.-of.-hazzard-s-04-e-06-the-great-bank-robbery,The Great Bank Robbery,"1979, modern television, no licence claimed"
the-dukes-of-hazzard-1979,The Dukes of Hazzard,1979,the.-dukes.-of.-hazzard-s-04-e-07-sadie-hogg-day,Sadie Hogg Day,"1979, modern television, no licence claimed"
the-dukes-of-hazzard-1979,The Dukes of Hazzard,1979,the.-dukes.-of.-hazzard-s-04-e-08-10-million-dollar-sheriff-part-1,10 Million Dollar Sheriff (1),"1979, modern television, no licence claimed"
the-dukes-of-hazzard-1979,The Dukes of Hazzard,1979,the.-dukes.-of.-hazzard-s-04-e-09-10-million-dollar-sheriff-part-2,10 Million Dollar Sheriff (2),"1979, modern television, no licence claimed"
the-dukes-of-hazzard-1979,The Dukes of Hazzard,1979,the.-dukes.-of.-hazzard-s-04-e-10-trouble-at-cooters,Trouble at Cooter's,"1979, modern television, no licence claimed"
the-dukes-of-hazzard-1979,The Dukes of Hazzard,1979,the.-dukes.-of.-hazzard-s-04-e-11-goodbye-general-lee,"Goodbye, General Lee","1979, modern television, no licence claimed"
the-dukes-of-hazzard-1979,The Dukes of Hazzard,1979,the.-dukes.-of.-hazzard-s-04-e-12-cletus-falls-in-love,Cletus Falls in Love,"1979, modern television, no licence claimed"
the-dukes-of-hazzard-1979,The Dukes of Hazzard,1979,the.-dukes.-of.-hazzard-s-04-e-13-hughie-hogg-strikes-again,Hughie Hogg Strikes Again,"1979, modern television, no licence claimed"
the-dukes-of-hazzard-1979,The Dukes of Hazzard,1979,the.-dukes.-of.-hazzard-s-04-e-14-the-dukescam-scam,Dukescam Scam,"1979, modern television, no licence claimed"
the-dukes-of-hazzard-1979,The Dukes of Hazzard,1979,the.-dukes.-of.-hazzard-s-04-e-15-the-sound-of-music-hazzard-style,The Sound of Music - Hazzard Style,"1979, modern television, no licence claimed"
the-dukes-of-hazzard-1979,The Dukes of Hazzard,1979,the.-dukes.-of.-hazzard-s-04-e-16-shine-on-hazzard-moon,Shine on Hazzard Moon,"1979, modern television, no licence claimed"
the-dukes-of-hazzard-1979,The Dukes of Hazzard,1979,the.-dukes.-of.-hazzard-s-04-e-17-pin-the-tail-on-the-dukes,Pin the Tail on the Dukes,"1979, modern television, no licence claimed"
the-dukes-of-hazzard-1979,The Dukes of Hazzard,1979,the.-dukes.-of.-hazzard-s-04-e-18-miz-tisdale-on-the-lam,Miz Tisdale on the Lam,"1979, modern television, no licence claimed"
the-dukes-of-hazzard-1979,The Dukes of Hazzard,1979,the.-dukes.-of.-hazzard-s-04-e-19-nothin-but-the-truth,Nothin' But the Truth,"1979, modern television, no licence claimed"
the-dukes-of-hazzard-1979,The Dukes of Hazzard,1979,the.-dukes.-of.-hazzard-s-04-e-20-dear-diary,Dear Diary,"1979, modern television, no licence claimed"
the-dukes-of-hazzard-1979,The Dukes of Hazzard,1979,the.-dukes.-of.-hazzard-s-04-e-21-new-deputy-in-town,New Deputy in Town,"1979, modern television, no licence claimed"
the-dukes-of-hazzard-1979,The Dukes of Hazzard,1979,the.-dukes.-of.-hazzard-s-04-e-22-birds-gotta-fly,Birds Gotta Fly,"1979, modern television, no licence claimed"
the-dukes-of-hazzard-1979,The Dukes of Hazzard,1979,the.-dukes.-of.-hazzard-s-04-e-23-bad-day-in-hazzard,Bad Day in Hazzard,"1979, modern television, no licence claimed"
the-dukes-of-hazzard-1979,The Dukes of Hazzard,1979,the.-dukes.-of.-hazzard-s-04-e-24-miss-tri-counties,Miss Tri-Counties,"1979, modern television, no licence claimed"
the-dukes-of-hazzard-1979,The Dukes of Hazzard,1979,the.-dukes.-of.-hazzard-s-04-e-25-share-and-share-alike,Share and Share Alike,"1979, modern television, no licence claimed"
the-dukes-of-hazzard-1979,The Dukes of Hazzard,1979,the.-dukes.-of.-hazzard-s-04-e-26-the-law-and-jesse-duke,The Law and Jesse Duke,"1979, modern television, no licence claimed"
the-dukes-of-hazzard-1979,The Dukes of Hazzard,1979,the.-dukes.-of.-hazzard-s-04-e-27-dukes-in-danger,Dukes in Danger,"1979, modern television, no licence claimed"
the-exile-1991,The Exile,1991,exile-3,Triangles,"1991, modern television, no licence claimed"
the-exile-1991,The Exile,1991,exile-7,Birds of a Feather,"1991, modern television, no licence claimed"
the-exile-1991,The Exile,1991,exile-8,Dear Life,"1991, modern television, no licence claimed"
the-exile-1991,The Exile,1991,exile-10,Immaculate Deception,"1991, modern television, no licence claimed"
the-exile-1991,The Exile,1991,exile-11,Bad Choices,"1991, modern television, no licence claimed"
the-exile-1991,The Exile,1991,exile-12,The Girl from Brazil,"1991, modern television, no licence claimed"
the-golden-palace-1992,The Golden Palace,1992,the-golden-palace,Promotional Considerations,"1992, modern television, no licence claimed"
the-hypnotic-eye-1996,The Hypnotic Eye,1996,TheHypnoticEyeEpisode3,Show #3,"1996, modern television; uploader licence claim http://creativecommons.org/publicdomain/zero/1.0/ does not rescue it"
the-hypnotic-eye-1996,The Hypnotic Eye,1996,TheHypnoticEyeEpisode5,Show #5,"1996, modern television; uploader licence claim http://creativecommons.org/publicdomain/zero/1.0/ does not rescue it"
the-hypnotic-eye-1996,The Hypnotic Eye,1996,TheHypnoticEyeEpisode10,2nd Anniversary Special,"1996, modern television; uploader licence claim http://creativecommons.org/publicdomain/zero/1.0/ does not rescue it"
the-hypnotic-eye-1996,The Hypnotic Eye,1996,TheHypnoticEyeEpisode11,Half Assed Puppets and Magic,"1996, modern television; uploader licence claim http://creativecommons.org/publicdomain/zero/1.0/ does not rescue it"
the-jim-henson-hour-1989,The Jim Henson Hour,1989,jim-henson-hour-1,Outer Space,"1989, modern television, no licence claimed"
the-jim-henson-hour-1989,The Jim Henson Hour,1989,jim-henson-hour-2,Oceans,"1989, modern television, no licence claimed"
the-jim-henson-hour-1989,The Jim Henson Hour,1989,the-jim-henson-hour-s-1-e-11-living-with-dinosuars,Living with Dinosaurs,"1989, modern television, no licence claimed"
the-jim-henson-hour-1989,The Jim Henson Hour,1989,04TheJimHensonHourDogCity,The Jim Henson Hour,"1989, modern television, no licence claimed"
the-kojak-chronicles-2026,The Kojak-Chronicles,2026,kojak-chronicles-s-01e-08-11,"The Kojak-Chronicles S01e08-11 Dark Sunday, Conspiracy Of Fear, Cop In A Cage, & Marker To A Dead Bookie","2026, modern television; uploader licence claim https://creativecommons.org/licenses/by-nd/4.0/ does not rescue it"
the-kojak-chronicles-2026,The Kojak-Chronicles,2026,kojak-chronicles-s01e12-15,"The Kojak-Chronicles S01e12-15 Last Rites For A Dead Priest, Death Is Not A Passing Grade, Die Before They Wake, & Deliver Us From Evil","2026, modern television; uploader licence claim https://creativecommons.org/licenses/by/4.0/ does not rescue it"
the-kojak-chronicles-2026,The Kojak-Chronicles,2026,the-kojak-chronicles-s01e16-18,"The Kojak-Chronicles S01e16-18 Eighteen Hours Of Fear, Before The Devil Know, & Dead On His Feet","2026, modern television; uploader licence claim https://creativecommons.org/licenses/by/4.0/ does not rescue it"
the-life-and-loves-of-a-she-devil-1986,The Life and Loves of a She-Devil,1986,LoveOfLife8February1955,''Love Of Life'' - 8 February 1955,"1986, modern television, no licence claimed"
the-life-and-loves-of-a-she-devil-1986,The Life and Loves of a She-Devil,1986,loveoflife20march1953,''Love of Life'' - 20 March 1953,"1986, modern television, no licence claimed"
the-life-and-loves-of-a-she-devil-1986,The Life and Loves of a She-Devil,1986,Love-Of-Life_3,"'Love of Life' - February 8, 1955","1986, modern television; uploader licence claim http://creativecommons.org/licenses/publicdomain/ does not rescue it"
the-life-and-loves-of-a-she-devil-1986,The Life and Loves of a She-Devil,1986,Love_Of_Life_Soap,"'Love of Life' - March 20, 1953","1986, modern television; uploader licence claim http://creativecommons.org/licenses/publicdomain/ does not rescue it"
the-life-and-loves-of-a-she-devil-1986,The Life and Loves of a She-Devil,1986,Love_Of_Life_2,"'Love of Life' - May 22, 1953","1986, modern television; uploader licence claim http://creativecommons.org/licenses/publicdomain/ does not rescue it"
the-life-and-loves-of-a-she-devil-1986,The Life and Loves of a She-Devil,1986,LoveOfLife,Love of Life,"1986, modern television, no licence claimed"
the-life-and-loves-of-a-she-devil-1986,The Life and Loves of a She-Devil,1986,LoveOfLife-22ndDecember1955,Love of Life - 22nd December 1955,"1986, modern television, no licence claimed"
the-life-and-loves-of-a-she-devil-1986,The Life and Loves of a She-Devil,1986,the-life-loves-of-a-she-devil,THE LIFE & LOVES OF A SHE-DEVIL,"1986, modern television, no licence claimed"
the-man-from-snowy-river-1994,The Man from Snowy River,1994,DiverDan_Ep01_Hard_Water,The Race,"1994, modern television; uploader licence claim http://creativecommons.org/licenses/publicdomain/ does not rescue it"
the-man-from-snowy-river-1994,The Man from Snowy River,1994,DiverDan_Ep02_Goldie_The_Goldfish,Pascoe's Principle,"1994, modern television; uploader licence claim http://creativecommons.org/licenses/publicdomain/ does not rescue it"
the-man-from-snowy-river-1994,The Man from Snowy River,1994,DiverDan_Ep03_Talking_Fish,Kathleen's Choice,"1994, modern television; uploader licence claim http://creativecommons.org/licenses/publicdomain/ does not rescue it"
the-man-from-snowy-river-1994,The Man from Snowy River,1994,DiverDan_Ep05_Treasure_Ship,Where There's Smoke,"1994, modern television; uploader licence claim http://creativecommons.org/licenses/publicdomain/ does not rescue it"
the-man-from-snowy-river-1994,The Man from Snowy River,1994,DiverDan_Ep06_Sawfish_Rescue,Tracks of Gold,"1994, modern television; uploader licence claim http://creativecommons.org/licenses/publicdomain/ does not rescue it"
the-man-from-snowy-river-1994,The Man from Snowy River,1994,DiverDan_Ep07_Shell_O_Phone,Plans of Poison,"1994, modern television; uploader licence claim http://creativecommons.org/licenses/publicdomain/ does not rescue it"
the-man-from-snowy-river-1994,The Man from Snowy River,1994,DiverDan_Ep08_The_Octopus,Stepping Out,"1994, modern television; uploader licence claim http://creativecommons.org/licenses/publicdomain/ does not rescue it"
the-man-from-snowy-river-1994,The Man from Snowy River,1994,DiverDan_Ep09_Murder_Ink,The Bushranger,"1994, modern television; uploader licence claim http://creativecommons.org/licenses/publicdomain/ does not rescue it"
the-man-from-snowy-river-1994,The Man from Snowy River,1994,DiverDan_Ep10_Bottomless_Pit,The Rustlers,"1994, modern television; uploader licence claim http://creativecommons.org/licenses/publicdomain/ does not rescue it"
the-man-from-snowy-river-1994,The Man from Snowy River,1994,DiverDan_Ep11_Teetering_Rock,The Loneliness of Luke McGregor,"1994, modern television; uploader licence claim http://creativecommons.org/licenses/publicdomain/ does not rescue it"
the-man-from-snowy-river-1994,The Man from Snowy River,1994,DiverDan_Ep12_Barons_Capture,Love Finds a Way,"1994, modern television; uploader licence claim http://creativecommons.org/licenses/publicdomain/ does not rescue it"
the-man-from-snowy-river-1994,The Man from Snowy River,1994,DiverDan_Ep13_An_Unusual_Treasure,The Stampede,"1994, modern television; uploader licence claim http://creativecommons.org/licenses/publicdomain/ does not rescue it"
the-man-from-snowy-river-1994,The Man from Snowy River,1994,DiverDan_Ep14_Triggers_Revenge,Diver Dan: Ep 14 Triggers Revenge,"1994, modern television; uploader licence claim http://creativecommons.org/licenses/publicdomain/ does not rescue it"
the-man-from-snowy-river-1994,The Man from Snowy River,1994,DiverDan_Ep15_An_Unusual_Fish,Diver Dan: Ep 15 An Unusual Fish,"1994, modern television; uploader licence claim http://creativecommons.org/licenses/publicdomain/ does not rescue it"
the-man-from-snowy-river-1994,The Man from Snowy River,1994,DiverDan_Ep16_The_Verdict,Diver Dan: Ep 16 The Verdict,"1994, modern television; uploader licence claim http://creativecommons.org/licenses/publicdomain/ does not rescue it"
the-man-from-snowy-river-1994,The Man from Snowy River,1994,DiverDan_Ep17_Horaces_Dilemma,Diver Dan: Ep 17 Horaces Dilemma,"1994, modern television; uploader licence claim http://creativecommons.org/licenses/publicdomain/ does not rescue it"
the-man-from-snowy-river-1994,The Man from Snowy River,1994,DiverDan_Ep18_The_Trap,Diver Dan: Ep 18 The Trap,"1994, modern television; uploader licence claim http://creativecommons.org/licenses/publicdomain/ does not rescue it"
the-man-from-snowy-river-1994,The Man from Snowy River,1994,DiverDan_Ep19_The_Trap_Is_Sprung,Diver Dan: Ep 19 The Trap Is Sprung,"1994, modern television; uploader licence claim http://creativecommons.org/licenses/publicdomain/ does not rescue it"
the-man-from-snowy-river-1994,The Man from Snowy River,1994,DiverDan_Ep20_Riddle_Of_The_Hermit_Crab,Diver Dan: Ep 20 Riddle Of The Hermit Crab,"1994, modern television; uploader licence claim http://creativecommons.org/licenses/publicdomain/ does not rescue it"
the-man-from-snowy-river-1994,The Man from Snowy River,1994,DiverDan_Ep21_Sargasso_Sea,Diver Dan: Ep 21 Sargasso Sea,"1994, modern television; uploader licence claim http://creativecommons.org/licenses/publicdomain/ does not rescue it"
the-man-from-snowy-river-1994,The Man from Snowy River,1994,DiverDan_Ep22_Lost_In_The_Sargasso_Sea,Diver Dan: Ep 22 Lost In The Sargasso Sea,"1994, modern television; uploader licence claim http://creativecommons.org/licenses/publicdomain/ does not rescue it"
the-man-from-snowy-river-1994,The Man from Snowy River,1994,DiverDan_Ep23_Current_Flow,Diver Dan: Ep 23 Current Flow,"1994, modern television; uploader licence claim http://creativecommons.org/licenses/publicdomain/ does not rescue it"
the-man-from-snowy-river-1994,The Man from Snowy River,1994,DiverDan_Ep24_The_Storm,Diver Dan: Ep 24 The Storm,"1994, modern television; uploader licence claim http://creativecommons.org/licenses/publicdomain/ does not rescue it"
the-man-from-snowy-river-1994,The Man from Snowy River,1994,DiverDan_Ep25_Goldies_Heroism,Diver Dan: Ep 25 Goldie's Heroism,"1994, modern television; uploader licence claim http://creativecommons.org/licenses/publicdomain/ does not rescue it"
the-man-from-snowy-river-1994,The Man from Snowy River,1994,DiverDan_Ep26_Dynamite,Diver Dan: Ep 26 Dynamite,"1994, modern television; uploader licence claim http://creativecommons.org/licenses/publicdomain/ does not rescue it"
the-man-from-snowy-river-1994,The Man from Snowy River,1994,DiverDan_Ep27_Ghost_Is_Clear,Diver Dan: Ep 27 Ghost Is Clear,"1994, modern television; uploader licence claim http://creativecommons.org/licenses/publicdomain/ does not rescue it"
the-man-from-snowy-river-1994,The Man from Snowy River,1994,DiverDan_Ep28_Captain_Barney,Diver Dan: Ep 28 Captain Barney,"1994, modern television; uploader licence claim http://creativecommons.org/licenses/publicdomain/ does not rescue it"
the-man-from-snowy-river-1994,The Man from Snowy River,1994,DiverDan_Ep29_Lost_City,Diver Dan: Ep 29 Lost City,"1994, modern television; uploader licence claim http://creativecommons.org/licenses/publicdomain/ does not rescue it"
the-man-from-snowy-river-1994,The Man from Snowy River,1994,DiverDan_Ep30_Secret_Of_The_Throne,Diver Dan: EP 30 Secret Of The Throne,"1994, modern television; uploader licence claim http://creativecommons.org/licenses/publicdomain/ does not rescue it"
the-man-from-snowy-river-1994,The Man from Snowy River,1994,DiverDan_Ep31_Crawling_Danger,Diver Dan: Ep 31 Crawling Danger,"1994, modern television; uploader licence claim http://creativecommons.org/licenses/publicdomain/ does not rescue it"
the-man-from-snowy-river-1994,The Man from Snowy River,1994,DiverDan_Ep32_The_Strange_Fish,Diver Dan: Ep 32 The Strange Fish,"1994, modern television; uploader licence claim http://creativecommons.org/licenses/publicdomain/ does not rescue it"
the-man-from-snowy-river-1994,The Man from Snowy River,1994,DiverDan_Ep33_The_Bomb,Diver Dan: Ep 33 The Bomb,"1994, modern television; uploader licence claim http://creativecommons.org/licenses/publicdomain/ does not rescue it"
the-man-from-snowy-river-1994,The Man from Snowy River,1994,DiverDan_Ep34_The_Bubbling_Pit,Diver Dan: Ep 34 The Bubbling Pit,"1994, modern television; uploader licence claim http://creativecommons.org/licenses/publicdomain/ does not rescue it"
the-man-from-snowy-river-1994,The Man from Snowy River,1994,DiverDan_Ep35_The_Volcano,Diver Dan: Ep 35 The Volcano,"1994, modern television; uploader licence claim http://creativecommons.org/licenses/publicdomain/ does not rescue it"
the-man-from-snowy-river-1994,The Man from Snowy River,1994,DiverDan_Ep36_Depth_Charge,Diver Dan: Ep 36 Depth Charge,"1994, modern television; uploader licence claim http://creativecommons.org/licenses/publicdomain/ does not rescue it"
the-man-from-snowy-river-1994,The Man from Snowy River,1994,DiverDan_Ep37_School_Daze,Diver Dan: Ep 37 School Daze,"1994, modern television; uploader licence claim http://creativecommons.org/licenses/publicdomain/ does not rescue it"
the-man-from-snowy-river-1994,The Man from Snowy River,1994,DiverDan_Ep38_Strange_Vines,Diver Dan: Ep 38 Strange Vines,"1994, modern television; uploader licence claim http://creativecommons.org/licenses/publicdomain/ does not rescue it"
the-man-from-snowy-river-1994,The Man from Snowy River,1994,DiverDan_Ep39_Savage_Seaweed,Diver Dan: Ep 39 Savage Seaweed,"1994, modern television; uploader licence claim http://creativecommons.org/licenses/publicdomain/ does not rescue it"
the-man-from-snowy-river-1994,The Man from Snowy River,1994,DiverDan_Ep40_The_Magnet,"Diver Dan, Episode 40: The Magnet","1994, modern television; uploader licence claim http://creativecommons.org/licenses/publicdomain/ does not rescue it"
the-martin-short-show-1994,The Martin Short Show,1994,TheMartinShortShowEp.2TheSteveMartinShow,The Steve Martin Show,"1994, modern television, no licence claimed"
the-master-1984,The Master,1984,TheMaster-Max,Max,"1984, modern television; uploader licence claim http://creativecommons.org/licenses/publicdomain/ does not rescue it"
the-master-1984,The Master,1984,the-master-complete-series-1984,The Master - 1984,"1984, modern television, no licence claimed"
the-master-1984,The Master,1984,TheMaster-OutofTimeStep,Out-of-Time Step,"1984, modern television; uploader licence claim http://creativecommons.org/licenses/publicdomain/ does not rescue it"
the-master-1984,The Master,1984,TheMaster-StateOfTheUnion,State of the Union,"1984, modern television; uploader licence claim http://creativecommons.org/licenses/publicdomain/ does not rescue it"
the-master-1984,The Master,1984,the-master-tv-series,The Java Tiger,"1984, modern television, no licence claimed"
the-nutt-house-1989,The Nutt House,1989,TheNutHouse,The Nut House!!,"1989, modern television, no licence claimed"
the-nutt-house-1989,The Nutt House,1989,the-nutt-house-1989,The Nutt House,"1989, modern television, no licence claimed"
the-odyssey-1997,The Odyssey,1997,the-odyssey-1997-part-1-of-2-avi,Episode 1,"1997, modern television, no licence claimed"
the-odyssey-1997,The Odyssey,1997,the-odyssey-1997-part-2-of-2-avi,Episode 2,"1997, modern television, no licence claimed"
the-odyssey-1997,The Odyssey,1997,the-odyssey-1997-part-1-of-2-mkv,The Odyssey - 1997 - Part 1 of 2,"1997, modern television, no licence claimed"
the-odyssey-1997,The Odyssey,1997,the-odyssey-1997-part-2-of-2-mkv,The Odyssey - 1997 - Part 2 of 2,"1997, modern television, no licence claimed"
the-odyssey-1997,The Odyssey,1997,the-odyssey-1997-the-making-of-mkv,The Odyssey - 1997 - The Making Of,"1997, modern television, no licence claimed"
the-odyssey-1997,The Odyssey,1997,the-odyssey-1997-the-making-of-avi,The Odyssey - 1997 - The Making Of - AVI,"1997, modern television, no licence claimed"
the-odyssey-1997,The Odyssey,1997,the-odyssey-1997-trailer-avi,The Odyssey - 1997 - Trailer - AVI,"1997, modern television, no licence claimed"
the-single-guy-1995,The Single Guy,1995,TheSingleGuyS02E02BestMan,Best Man,"1995, modern television, no licence claimed"
the-single-guy-1995,The Single Guy,1995,SingleGuyS02E04KeptMan,Kept Man,"1995, modern television, no licence claimed"
the-single-guy-1995,The Single Guy,1995,TheSingleGuyMotherLoveS2E16,Mother Love,"1995, modern television, no licence claimed"
the-snowman-1982,The Snowman,1982,TheSnowman_201305,The Snowman,"1982, modern television, no licence claimed"
the-snowman-1982,The Snowman,1982,cbeebies-balamory-s04-episode-10-the-snowman,CBeebies | Balamory - S04 Episode 10,"1982, modern television, no licence claimed"
the-state-2017,The State,2017,the-state-season-4-mkv,The State - Season 4,"2017, modern television, no licence claimed"
the-state-2017,The State,2017,the-state-season-4-commentary-audio-track-subtitles-mkv,The State - Season 4 - Commentary Audio Track & Subtitles,"2017, modern television, no licence claimed"
the-state-2017,The State,2017,the-state-season-9-43rd-annual-all-star-halloween-special-xvid-avi,The State - Season 9 - 43rd Annual All-Star Halloween Special - XviD AVI,"2017, modern television, no licence claimed"
the-super-dave-osborne-show-1987,The Super Dave Osborne Show,1987,the-super-dave-osborne-show,Tennis Court,"1987, modern television, no licence claimed"
the-vicar-of-dibley-1994,The Vicar of Dibley,1994,vicar-of-dibley-s-01-e-01-arrival.avi,The Arrival,"1994, modern television, no licence claimed"
the-vicar-of-dibley-1994,The Vicar of Dibley,1994,vo-d-s-01-e-04-the-window-and-the-weather.avi,Winter,"1994, modern television, no licence claimed"
the-vicar-of-dibley-1994,The Vicar of Dibley,1994,the_vicar_of_dibley-_season_01_-_episode_01___57d9ba5180e99,the vicar of dibley- season 01 - episode 01 the arrival,"1994, modern television, no licence claimed"
the-vicar-of-dibley-1994,The Vicar of Dibley,1994,bbc-co-uk-p00bpkz5,"BBC One - The Vicar of Dibley, Series 2, Celebrity Vicar, Dibley V Darcey","1994, modern television, no licence claimed"
the-wind-in-the-willows-1984,The Wind in the Willows,1984,witw-s-1-d-1-title-3,The Further Adventures of Toad,"1984, modern television, no licence claimed"
the-wind-in-the-willows-1984,The Wind in the Willows,1984,witw-s-1-d-1-title-4,The Kidnapping of Toad,"1984, modern television, no licence claimed"
the-wind-in-the-willows-1984,The Wind in the Willows,1984,witw-s-1-d-1-title-8,Mole's Cousin,"1984, modern television, no licence claimed"
the-wind-in-the-willows-1984,The Wind in the Willows,1984,witw-s-1-d-1-title-10,The Open Road Again,"1984, modern television, no licence claimed"
the-wind-in-the-willows-1984,The Wind in the Willows,1984,witw-s-1-d-2-title-3-1,Wayfarers All,"1984, modern television, no licence claimed"
the-wind-in-the-willows-1984,The Wind in the Willows,1984,10-bankruptcy,Bankruptcy,"1984, modern television, no licence claimed"
the-wind-in-the-willows-1984,The Wind in the Willows,1984,12-gadget-mad,Gadget Mad,"1984, modern television, no licence claimed"
the-wind-in-the-willows-1984,The Wind in the Willows,1984,mayday_202303,May Day,"1984, modern television, no licence claimed"
the-wind-in-the-willows-1984,The Wind in the Willows,1984,toad-astronomer,"Toad, Astronomer","1984, modern television, no licence claimed"
the-wind-in-the-willows-1984,The Wind in the Willows,1984,witw-auld-lang-syne,Auld Lang Syne,"1984, modern television, no licence claimed"
the-wind-in-the-willows-1984,The Wind in the Willows,1984,witw-the-compleat-bungler,The Compleat Bungler,"1984, modern television, no licence claimed"
the-world-according-to-smith-and-jones-1987,The World According to Smith and Jones,1987,the-world-according-to-smith-and-jones-s-1x-e-1-the-stone-age-1987,The Beginning,"1987, modern television, no licence claimed"
the-world-according-to-smith-and-jones-1987,The World According to Smith and Jones,1987,the-world-according-to-smith-and-jones-s-1x-e-2-the-romans-1987,The Romans,"1987, modern television, no licence claimed"
the-world-according-to-smith-and-jones-1987,The World According to Smith and Jones,1987,the-world-according-to-smith-and-jones-s-1x-e-3-the-middle-ages-1987,The Middle Ages,"1987, modern television, no licence claimed"
the-world-according-to-smith-and-jones-1987,The World According to Smith and Jones,1987,the-world-according-to-smith-and-jones-s-1x-e-4-the-tudors-1987,Tudor Times,"1987, modern television, no licence claimed"
the-world-according-to-smith-and-jones-1987,The World According to Smith and Jones,1987,the-world-according-to-smith-and-jones-s-1x-e-5-the-napoleonic-wars-1987,Napoleonic Wars,"1987, modern television, no licence claimed"
the-world-according-to-smith-and-jones-1987,The World According to Smith and Jones,1987,the-world-according-to-smith-and-jones-s-1x-e-6-the-victorians-1987,The Victorian Age,"1987, modern television, no licence claimed"
the-world-according-to-smith-and-jones-1987,The World According to Smith and Jones,1987,the-world-according-to-smith-and-jones-s-2x-e-1-medicine-1988,Medicine,"1987, modern television, no licence claimed"
the-world-according-to-smith-and-jones-1987,The World According to Smith and Jones,1987,the-world-according-to-smith-and-jones-s-2x-e-2-war-1988,War,"1987, modern television, no licence claimed"
the-world-according-to-smith-and-jones-1987,The World According to Smith and Jones,1987,the-world-according-to-smith-and-jones-s-2x-e-3-law-1988,Law,"1987, modern television, no licence claimed"
the-world-according-to-smith-and-jones-1987,The World According to Smith and Jones,1987,the-world-according-to-smith-and-jones-s-2x-e-4-education-1988,Education,"1987, modern television, no licence claimed"
the-world-according-to-smith-and-jones-1987,The World According to Smith and Jones,1987,the-world-according-to-smith-and-jones-s-2x-e-6-science-1988,Science,"1987, modern television, no licence claimed"
the-world-of-abnormal-psychology-1992,The World Of Abnormal Psychology,1992,the.-world.-of.-abnormal.-psychology-s-01e-01-looking-at-abnormal-behavior,The World Of Abnormal Psychology - s01e01 - Looking At Abnormal Behavior,"1992, modern television; uploader licence claim https://creativecommons.org/publicdomain/mark/1.0/ does not rescue it"
the-world-of-abnormal-psychology-1992,The World Of Abnormal Psychology,1992,the-world-of-abnormal-psychology-s-01e-02-the-nature-of-stress,The World Of Abnormal Psychology - s01e02 - The Nature Of Stress,"1992, modern television; uploader licence claim https://creativecommons.org/publicdomain/mark/1.0/ does not rescue it"
the-world-of-abnormal-psychology-1992,The World Of Abnormal Psychology,1992,the-world-of-abnormal-psychology-s-01e-03-the-anxiety-disorders,The World Of Abnormal Psychology - s01e03 - The Anxiety Disorders,"1992, modern television; uploader licence claim https://creativecommons.org/publicdomain/mark/1.0/ does not rescue it"
the-world-of-abnormal-psychology-1992,The World Of Abnormal Psychology,1992,the-world-of-abnormal-psychology-s-01e-04-psychological-factors-and-physical-illness,The World Of Abnormal Psychology - s01e04 - Psychological Factors And Physical Illness,"1992, modern television; uploader licence claim https://creativecommons.org/publicdomain/mark/1.0/ does not rescue it"
the-world-of-abnormal-psychology-1992,The World Of Abnormal Psychology,1992,the-world-of-abnormal-psychology-s-01e-05-personality-disorders,The World Of Abnormal Psychology - s01e05 - Personality Disorders,"1992, modern television; uploader licence claim https://creativecommons.org/publicdomain/mark/1.0/ does not rescue it"
the-x-s-2005,The X's,2005,TheXsNearlyComplete,The X's,"2005, modern television, no licence claimed"
the-x-s-2005,The X's,2005,thexstvrecordings,The X's,"2005, modern television, no licence claimed"
treehouse-detectives-2018,Treehouse Detectives,2018,treehouse-tv-2008-part-2,The Case of the Collapsing Castle / The Case of the Hurt Bird,"2018, modern television, no licence claimed"
treehouse-detectives-2018,Treehouse Detectives,2018,treehouse-tv-2007,The Case of the Invisible Owl / The Case of the Flying Pig,"2018, modern television, no licence claimed"
treehouse-detectives-2018,Treehouse Detectives,2018,treehouse-tv-2008-part-5,The Case of the Talking Rock / The Case of the Readymade Rainbow,"2018, modern television, no licence claimed"
treehouse-masters-2013,Treehouse Masters,2013,treehouse-tv-2008-part-2,Luck O' the Irish Cottage,"2013, modern television, no licence claimed"
treehouse-masters-2013,Treehouse Masters,2013,treehouse-tv-2007,Sky High Spa,"2013, modern television, no licence claimed"
treehouse-masters-2013,Treehouse Masters,2013,treehouse-tv-2008-part-5,Spirit House Retreat,"2013, modern television, no licence claimed"
trying-times-1987,Trying Times,1987,trying-times-2-5,Trying Times - 2-5: The Boss,"1987, modern television, no licence claimed"
trying-times-1987,Trying Times,1987,trying-times-2-6,Trying Times - 2-6: A Good Life,"1987, modern television, no licence claimed"
trying-times-1987,Trying Times,1987,trying-times-1.3,"Trying Times - Rosanna Arquette, Teri Garr, Candice Bergen","1987, modern television, no licence claimed"
veronica-mars-2004,Veronica Mars,2004,VeronicaSClosetVeronicaSBlackoutS1E17,Kanes and Abel's,"2004, modern television, no licence claimed"
veronica-mars-2004,Veronica Mars,2004,VeronicaSClosetVeronicaSGreatModelSearchS2E3,Cheatty Cheatty Bang Bang,"2004, modern television, no licence claimed"
veronica-mars-2004,Veronica Mars,2004,VeronicaSClosetVeronicaGetsHerClosetBackS3E1,Welcome Wagon,"2004, modern television, no licence claimed"
veronica-mars-2004,Veronica Mars,2004,veronicascloset,Lord of the Pi's,"2004, modern television, no licence claimed"
veronica-mars-2004,Veronica Mars,2004,VeronicaSClosetSilentPartnerS1Finale,Veronica's Closet- Silent Partner,"2004, modern television, no licence claimed"
veronica-s-closet-1997,Veronica's Closet,1997,veronicasclosets2e4veronicasdogdayafternoonconvertvideoonline.com,Veronica's Dog Day Afternoon,"1997, modern television, no licence claimed"
veronica-s-closet-1997,Veronica's Closet,1997,veronicasclosets2e5veronicascrushedpartialconvertvideoonline.com,Veronica's Crushed,"1997, modern television, no licence claimed"
veronica-s-closet-1997,Veronica's Closet,1997,VeronicaSClosetVeronicaGetsHerClosetBackS3E1,Veronica's New Boss,"1997, modern television, no licence claimed"
veronica-s-closet-1997,Veronica's Closet,1997,veronicascloset,Veronica's Sliding Doors,"1997, modern television, no licence claimed"
viaje-al-centro-de-la-tierra-2023,Viaje al centro de la tierra,2023,1967.-journey-to-the-center-of-the-earth-episode-1-arena-of-fear,El campamento de Pompilio,"2023, modern television, no licence claimed"
viaje-al-centro-de-la-tierra-2023,Viaje al centro de la tierra,2023,1967.-journey-to-the-center-of-the-earth-episode-2-caveman-captives,Dimensión Verne,"2023, modern television, no licence claimed"
viaje-al-centro-de-la-tierra-2023,Viaje al centro de la tierra,2023,1967.-journey-to-the-center-of-the-earth-episode-3-the-creative-world,Al centro de la Tierra,"2023, modern television, no licence claimed"
viaje-al-centro-de-la-tierra-2023,Viaje al centro de la tierra,2023,1967.-journey-to-the-center-of-the-earth-episode-4-creatures-of-the-swamp,La bifurcación,"2023, modern television, no licence claimed"
viaje-al-centro-de-la-tierra-2023,Viaje al centro de la tierra,2023,1967.-journey-to-the-center-of-the-earth-episode-5-the-doomed-island,Todo el tungsteno,"2023, modern television, no licence claimed"
viaje-al-centro-de-la-tierra-2023,Viaje al centro de la tierra,2023,1967.-journey-to-the-center-of-the-earth-episode-6-furies-of-ice,Tierra de dinosaurios,"2023, modern television, no licence claimed"
viaje-al-centro-de-la-tierra-2023,Viaje al centro de la tierra,2023,1967.-journey-to-the-center-of-the-earth-episode-7-the-labyrinth-builders,La traición,"2023, modern television, no licence claimed"
viaje-al-centro-de-la-tierra-2023,Viaje al centro de la tierra,2023,1967.-journey-to-the-center-of-the-earth-episode-8-land-of-the-dead,Viaje en globo,"2023, modern television, no licence claimed"
viaje-al-centro-de-la-tierra-2023,Viaje al centro de la tierra,2023,1967.-journey-to-the-center-of-the-earth-episode-9-the-living-city,1967. Journey to the Center of the Earth - Episode 9 - The Living City,"2023, modern television, no licence claimed"
viaje-al-centro-de-la-tierra-2023,Viaje al centro de la tierra,2023,1967.-journey-to-the-center-of-the-earth-episode-10-the-living-totems,1967. Journey to the Center of the Earth - Episode 10 - The Living Totems,"2023, modern television, no licence claimed"
viaje-al-centro-de-la-tierra-2023,Viaje al centro de la tierra,2023,1967.-journey-to-the-center-of-the-earth-episode-11-moths-of-doom,1967. Journey to the Center of the Earth - Episode 11 - Moths of Doom,"2023, modern television, no licence claimed"
viaje-al-centro-de-la-tierra-2023,Viaje al centro de la tierra,2023,1967.-journey-to-the-center-of-the-earth-episode-12-ocean-of-destruction,1967. Journey to the Center of the Earth - Episode 12 - Ocean of Destruction,"2023, modern television, no licence claimed"
viaje-al-centro-de-la-tierra-2023,Viaje al centro de la tierra,2023,1967.-journey-to-the-center-of-the-earth-episode-13-perils-of-volcano-island,1967. Journey to the Center of the Earth - Episode 13 - Perils of Volcano Island,"2023, modern television, no licence claimed"
viaje-al-centro-de-la-tierra-2023,Viaje al centro de la tierra,2023,1967.-journey-to-the-center-of-the-earth-episode-14-return-of-gulliver,1967. Journey to the Center of the Earth - Episode 14 - Return of Gulliver,"2023, modern television, no licence claimed"
viaje-al-centro-de-la-tierra-2023,Viaje al centro de la tierra,2023,1967.-journey-to-the-center-of-the-earth-episode-15-revenge-of-the-fossils,1967. Journey to the Center of the Earth - Episode 15 - Revenge of the Fossils,"2023, modern television, no licence claimed"
viaje-al-centro-de-la-tierra-2023,Viaje al centro de la tierra,2023,1967.-journey-to-the-center-of-the-earth-episode-16-sleeping-slaves-of-zeerah,1967. Journey to the Center of the Earth - Episode 16 - Sleeping Slaves of Zeerah,"2023, modern television, no licence claimed"
viaje-al-centro-de-la-tierra-2023,Viaje al centro de la tierra,2023,1967.-journey-to-the-center-of-the-earth-episode-17-trail-of-gold_202310,1967. Journey to the Center of the Earth - Episode 17 - Trail of Gold,"2023, modern television, no licence claimed"
volver-tango-1998,Volver Tango,1998,volver-tango-el-cine-y-el-tango-1998-1080p,Volver Tango - El Cine y el Tango (1998) [1080p],"1998, modern television, no licence claimed"
volver-tango-1998,Volver Tango,1998,volver-tango-osvaldo-pugliese-1998-1080p,Volver Tango - Osvaldo Pugliese (1998) [1080p],"1998, modern television, no licence claimed"
volver-tango-1998,Volver Tango,1998,volver-tango-tita-merello-1998-1080p,Volver Tango - Tita Merello (1998) [1080p],"1998, modern television, no licence claimed"
volver-tango-1998,Volver Tango,1998,volver-tango-astor-piazzolla-1998-1080p,Volver Tango: Astor Piazzolla (1998) [1080p],"1998, modern television, no licence claimed"
wacky-races-2017,Wacky Races,2017,16.-the-wrong-lumber-race,Wacky Spaces,"2017, modern television, no licence claimed"
waffle-the-wonder-dog-2018,Waffle the Wonder Dog,2018,raffles-complete-series-1975,Meeting Waffle,"2018, modern television, no licence claimed"
waffle-the-wonder-dog-2018,Waffle the Wonder Dog,2018,raffles-ep-2,"Night Night, Waffle","2018, modern television, no licence claimed"
waffle-the-wonder-dog-2018,Waffle the Wonder Dog,2018,raffles-ep-4,Waffle Explores,"2018, modern television, no licence claimed"
waffle-the-wonder-dog-2018,Waffle the Wonder Dog,2018,raffles-ep-5,Waffle Grows,"2018, modern television, no licence claimed"
waffle-the-wonder-dog-2018,Waffle the Wonder Dog,2018,raffles-ep-6,Waffle's Paint Disaster,"2018, modern television, no licence claimed"
waffle-the-wonder-dog-2018,Waffle the Wonder Dog,2018,raffles-ep-7,Waffle Walkies,"2018, modern television, no licence claimed"
waffle-the-wonder-dog-2018,Waffle the Wonder Dog,2018,raffles-ep-9,Waffle and the Good Dog,"2018, modern television, no licence claimed"
waffle-the-wonder-dog-2018,Waffle the Wonder Dog,2018,raffles-ep-10,Waffle's Visit,"2018, modern television, no licence claimed"
waffle-the-wonder-dog-2018,Waffle the Wonder Dog,2018,raffles-ep-11,Waffle Misses Doug,"2018, modern television, no licence claimed"
waffle-the-wonder-dog-2018,Waffle the Wonder Dog,2018,raffles-ep-13,Waffle's Doggy Buddies,"2018, modern television, no licence claimed"
waffle-the-wonder-dog-2018,Waffle the Wonder Dog,2018,raffles-ep-1,The First Step,"2018, modern television, no licence claimed"
wanda-at-large-2003,Wanda at Large,2003,wanda-at-large-2003,Alma Mater,"2003, modern television, no licence claimed"
wanda-at-large-2003,Wanda at Large,2003,vts-01-1_20240725_0301,Wanda at Large,"2003, modern television, no licence claimed"
wkrp-in-cincinnati-1978,WKRP in Cincinnati,1978,wkrp-in-cincinnati-season-01-episode-06-baileys-show,Bailey's Show,"1978, modern television, no licence claimed"
wkrp-in-cincinnati-1978,WKRP in Cincinnati,1978,wkrp-in-cincinnati-season-1-episodes-09-10-mamas-reviewa-date-with-jennifer,Mama's Review,"1978, modern television, no licence claimed"
wkrp-in-cincinnati-1978,WKRP in Cincinnati,1978,wkrp-in-cincinnati-season-01-episodes-15-16-never-leave-me-lucillei-want-to-keep-my-baby,"Never Leave Me, Lucille","1978, modern television, no licence claimed"
wkrp-in-cincinnati-1978,WKRP in Cincinnati,1978,wkrp-in-cincinnati-season-01-episodes-17-18-a-commercial-breakwho-is-gordon-sims,A Commercial Break,"1978, modern television, no licence claimed"
wkrp-in-cincinnati-1978,WKRP in Cincinnati,1978,wkrp-in-cincinnati-season-01-episodes-19-20-i-do-i-do...-for-nowyoung-master-carlson,"I Do, I Do... For Now","1978, modern television, no licence claimed"
wkrp-in-cincinnati-1978,WKRP in Cincinnati,1978,wkrp-in-cincinnati-season-02-episodes-03-04-baseballbad-risk,Baseball,"1978, modern television, no licence claimed"
wkrp-in-cincinnati-1978,WKRP in Cincinnati,1978,wkrp-in-cincinnati-season-02-episodes-05-6-jennifer-falls-in-lovecarlson-for-president,Jennifer Falls in Love,"1978, modern television, no licence claimed"
wkrp-in-cincinnati-1978,WKRP in Cincinnati,1978,wkrp-in-cincinnati-season-02-episodes-15-16-herbs-dad-put-up-or-shut-up,Herb's Dad,"1978, modern television, no licence claimed"
wkrp-in-cincinnati-1978,WKRP in Cincinnati,1978,wkrp-in-cincinnati-season-02-episodes-17-18-the-americanization-of-ivan-less-groupe,The Americanization of Ivan,"1978, modern television, no licence claimed"
wkrp-in-cincinnati-1978,WKRP in Cincinnati,1978,wkrp-in-cincinnati-season-02-episodes-19-20-in-concert-the-doctor-daughter,In Concert,"1978, modern television, no licence claimed"
wkrp-in-cincinnati-1978,WKRP in Cincinnati,1978,wkrp-in-cincinnati-season-02-episodes-21-22-fifty-pictures,Filthy Pictures (1),"1978, modern television, no licence claimed"
wkrp-in-cincinnati-1978,WKRP in Cincinnati,1978,wkrp-in-cincinnati-season-02-episodes-23-24-venus-risingmost-improved-station,Venus Rising,"1978, modern television, no licence claimed"
wkrp-in-cincinnati-1978,WKRP in Cincinnati,1978,wkrp-in-cincinnati-season-03-episodes-01-03-the-airplane-showreal-families,The Airplane Show,"1978, modern television, no licence claimed"
wkrp-in-cincinnati-1978,WKRP in Cincinnati,1978,wkrp-in-cincinnati-season-03-episodes-04-05-the-babyhotel-oceanview,The Baby,"1978, modern television, no licence claimed"
wkrp-in-cincinnati-1978,WKRP in Cincinnati,1978,wkrp-in-cincinnati-season-03-episode-06-a-mile-in-my-shoes,A Mile in My Shoes,"1978, modern television, no licence claimed"
wkrp-in-cincinnati-1978,WKRP in Cincinnati,1978,wkrp-in-cincinnati-season-03-episodes-08-09-baby-its-cold-outsidethe-painting,"Baby, It's Cold Inside","1978, modern television, no licence claimed"
wkrp-in-cincinnati-1978,WKRP in Cincinnati,1978,wkrp-in-cincinnati-season-03-episodes-10-11-daydreamsfrog-story,Daydreams,"1978, modern television, no licence claimed"
wkrp-in-cincinnati-1978,WKRP in Cincinnati,1978,wkrp-in-cincinnati-season-03-episodes-13-14-dr.-fever-mr.-tide,Dr. Fever and Mr. Tide,"1978, modern television, no licence claimed"
wkrp-in-cincinnati-1978,WKRP in Cincinnati,1978,wkrp-s-1-e-20-young-master-carlson,Dr. Fever and Mr. Tide (1),"1978, modern television, no licence claimed"
wkrp-in-cincinnati-1978,WKRP in Cincinnati,1978,wkrp-in-cincinnati-season-03-episodes-15-16-ask-jenniferi-am-woman,Ask Jennifer,"1978, modern television, no licence claimed"
wkrp-in-cincinnati-1978,WKRP in Cincinnati,1978,wkrp-in-cincinnati-season-03-episodes-17-18-secrets-of-dayton-heightsout-to-lunch,Secrets of Dayton Heights,"1978, modern television, no licence claimed"
wkrp-in-cincinnati-1978,WKRP in Cincinnati,1978,wkrp-in-cincinnati-season-03-episodes-19-20-a-simple-little-weddingnothing-to-fear-but...,A Simple Little Wedding,"1978, modern television, no licence claimed"
wkrp-in-cincinnati-1978,WKRP in Cincinnati,1978,wkrp-in-cincinnati-season-03-episode-21-till-debt-do-us-part,Till Debt Do Us Part,"1978, modern television, no licence claimed"
wkrp-in-cincinnati-1978,WKRP in Cincinnati,1978,wkrp-in-cincinnati-season-03-episode-22-clean-up-radio-everywhere,Clean Up Radio Everywhere,"1978, modern television, no licence claimed"
wkrp-in-cincinnati-1978,WKRP in Cincinnati,1978,wkrp-in-cincinnati-season-04-episodes-01-02-an-explosive-affair,An Explosive Affair (1),"1978, modern television, no licence claimed"
wkrp-in-cincinnati-1978,WKRP in Cincinnati,1978,wkrp-in-cincinnati-season-04-episodes-03-04-the-unionrumors,The Union,"1978, modern television, no licence claimed"
wkrp-in-cincinnati-1978,WKRP in Cincinnati,1978,wkrp-in-cincinnati-season-04-episodes-05-06-straight-from-the-heartwhos-on-first,Straight from the Heart,"1978, modern television, no licence claimed"
wkrp-in-cincinnati-1978,WKRP in Cincinnati,1978,wkrp-in-cincinnati-season-04-episodes-11-12-you-cant-go-out-of-town-againpills,You Can't Go Out of Town Again,"1978, modern television, no licence claimed"
wkrp-in-cincinnati-1978,WKRP in Cincinnati,1978,wkrp-in-cincinnati-season-04-episode-13-changes,Changes,"1978, modern television, no licence claimed"
wkrp-in-cincinnati-1978,WKRP in Cincinnati,1978,wkrp-in-cincinnati-season-04-episode-15-ill-take-romance,I'll Take Romance,"1978, modern television, no licence claimed"
wkrp-in-cincinnati-1978,WKRP in Cincinnati,1978,wkrp-in-cincinnati-season-04-episode-22-up-and-down-the-dial-last-final-episode,Up and Down the Dial,"1978, modern television, no licence claimed"
worzel-gummidge-down-under-1987,Worzel Gummidge Down Under,1987,worzel-gummidge-down-under-s-01-e-01_202311,Worzel's Handicap,"1987, modern television, no licence claimed"
yawmeyat-wanis-1994,Yawmeyat Wanis,1994,yawmeyat-wanis-s01-egyptian-series-1994-720p,Yawmeyat Wanis S01 - Egyptian Series (1994) 720p,"1994, modern television, no licence claimed"
yawmeyat-wanis-1994,Yawmeyat Wanis,1994,yawmeyat-wanis-s02-egyptian-series-1995-720p,Yawmeyat Wanis S02 - Egyptian Series (1995) 720p,"1994, modern television, no licence claimed"
yawmeyat-wanis-1994,Yawmeyat Wanis,1994,yawmeyat-wanis-s03-egyptian-series-1996-720p,Yawmeyat Wanis S03 - Egyptian Series (1996) 720p,"1994, modern television, no licence claimed"
yawmeyat-wanis-1994,Yawmeyat Wanis,1994,yawmeyat-wanis-s04-egyptian-series-1998-720p,Yawmeyat Wanis S04 - Egyptian Series (1998) 720p,"1994, modern television, no licence claimed"
yes-minister-1980,Yes Minister,1980,yes-minister-1980-1984,Yes Minister,"1980, modern television, no licence claimed"
yes-minister-1980,Yes Minister,1980,WishYouWereHere2,Yes Minister,"1980, modern television, no licence claimed"
yes-minister-1980,Yes Minister,1980,yes-minister-party-games,Yes Minister - Party games,"1980, modern television, no licence claimed"
