archiveID,catalogRuntime,measuredRuntime,ratio,lastCue,cueVsMeasured,verdict
girl_o_my_dreams,3770,3771,1.000,3769,1.000,OK
Horror_Hotel,4554,4554,1.000,4616,1.014,SUBS-OVERRUN-HIDDEN
SantaFeTrail1940,6568,6568,1.000,6514,0.992,OK
Seven_Sinners_1936,4170,4169,1.000,4164,0.999,OK
the-invisible-man-1933_202105,4260,4293,0.992,4217,0.982,OK
suddenly,4500,4533,0.993,4516,0.996,OK
crooked_circle,3562,3562,1.000,3545,0.995,OK
TheGhostTrain,5100,4882,1.045,4876,0.999,RUNTIME-LIE
dishonored_lady,5040,5041,1.000,5002,0.992,OK
reefer_madness1938,4097,4098,1.000,3932,0.960,OK
bride_for_henry,3480,3526,0.987,3505,0.994,OK
Inner_Sanctum_movie,3720,3721,1.000,3722,1.000,OK
gunsmoke_ranch,3166,3168,0.999,3156,0.996,OK
Phantom_From_Space,4380,4342,1.009,4341,1.000,OK
EternallyYours,5700,5446,1.047,5446,1.000,RUNTIME-LIE
rhythm_blues_review,4285,,,4097.94,,PROBE-FAIL
KingSolomonsMines1937,4821,,,4804.08,,PROBE-FAIL
x_marks_the_spot,3155,3159,0.999,3158,1.000,OK
rain1932,5520,,,5608.54,,PROBE-FAIL
arizona_kid,3188,3188,1.000,3188,1.000,OK
lying_lips_ipod,4098,4099,1.000,4085,0.997,OK
murder_on_campus,4164,4165,1.000,4128,0.991,OK
TheTerrorOfTinyTown1938_802,3720,3675,1.012,3675,1.000,OK
his_girl_friday,5504,,,5482.772,,PROBE-FAIL
danger_ahead,3536,3536,1.000,3520,0.995,OK
irish_luck,3048,3048,1.000,3046,0.999,OK
BeneathThe12-mileReef1953,6068,6068,1.000,6113,1.007,OK
SherlockHolmesAndTheSecretWeapon1943,3935,3935,1.000,4082,1.037,SUBS-OVERRUN-HIDDEN
morocco-30-1538596735589,5520,5537,0.997,5266,0.951,OK
TheMagicSword,4800,,,4736.264,,PROBE-FAIL
under_the_big_top,3840,3505,1.096,3503,0.999,RUNTIME-LIE
dressed-to-kill_202107,4132,4141,0.998,4297,1.038,SUBS-OVERRUN-HIDDEN
bank_alarm,3637,3628,1.002,3616,0.997,OK
hoosier_schoolboy,3633,3633,1.000,3591,0.988,OK
AsYouLikeIt1936,5760,5784,0.996,5782,1.000,OK
amazing_adventure,3660,,,3711.005,,PROBE-FAIL
below_the_deadline,4118,,,1823.2,,PROBE-FAIL
The_Little_Shop_of_Horrors.mpeg,4385,4351,1.008,4297,0.988,OK
Back-RoomBoy,4740,4734,1.001,4732,0.999,OK
undercover_agent,2980,2980,1.000,2966,0.995,OK
beggars_in_ermine,4221,4221,1.000,4211,0.998,OK
fit_for_a_king,3888,3889,1.000,3884,0.999,OK
the.-killing.-1956,5036,5037,1.000,5041,1.001,OK
breaking_the_ice,4778,4779,1.000,4735,0.991,OK
girl_from_calgary,3840,3765,1.020,3761,0.999,RUNTIME-LIE
The_Shadow_1933,4233,4233,1.000,4203,0.993,OK
the-hound-of-the-baskervilles-1939,4800,4784,1.003,4747,0.992,OK
rogue_of_the_range,3363,3364,1.000,3353,0.997,OK
shadows_of_the_orient,4031,4032,1.000,4026,0.998,OK
heres_flash_casey,3313,3313,1.000,3310,0.999,OK
ptp_rosita_ernst-lubitsch_raoul-walsh_unknown_xvid_avi_640x480_201241,4963,,,4902.6,,PROBE-FAIL
youth_on_parole,3188,3189,1.000,3188,1.000,OK
ride_ranger_ride,3184,,,3183.9,,PROBE-FAIL
star_reporter,3607,,,3600.18,,PROBE-FAIL
private_snuffy_smith,3953,3953,1.000,3904,0.987,OK
escape_to_paradise,3600,3642,0.988,3641,1.000,OK
Lady_Confesses,3838,3838,1.000,3838,1.000,OK
phantom_cowboy,3004,3005,1.000,2991,0.995,OK
Sun_Sets_at_Dawn_movie,4296,5160,0.833,4266,0.827,RUNTIME-LIE
blonde-venus,5580,5657,0.986,5576,0.986,OK
Please_Murder_Me_movie,4481,4483,1.000,4418,0.986,OK
six-gun_rhythm,3420,,,3374.49,,PROBE-FAIL
Million_Dollar_Weekend_1948,4324,4324,1.000,4322,1.000,OK
big_bluff,4200,4270,0.984,4266,0.999,OK
Jamaica_Inn,5940,5929,1.002,5960,1.005,OK
hearts_in_bondage,3158,3158,1.000,3155,0.999,OK
MissLondonLtd.,5700,5696,1.001,5677,0.997,OK
BloodyPitOfHorror,4944,4944,1.000,5160,1.044,SUBS-OVERRUN-HIDDEN
ThePhantomCreeps,4680,4700,0.996,4690,0.998,OK
Dick_Tracy_Meets_Gruesome_1947,3919,3919,1.000,3899,0.995,OK
IBuryTheLiving1958,4621,4621,1.000,4616,0.999,OK
ptp_nathan-der-weise_manfred-noa_dvd_xvid_avi_688x528_206801,7382,,,7380.438,,PROBE-FAIL
DonQuixote,3300,3321,0.994,3229,0.972,OK
VoyagetothePlanetofPrehistoricWomen,4774,4775,1.000,4768,0.998,OK
GreatExpectations1946,6801,,,7037.99,,PROBE-FAIL
danger_flight,3595,3596,1.000,3585,0.997,OK
ParlorBedroomandBath,4380,4351,1.007,4340,0.998,OK
Q-Planes,4680,4709,0.994,4689,0.996,OK
The_Monster_Maker,3746,3737,1.003,3735,1.000,OK
Milky_Way_movie,5247,5248,1.000,5252,1.001,OK
Borderline1950_431,5269,5269,1.000,5256,0.997,OK
convicts_code,3764,3764,1.000,3753,0.997,OK
StreamlineExpress1935,4202,4202,1.000,4123,0.981,OK
StreetScene1931,4712,4712,1.000,4706,0.999,OK
captain_calamity,3636,,,3619.95,,PROBE-FAIL
three_mesquiteers,3300,3183,1.037,3165,0.994,RUNTIME-LIE
Go_for_Broke,5520,5420,1.018,5445,1.005,OK
chasing_trouble,3581,3581,1.000,3572,0.998,OK
UndertheRedRobeVSjostrom1937RMassey,4913,4913,1.000,4854,0.988,OK
border_patrolman,3538,,,3527.15,,PROBE-FAIL
paradise_express,3159,3159,1.000,3143,0.995,OK
airborne,4982,,,4971.15,,PROBE-FAIL
CCO__TheGiantofMarathon,5400,5065,1.066,5102,1.007,RUNTIME-LIE
long_shot,4140,4048,1.023,4045,0.999,RUNTIME-LIE
PhantomExpress,3900,3906,0.998,3896,0.997,OK
CharlieChansSecret1936,4320,3765,1.147,4329,1.150,SUBS-OVERRUN-HIDDEN
flight_to_nowhere,4740,4478,1.059,4463,0.997,RUNTIME-LIE
Crime_Inc_1945,4415,4315,1.023,4312,0.999,RUNTIME-LIE
BlueSteel,3240,3256,0.995,3239,0.995,OK
oh_susanna,3540,3196,1.108,3195,1.000,RUNTIME-LIE
dra-cula.-eng.-mp-4.,4466,4466,1.000,4434,0.993,OK
ManhattanTower1932Restored,3973,3973,1.000,3911,0.984,OK
the-scarlet-claw,4440,4256,1.043,4398,1.033,SUBS-OVERRUN-HIDDEN
road_to_happiness,4441,4442,1.000,4431,0.998,OK
chinatown_after_dark,3540,3354,1.055,3345,0.997,RUNTIME-LIE
Judge_Priest,4800,4831,0.994,4708,0.974,OK
PhantasmagoriaTheater-TheGorilla1939761,3952,3952,1.000,3949,0.999,OK
StormInATeacup1937,5162,5162,1.000,5169,1.002,OK
AShotInTheDarkIPOD,3600,4145,0.869,4141,0.999,RUNTIME-LIE
renfrew_of_the_royal_mounted,3420,3369,1.015,3370,1.000,OK
2_weeks_to_live,4434,4435,1.000,4434,1.000,OK
hats_off,3634,3635,1.000,3635,1.000,OK
thekillers1946usafeaturingburtlancasteravagardneredmondobrienfilmnoirfullmovie_202001,6180,6144,1.006,6133,0.998,OK
Harakiri1919fritzLang,3589,3589,1.000,3588,1.000,OK
SpeckledBand,3000,2988,1.004,2971,0.994,OK
the_drifter,4260,3960,1.076,3957,0.999,RUNTIME-LIE
TheWayAhead,6615,6615,1.000,6516,0.985,OK
dreams-that-money-can-buy,4800,4757,1.009,4772,1.003,OK
The_Big_Lift,7200,6127,1.175,6127,1.000,RUNTIME-LIE
navy_blues,4038,4038,1.000,4025,0.997,OK
night_alarm,3840,3668,1.047,3652,0.996,RUNTIME-LIE
The_Vampire_Bat_1933,3757,3758,1.000,3739,0.995,OK
Hoop-La,4822,4822,1.000,4732,0.981,OK
presidents_mystery,3173,3174,1.000,3150,0.993,OK
AreWeCivilized_987,4156,4156,1.000,4101,0.987,OK
AssassinOfYouth_423,4800,4405,1.090,4391,0.997,RUNTIME-LIE
InvasionOfTheBeeGirls,5160,,,5089.06,,PROBE-FAIL
ThePharmacist,1080,1054,1.025,1140,1.082,SUBS-OVERRUN-HIDDEN
Zero_Hour_1939,3052,3052,1.000,3052,1.000,OK
Woman_in_the_Dark_1934,4138,4138,1.000,4148,1.003,OK
song_at_midnight,7080,7087,0.999,7077,0.999,OK
Lost_Jungle,4116,4117,1.000,4085,0.992,OK
crime_patrol,3550,3551,1.000,3537,0.996,OK
ThingsToCome_835,5571,,,5812.771,,PROBE-FAIL
held_for_ransom,3448,,,3402.3,,PROBE-FAIL
outlaws_paradise,3720,3150,1.181,3150,1.000,RUNTIME-LIE
frolics_on_ice,3900,3658,1.066,3658,1.000,RUNTIME-LIE
barefoot_boy,3596,,,3593.29,,PROBE-FAIL
Afgrunden_1910,2211,2211,1.000,1910,0.864,OK
Gangs_of_New_York_1938,4013,4013,1.000,3994,0.995,OK
outer_gate,3720,3790,0.982,3773,0.996,OK
earth-vs-the-flying-saucers-color,4980,,,4794.059,,PROBE-FAIL
the-devil-is-a-woman,4740,4791,0.989,4733,0.988,OK
TheSinofNoraMoran,3840,3836,1.001,3831,0.999,OK
ElephantBoy,4680,,,4914.493,,PROBE-FAIL
sherlock-holmes-and-the-pearl-of-death,4140,3948,1.049,4078,1.033,SUBS-OVERRUN-HIDDEN
ThePrivateLifeofHenryVIII.,5400,,,5368.972,,PROBE-FAIL
the-grapes-of-wrath-1940,7740,7785,0.994,7719,0.992,OK
the-manchurian-candidate,7560,,,7594.374,,PROBE-FAIL
stagecoach-colorized,5760,5384,1.070,5727,1.064,SUBS-OVERRUN-HIDDEN
We_Dive_at_Dawn_1943,5580,5578,1.000,5571,0.999,OK
TerrorByNight,3494,3494,1.000,3574,1.023,SUBS-OVERRUN-HIDDEN
rio-1939-,4620,4660,0.991,4629,0.993,OK
her_uncle_sam,4800,4081,1.176,4635,1.136,SUBS-OVERRUN-HIDDEN
CondemnedtoLive,4020,3909,1.028,3917,1.002,RUNTIME-LIE
In_Which_We_Serve,6568,6569,1.000,6488,0.988,OK
NeaththeArizonaSkys,3120,3242,0.962,3232,0.997,RUNTIME-LIE
TheWomanInGreen_894,4060,4060,1.000,4027,0.992,OK
throne-of-blood,6600,6571,1.004,6585,1.002,OK
LetterofIntroduction,6180,6183,1.000,6168,0.998,OK
TheHighCommand,4980,4971,1.002,5245,1.055,SUBS-OVERRUN-HIDDEN
police_patrol,3720,3627,1.026,3627,1.000,RUNTIME-LIE
le-sang-dun-poete-jean-cocteau-1930,3300,3032,1.089,3042,1.004,RUNTIME-LIE
yojimbo_202012,6600,6633,0.995,6626,0.999,OK
Werewolf_of_Washington,5351,,,5354.675,,PROBE-FAIL
He_Walked_by_Night_1948,4734,4734,1.000,4696,0.992,OK
Kilimanjaro,7020,6783,1.035,6806,1.003,RUNTIME-LIE
The_Second_Woman_,5460,5423,1.007,5226,0.964,OK
tormented,4571,,,4465.172,,PROBE-FAIL
rose-of-washington-square-1939,5160,5179,0.996,5129,0.990,OK
Vengence_of_the_Zombies,5340,5214,1.024,5293,1.015,SUBS-OVERRUN-HIDDEN
supernatural_202108,3900,3856,1.012,3769,0.978,OK
1937-you-only-live-once-solo-se-vive-una-vez-fritz-lang-vose,5160,4947,1.043,4947,1.000,RUNTIME-LIE
the-mummys-hand,4020,4009,1.003,3978,0.992,OK
curse-of-the-demon,5760,5748,1.002,5686,0.989,OK
ManoftheForest,3420,3438,0.995,3490,1.015,SUBS-OVERRUN-HIDDEN
SherlockHolmes-SleepingCardinal-AVI,4905,4906,1.000,4861,0.991,OK
abbott-and-costello-meet-frankenstein,4980,4968,1.003,4954,0.997,OK
Evergreen,5625,5625,1.000,5650,1.004,OK
the-adventures-of-sherlock-holmes,5100,4710,1.083,4866,1.033,SUBS-OVERRUN-HIDDEN
them_20210705,5640,5551,1.016,5549,1.000,OK
TheStranger720p,5700,5698,1.000,5648,0.991,OK
verkaufte_braut,4620,4576,1.010,4603,1.006,OK
LieutenantKizhe1934Restored,4994,4994,1.000,4950,0.991,OK
shadowofadoubt1943_202003,6480,6470,1.002,6443,0.996,OK
forbidden-1932,5100,4917,1.037,5119,1.041,SUBS-OVERRUN-HIDDEN
Mclintock.avi,7560,7595,0.995,7615,1.003,OK
OnlytheValaint,6300,6292,1.001,6302,1.002,OK
shame_,5040,4919,1.025,4951,1.007,RUNTIME-LIE
LifeWithFather,7080,7057,1.003,6998,0.992,OK
manwithcamera4k,4080,4020,1.015,4073,1.013,SUBS-OVERRUN-HIDDEN
Strange_Woman_movie,5915,5916,1.000,5776,0.976,OK
dishonored_202108,5460,5501,0.993,5426,0.986,OK
last-of-the-mohicans-1936-colorized,5460,5487,0.995,5438,0.991,OK
In_The_Year_2889,4800,4785,1.003,4792,1.001,OK
Gaslight_628,6188,6188,1.000,6793,1.098,SUBS-OVERRUN-HIDDEN
the-big-clock-1948,5700,5726,0.995,5682,0.992,OK
sherlock-holmes-faces-death,4080,3915,1.042,4048,1.034,SUBS-OVERRUN-HIDDEN
the-ladykillers_202105,5460,5206,1.049,5419,1.041,SUBS-OVERRUN-HIDDEN
the_bigamist,4800,4766,1.007,4696,0.985,OK
TheThreePassions1929,3900,3879,1.005,3778,0.974,OK
the-spider-woman,3780,3576,1.057,3686,1.031,SUBS-OVERRUN-HIDDEN
TheNorthStar,6480,6336,1.023,6358,1.003,RUNTIME-LIE
The_Green_Promise,5580,5660,0.986,5597,0.989,OK
spring_in_a_small_town,5580,5596,0.997,5595,1.000,OK
nazi_concentration_camps_mp4,3411,3556,0.959,3520,0.990,RUNTIME-LIE
Case_of_the_Frightened_Lady_1940,4812,4812,1.000,4619,0.960,OK
Destroy_All_Planets,5392,5393,1.000,4871,0.903,OK
1924LesRapacesGreedDeErichVonStroheimFreeDownload,6214,6215,1.000,5036,0.810,OK
1915bank,1499,1499,1.000,,,OK
late-autumn,7680,7733,0.993,7712,0.997,OK
It_Couldnt_Have_Happened,4200,4200,1.000,4201,1.000,OK
gentlemen-prefer-blondes-1953,5460,5485,0.995,5484,1.000,OK
thenakedcity1948_202003,5760,5757,1.001,5769,1.002,OK
the-house-of-fear,4140,3985,1.039,4120,1.034,SUBS-OVERRUN-HIDDEN
12TheMusketeersOfPigAlley,1020,146,7.008,,,RUNTIME-LIE
cheers_for_miss_bishop,5645,4943,1.142,5644,1.142,SUBS-OVERRUN-HIDDEN
rockstar-2011,9540,9544,1.000,,,OK
tarantula-1955-colorized,4800,4815,0.997,4738,0.984,OK
Jackie_Robinson_Story_The,4560,4609,0.989,4527,0.982,OK
1931-city-streets-las-calles-de-la-ciudad-rouben-mamoulian-vose,4841,4841,1.000,5192,1.072,SUBS-OVERRUN-HIDDEN
d554782113,5700,5354,1.065,5681,1.061,SUBS-OVERRUN-HIDDEN
invasion-of-the-body-snatchers-1956-colorized,4800,4818,0.996,4799,0.996,OK
unfaithfully-yours,6300,6317,0.997,6294,0.996,OK
when-worlds-collide,4980,4942,1.008,4897,0.991,OK
harvey-colorized,6240,5983,1.043,6253,1.045,SUBS-OVERRUN-HIDDEN
NakedMassacre1976,5121,5121,1.000,5110,0.998,OK
i.-don-t.-want.-to.-be.-a.-man.-1918-ctb-550-br-vl-8.mp-4,2700,2724,0.991,2685,0.986,OK
sabrina-1954,6780,6815,0.995,6765,0.993,OK
the-story-of-the-last-chrysaanthemum,8880,8630,1.029,8526,0.988,RUNTIME-LIE
platinum-blonde_1931,5340,5330,1.002,5294,0.993,OK
dr.-cyclops,4620,4634,0.997,4575,0.987,OK
ThatUncertainFeeling,5040,4998,1.008,5011,1.003,OK
Virus_Fukkatsu_no_hi,1780,1780,1.000,9250,5.195,SUBS-OVERRUN-HIDDEN
it-the-terror-from-beyond-space-colorized,4140,4152,0.997,4135,0.996,OK
un-chien-andalou__1929-film__luis_bunuel,960,958,1.002,982,1.025,SUBS-OVERRUN-HIDDEN
witchfinder-general,5160,5210,0.990,5101,0.979,OK
it-came-from-beneath-the-sea,4740,4732,1.002,4734,1.000,OK
TsayaA,5460,5412,1.009,5385,0.995,OK
Oil_Raider_1934,3613,3613,1.000,3583,0.992,OK
beyond.-the.-valley.-of.-the.-dolls.-1970.1080p.-blu-ray.x-264-yts.-ag,6540,6546,0.999,6514,0.995,OK
pursuit-to-algiers,3900,3752,1.039,3901,1.040,SUBS-OVERRUN-HIDDEN
masque-of-the-red-death,5340,4701,1.136,5271,1.121,SUBS-OVERRUN-HIDDEN
shield-for-murder-1954-,4897,4898,1.000,4842,0.989,OK
valley.-of.-the.-dolls.-1967.1080p.-blu-ray.x-264-yts.-am,7380,7413,0.995,7388,0.997,OK
back-street-1932-film-noir-drama,5127,5127,1.000,5072,0.989,OK
therecklessmoment1949,4920,4721,1.042,4719,1.000,RUNTIME-LIE
search-for-beauty-1934-,4680,4628,1.011,4599,0.994,OK
charlie-chan-in-shanghai-1935,4260,4261,1.000,4233,0.993,OK
suddenfear1952usafeaturingjoancrawfordjackpalancegloriagrahamefilmnoir,6600,6672,0.989,6590,0.988,OK
Liliom,5423,5423,1.000,6737,1.242,SUBS-OVERRUN-HIDDEN
Minesweeper_1943,3943,3943,1.000,3952,1.002,OK
the-cruel-sea-1953,7560,7583,0.997,7489,0.988,OK
Laddie_1940,4157,4157,1.000,4159,1.000,OK
OnTheGreatWhiteTrail,3420,3446,0.992,3493,1.013,SUBS-OVERRUN-HIDDEN
tokyo-story,8220,8230,0.999,8156,0.991,OK
the-curse-of-the-mummys-tomb,4860,4815,1.009,4812,0.999,OK
Nude.on.the.Moon.1961.AVI1Gb,4260,4213,1.011,4226,1.003,OK
sherlock-holmes-in-washington,4260,4111,1.036,,,RUNTIME-LIE
gammera,5160,5122,1.007,4703,0.918,OK
kronos-1957-colorized,4680,4693,0.997,4687,0.999,OK
life_at_stake,4537,4538,1.000,4516,0.995,OK
high-and-low,8580,8593,0.998,8601,1.001,OK
BadGirl1931,5400,5416,0.997,5264,0.972,OK
LifeAndDeathOfColonelBlimp_the,9802,9802,1.000,9707,0.990,OK
DeathMachines,5580,5580,1.000,5509,0.987,OK
Holy_Terror_Podcast_Halloween,4980,4955,1.005,4919,0.993,OK
TheStarsLookDown1940,5661,5661,1.000,5655,0.999,OK
the-creature-walks-among-us,4680,4706,0.994,4636,0.985,OK
NightOfTheBloodBeast1958,3743,3743,1.000,3704,0.990,OK
wild-strawberries,5460,5471,0.998,5404,0.988,OK
sahara-colorized,5820,5880,0.990,5843,0.994,OK
the.-panic.in.-needle.-park.-1971,6600,6584,1.002,6570,0.998,OK
Deluge_1933,3963,3964,1.000,3898,0.983,OK
house-of-frankenstein-1944_202106,4260,4225,1.008,4166,0.986,OK
the-lost-weekend-1945,6060,6045,1.002,6036,0.998,OK
sherlock-holmes-and-the-voice-of-terror-1942,3900,3929,0.993,,,OK
mayerling_202103,5760,5645,1.020,,,RUNTIME-LIE
daughter-of-shanghai-1937,3720,3714,1.002,3713,1.000,OK
this-gun-for-hire-1942,4860,4861,1.000,4810,0.989,OK
frankenstein-1931-doblada-al-espanol,4212,4212,1.000,4146,0.984,OK
osaka-elegy,5400,4332,1.247,,,RUNTIME-LIE
pit-and-the-pendulum,4800,4834,0.993,4744,0.981,OK
1953niagarahhathaway,5520,5113,1.080,5313,1.039,SUBS-OVERRUN-HIDDEN
1935-Triumph-des-Willens-Das-Dokument-vom-Reichsparteitag-1934,6267,6267,1.000,6279,1.002,OK
the-beast-from-20-000-fathoms,4800,4785,1.003,4444,0.929,OK
the.-scarlet.-pimpernel.-1934,5849,5850,1.000,5588,0.955,OK
The_Scarlet_Clue,3900,3901,1.000,3877,0.994,OK
1921Camille,8337,8337,1.000,4168,0.500,OK
jason-and-the-argonauts-1963,6240,6234,1.001,6210,0.996,OK
1927-underworld-la-ley-del-hampa-josef-von-sternberg-intertitulos-en-ingles,4800,4889,0.982,4900,1.002,OK
the-docks-of-new-york,4560,4536,1.005,4500,0.992,OK
the-wages-of-fear,9360,8869,1.055,8759,0.988,RUNTIME-LIE
TheTerror,4743,4743,1.000,4707,0.992,OK
1951twoofakindvo,4500,4507,0.999,4482,0.995,OK
deadly-mantis-1957-colorized,4740,4716,1.005,4673,0.991,OK
house-of-dracula,4020,4020,1.000,3976,0.989,OK
sisters-of-the-gion,4206,4206,1.000,4202,0.999,OK
nancy-drew-detective-1938-,3960,3936,1.006,3936,1.000,OK
frankenstein-1931-restored-movie-720p-hd,4200,4203,0.999,4146,0.986,OK
invisible-man-1933-english,4293,4293,1.000,4217,0.982,OK
i-married-a-monster,4680,4673,1.001,4627,0.990,OK
the-idiot,9960,9976,0.998,9977,1.000,OK
think-fast-mr.-moto-1937,4200,3975,1.057,3963,0.997,RUNTIME-LIE
1931-grief-street-richard-thorpe-vo,3840,3794,1.012,3789,0.999,OK
in-the-realm-of-the-senses,6300,5899,1.068,6040,1.024,SUBS-OVERRUN-HIDDEN
stray-dog,7320,7335,0.998,7336,1.000,OK
ace-in-the-hole1951,6660,6676,0.998,6633,0.994,OK
lady-snowblood,5820,5836,0.997,5833,1.000,OK
and-then-there-were-none-1945_202309,5880,5819,1.010,5821,1.000,OK
the-little-girl-who-lives-down-the-lane__jodie-foster-1976,5460,5513,0.990,5357,0.972,OK
TheManWhoCheatedHimself1950,4792,4792,1.000,4771,0.996,OK
BorntoWin,5280,5028,1.050,5221,1.038,SUBS-OVERRUN-HIDDEN
blade_202210,7260,7214,1.006,55,0.008,OK
night-creatures,4933,4933,1.000,4592,0.931,OK
night-has-a-thousand-eyes-1948,4860,4661,1.043,4814,1.033,SUBS-OVERRUN-HIDDEN
x-the-unknown-1956-colorized,4860,4769,1.019,4757,0.997,OK
ablueprintformurder1953,4620,4589,1.007,4564,0.995,OK
drunken-angel,6120,5877,1.041,5878,1.000,RUNTIME-LIE
the-harder-they-fall-1956,6540,6527,1.002,6429,0.985,OK
EndoftheWorld,5280,5174,1.020,4834,0.934,RUNTIME-LIE
Attack_of_the_Monsters,4796,4796,1.000,4924,1.027,SUBS-OVERRUN-HIDDEN
night-key-1937,4080,4044,1.009,4037,0.998,OK
plunderofpeachandplum,6000,6167,0.973,6053,0.982,RUNTIME-LIE
SpyInBlack,4706,4706,1.000,4676,0.994,OK
Hercules_and_the_Tyrants_of_Babylon,5112,5113,1.000,5566,1.088,SUBS-OVERRUN-HIDDEN
daisies_202103,4560,4581,0.995,4566,0.997,OK
Dont_Look_in_theBasement,5340,5304,1.007,5301,0.999,OK
TheGentleSex1943,5305,5306,1.000,5298,0.998,OK
blackwidow1954usa,5700,5695,1.001,5686,0.998,OK
The_Eye_Creatures,4500,4536,0.992,4535,1.000,OK
LADYWHIRLWIND1973_1,5340,5069,1.053,5833,1.151,SUBS-OVERRUN-HIDDEN
TheYoungLovers,4860,4850,1.002,4850,1.000,OK
HatchetMan,4405,4405,1.000,4410,1.001,OK
AnInspectorCalls1954_201508,4800,4002,1.199,4742,1.185,SUBS-OVERRUN-HIDDEN
born-innocent,5880,5918,0.994,5833,0.986,OK
cold_sweat.avi,5640,5597,1.008,5565,0.994,OK
monster-that-challenged-the-world-1957-colorized,5040,5057,0.997,5053,0.999,OK
good-morning_202012,5640,5664,0.996,5661,0.999,OK
MonsterFromAPrehistoricPlanet,5040,5400,0.933,5015,0.929,RUNTIME-LIE
the-invisible-man-returns-1940_202105,4860,4891,0.994,4852,0.992,OK
1931-the-vice-squad-john-cromwell-vo,4860,4700,1.034,4712,1.003,RUNTIME-LIE
suspiria-1977,5940,6051,0.982,5697,0.942,OK
TheScreamingSkull_105,3771,3771,1.000,4072,1.080,SUBS-OVERRUN-HIDDEN
1952-my-cousin-rachel-mi-prima-raquel-henry-koster-vose,5880,,,5892.008,,PROBE-FAIL
le-corbeau,5520,5488,1.006,5442,0.992,OK
dracula-s-daughter-1936.,4080,4267,0.956,4233,0.992,RUNTIME-LIE
the_battle_of_midway,1080,1065,1.014,1095,1.028,SUBS-OVERRUN-HIDDEN
LouisianaStory,4680,4709,0.994,4731,1.005,OK
alexander-nevsky-1938,6720,6465,1.039,6447,0.997,RUNTIME-LIE
daughter-of-the-dragon_202112,4200,4210,0.998,4206,0.999,OK
run-silent-run-deep-1958,5580,5580,1.000,5548,0.994,OK
hook-line-and-sinker_1930,4500,4512,0.997,4474,0.992,OK
mark-of-zorro-1940,5640,5620,1.004,5570,0.991,OK
Streetfighter_778,5441,5441,1.000,5362,0.986,OK
rome-express-1932,5640,5206,1.083,5416,1.040,SUBS-OVERRUN-HIDDEN
Aerograd_177,4626,4626,1.000,4636,1.002,OK
10TheUnchangingSea,840,382,2.201,,,RUNTIME-LIE
the-big-heat-1953,5340,5373,0.994,5358,0.997,OK
winchester-73-1950,5520,5544,0.996,5491,0.990,OK
phantom-lady-1944,5220,5216,1.001,5169,0.991,OK
Samsara-PanNalin,8373,8373,1.000,8370,1.000,OK
HonDansadeEnSommaroneSummerOfHappiness,6193,6193,1.000,6101,0.985,OK
SilentNightBloodyNight,5100,5102,1.000,5015,0.983,OK
love.-camp.-7.1969.1080p.-blu-ray.-h-264.-aac-rarbg,5760,5753,1.001,5709,0.992,OK
Fed_Up_Genetic_Engineering,1354,1355,0.999,1187,0.876,OK
Smash-Up,6180,6181,1.000,6181,1.000,OK
dead-reckoning-1947,6000,6031,0.995,6004,0.996,OK
thewomaninthewindow1944,6420,5943,1.080,5923,0.997,RUNTIME-LIE
the-seventh-seal-1957,5760,5824,0.989,5770,0.991,OK
bishops-wife-1947,6540,,,6474.048,,PROBE-FAIL
me-and-my-gal-1932,4740,4794,0.989,4788,0.999,OK
saboteur-1942,6540,6529,1.002,,,OK
gilda-1080p,6600,,,6591.28,,PROBE-FAIL
sanshiro-sugata,4740,4729,1.002,4733,1.001,OK
1933-this-day-and-age-la-juventud-manda-cecil-b.-de-mille-vo,5160,4994,1.033,4991,0.999,RUNTIME-LIE
1939-persons-in-hiding-louis-king-vo,4200,4049,1.037,4049,1.000,RUNTIME-LIE
mon-oncle-1958-720p,6960,,,6792.558,,PROBE-FAIL
EYES.IN.THE.NIGHT,4800,4775,1.005,4771,0.999,OK
the-young-in-heart-1938_202508,5400,5478,0.986,5454,0.996,OK
The_Most_Dangerous_Game_32,3754,3754,1.000,3752,1.000,OK
rawdeal1948,4740,4715,1.005,4689,0.995,OK
pleasures-of-the-flesh,5460,5480,0.996,5462,0.997,OK
BlondeIce,4440,4438,1.000,4442,1.001,OK
lp-473-pl,4484,4485,1.000,4436,0.989,OK
ThePyx,6480,6274,1.033,6265,0.999,RUNTIME-LIE
sorry.-wrong.-number-1948,5340,5322,1.003,5289,0.994,OK
the-glass-key-1942,5100,5128,0.995,5084,0.991,OK
the.-big.-switch.-1969.1080p.-blu-ray.-h-264.-aac-rarbg,4620,4603,1.004,4567,0.992,OK
1955-a-bullet-for-joey-el-regreso-del-gangster-lewis-allen-vose,5100,5230,0.975,5209,0.996,RUNTIME-LIE
TomorrowWeLive,3780,3769,1.003,3787,1.005,OK
HisDoubleLife,4080,4056,1.006,4039,0.996,OK
leave-her-to-heaven-1945_202110,6600,6600,1.000,6523,0.988,OK
roadhouse1948usafeaturingidalupinocornelwilderichardwidmarkfilmnoirfullmovie,5700,5713,0.998,5695,0.997,OK
fallenangel1945_202002,5880,5828,1.009,5816,0.998,OK
the-bad-sleep-well,9060,9038,1.002,9015,0.998,OK
TheAstralFactor,5640,5729,0.984,5844,1.020,SUBS-OVERRUN-HIDDEN
the-men-who-tread-on-tigers-tails,3540,3553,0.996,3548,0.999,OK
scandal_202012,6240,6283,0.993,6283,1.000,OK
Night_for_Crime_1943,4273,4273,1.000,4268,0.999,OK
JohnParkersDaughterOfHorror1955,3283,3283,1.000,3275,0.998,OK
boomerang1947_202003,5280,5283,1.000,5280,0.999,OK
hollywood-cavalcade-1939-,5820,5822,1.000,5773,0.992,OK
Hercules_Unchained,5769,5769,1.000,5745,0.996,OK
batman-1943-colorized,1578,1578,1.000,1567,0.993,OK
bells_of_san_angelo,4538,4538,1.000,4515,0.995,OK
The_Man_on_the_Eiffel_Tower,5220,5258,0.993,5611,1.067,SUBS-OVERRUN-HIDDEN
the-quatermass-xperiment,4680,4705,0.995,4698,0.998,OK
the-miracle-worker-1962,6360,6399,0.994,6332,0.989,OK
no-regrets-for-our-youth,6600,6619,0.997,6626,1.001,OK
aparajito-apu-trilogy-pt.-2,6600,6609,0.999,6550,0.991,OK
DickTracyVsCueball720p1946,3734,3734,1.000,3734,1.000,OK
king-of-chinatown-1939,3480,3399,1.024,3361,0.989,RUNTIME-LIE
crawling-eye-1958-colorized,5040,5004,1.007,5014,1.002,OK
brief-ecstasy,4140,4009,1.033,3994,0.996,RUNTIME-LIE
Frankenstein1974-BorisLugosi,5338,5338,1.000,5352,1.003,OK
nightfall1957,4740,4739,1.000,4711,0.994,OK
SwordAndTheDragon,5460,4971,1.098,4949,0.996,RUNTIME-LIE
cry-danger-1951,4740,4738,1.000,4737,1.000,OK
Inner_Circle_1946,3369,3369,1.000,3358,0.997,OK
secret-of-the-blue-room-1933,3960,3952,1.002,3854,0.975,OK
HollywoodMan,5074,5074,1.000,5080,1.001,OK
SheShouldaSaidNo,4140,,,4076.716,,PROBE-FAIL
house_20210324,5280,5278,1.000,5207,0.987,OK
TheGiantOfMetropolis1961,5396,5396,1.000,4960,0.919,OK
privatehell361954_202001,4860,4801,1.012,4816,1.003,OK
SonOfIngagi1940,3733,3733,1.000,3727,0.998,OK
quai-des-orfevres,6480,6434,1.007,6364,0.989,OK
queen-bee-1955,5700,5682,1.003,5659,0.996,OK
YoungAndInnoncent4558,4925,4925,1.000,4986,1.012,SUBS-OVERRUN-HIDDEN
Zeitgeist.Addendum,7380,7387,0.999,7387,1.000,OK
Gorilla_Ship_1932,3599,3600,1.000,3598,1.000,OK
BattleBeyondTheSun,4140,4032,1.027,3837,0.952,RUNTIME-LIE
Honor_of_the_Press_1932,3621,3621,1.000,3605,0.996,OK
sleepmylove1948,5820,5840,0.997,5849,1.002,OK
invisible-invaders-1959-colorized,4020,4009,1.003,3990,0.995,OK
the.-old.-dark.-house.-1932,4322,4322,1.000,4271,0.988,OK
panther-panchali-apu-trilogy-pt.-1,7553,7553,1.000,7495,0.992,OK
harrietcraig1950usafeaturingjoancrawfordwendellcoreyfilmnoirfullmovie.,5640,5407,1.043,5566,1.029,SUBS-OVERRUN-HIDDEN
third-man-1949,6240,6252,0.998,6200,0.992,OK
amoflad,6240,6254,0.998,6231,0.996,OK
scenes.-from.-a.-marriage.-1974,10140,10196,0.994,10130,0.994,OK
the-lower-depths,8220,7478,1.099,,,RUNTIME-LIE
werewolf.of.london,4500,4500,1.000,4438,0.986,OK
the-devil-bat-1940,4080,4091,0.997,4069,0.994,OK
Mutiny_428,4602,4602,1.000,4606,1.001,OK
the-human-condition-parts-3-4,10860,10690,1.016,10691,1.000,OK
thieveshighway1948,5640,5651,0.998,5624,0.995,OK
naked-alibi-1954,5160,5149,1.002,5074,0.986,OK
SonofHerculesTheLandofDarkness,4822,4823,1.000,4926,1.021,SUBS-OVERRUN-HIDDEN
Jack_London_,5640,5469,1.031,5461,0.998,RUNTIME-LIE
1936-two-in-the-dark-el-asesino-invisible-b.-stoloff-vo,4440,4658,0.953,4656,1.000,RUNTIME-LIE
dracula-1931-colorized,4440,4466,0.994,4434,0.993,OK
the-life-of-oharu,7980,8212,0.972,8200,0.998,RUNTIME-LIE
samurai-ii-duel-at-ichijoji-temple,6240,6218,1.003,6214,0.999,OK
09TheSealedRoom,660,245,2.698,,,RUNTIME-LIE
the-mummys-ghost,3660,3625,1.010,3599,0.993,OK
bride-of-frankenstein-1935-restored-movie-720p-hd,4500,4308,1.044,4436,1.030,SUBS-OVERRUN-HIDDEN
brighton-rock-1948,5520,5306,1.040,5513,1.039,SUBS-OVERRUN-HIDDEN
dead_people_ipod,5375,5375,1.000,5289,0.984,OK
dark-eyes-of-london-1939-walter-summers-bela-lugosi,4560,4396,1.037,4531,1.031,SUBS-OVERRUN-HIDDEN
double-indemnity-1944-restored-movie-720p-hd,6420,6464,0.993,6423,0.994,OK
batman-and-robin-1949-colorized,1649,1650,0.999,1639,0.993,OK
the-mummys-tomb-1942_202105,3660,3634,1.007,3591,0.988,OK
this_is_the_army_mp4,6855,6856,1.000,7373,1.075,SUBS-OVERRUN-HIDDEN
TheRedHouse_123,6005,6005,1.000,5973,0.995,OK
nightandthecity1950,5760,6050,0.952,5678,0.938,RUNTIME-LIE
ABucketOfBlood1959_931,3902,3902,1.000,3919,1.004,OK
the.-black.-cat.-1934,3928,3928,1.000,3888,0.990,OK
ministry-of-fear-1944,5160,5229,0.987,5219,0.998,OK
SmallBackRoom_4980,6149,6149,1.000,6150,1.000,OK
the-snake-pit-1948,6480,6474,1.001,6479,1.001,OK
sanjuro_202012,5760,5736,1.004,5727,0.998,OK
1959-anatomy-of-a-murder-anatomia-de-un-asesinato-otto-preminger-vose,9646,9646,1.000,9616,0.997,OK
1933-Der-Sieg-des-Glaubens,3684,3684,1.000,3682,1.000,OK
sansho-the-bailiff,7440,7465,0.997,7393,0.990,OK
one-wonderful-sunday,6480,6543,0.990,6543,1.000,OK
1934-midnight-chester-erskine-vo,5239,5240,1.000,5249,1.002,OK
all-the-kings-men-1949-directed-by-robert-rossen-starting-broderick-crawford-joh,6600,6586,1.002,6565,0.997,OK
a.-woman.-under.-the.-influence.-1974.720p,9300,8803,1.056,8817,1.002,RUNTIME-LIE
the-titfield-thunderbolt_202105,5040,4805,1.049,4973,1.035,SUBS-OVERRUN-HIDDEN
the-long-night-1947,6060,5820,1.041,5813,0.999,RUNTIME-LIE
candy1968hdchristianmarquandmoviehdmpgun.com,7440,7434,1.001,7444,1.001,OK
TheAtomicBrain,3892,3893,1.000,3791,0.974,OK
ruthless1948,6240,6278,0.994,6373,1.015,SUBS-OVERRUN-HIDDEN
tpl55565,4560,4345,1.049,4350,1.001,RUNTIME-LIE
MaltaStory,5940,5948,0.999,5948,1.000,OK
HowItConqueredTheWorld,4141,4141,1.000,4136,0.999,OK
TheTransatlanticTunnel1935,5580,5580,1.000,5581,1.000,OK
tgc445557811,3900,3705,1.053,3855,1.040,SUBS-OVERRUN-HIDDEN
king-of-jazz_1930,6000,6023,0.996,5893,0.978,OK
brain-from-planet-arous-colorized,4260,4264,0.999,4245,0.996,OK
FarmersDaughter47,5800,5800,1.000,5782,0.997,OK
whisky-galore,4920,4803,1.024,4759,0.991,RUNTIME-LIE
1939-they-made-me-a-criminal-me-convirtieron-en-criminal-busby-berkeley-vo-version-original,5520,5499,1.004,5449,0.991,OK
tt99345435113,4080,4109,0.993,4103,0.999,OK
carne-1968,5400,5347,1.010,5336,0.998,OK
human-cargo,3960,3982,0.995,3972,0.998,OK
sympathy-for-mr.-vengeance-2002,7740,7262,1.066,7003,0.964,RUNTIME-LIE
man-from-planet-x,4200,4229,0.993,4216,0.997,OK
the-land-unknown,4680,4694,0.997,4669,0.995,OK
MoonIsBlue,5974,5974,1.000,5944,0.995,OK
the-sex-life-of-the-polyp_1928,660,658,1.003,661,1.004,OK
the-invisible-woman-1940_202105,4320,4328,0.998,4280,0.989,OK
bodyandsoul1947,6240,6322,0.987,6328,1.001,OK
MaybeIllComeHomeintheSpring,4440,4433,1.002,4378,0.988,OK
the-web-1947_202105,5220,5224,0.999,5193,0.994,OK
the-invisible-mans-revenge,4680,4644,1.008,4617,0.994,OK
the_klansman_1974,6045,6045,1.000,6608,1.093,SUBS-OVERRUN-HIDDEN
black-cat-1941,4200,4220,0.995,4190,0.993,OK
CurseOfTheAztecMummylaMaldicionDeLaMomiaAzteca1957-English,3814,3814,1.000,3802,0.997,OK
magnetic-monster,4560,4526,1.008,4417,0.976,OK
TheJury_444,5247,5247,1.000,5262,1.003,OK
WhiteSunOfTheDesert,4806,4806,1.000,4816,1.002,OK
invisible-agent_202106,4860,4865,0.999,4831,0.993,OK
kind-hearts-and-coronets,6240,6104,1.022,6047,0.991,RUNTIME-LIE
the-curse-of-the-werewolf,5580,5558,1.004,5425,0.976,OK
ride-the-pink-horse-1947,6060,6093,0.995,6041,0.991,OK
ILivedWithYou,5707,5707,1.000,5723,1.003,OK
murderbycontract1958_202001,4860,4827,1.007,4823,0.999,OK
lecole-des-facteurs,960,965,0.995,935,0.969,OK
framed1947_202002,4920,4941,0.996,4921,0.996,OK
crossroads_1928,4440,4450,0.998,4340,0.975,OK
the-sweet-pussycats-1969,5040,4960,1.016,4947,0.997,OK
FightingSeabees44,5724,,,5681.563,,PROBE-FAIL
went-the-day-well,5520,5312,1.039,5528,1.041,SUBS-OVERRUN-HIDDEN
AbbottCostelloMeetTheInvisibleMan,4938,4938,1.000,4911,0.994,OK
the.-raven.-1935,3681,3681,1.000,3639,0.989,OK
themanwiththegoldenarm1955_202001,7140,7158,0.997,7042,0.984,OK
she-wolf-of-london-1946_202106,3660,3676,0.996,3656,0.995,OK
phantom-of-crestwood-1932-,4560,4580,0.996,4578,1.000,OK
feather-in-her-hat-1935-,4320,4316,1.001,4312,0.999,OK
moonrise1948_202002,5400,5192,1.040,5406,1.041,SUBS-OVERRUN-HIDDEN
woman-in-hiding-1950,5520,5522,1.000,5492,0.995,OK
The_Capture_movie,5416,5417,1.000,5358,0.989,OK
tokyo-twilight,8400,8450,0.994,8426,0.997,OK
a-story-from-chikamatsu,6150,6151,1.000,6150,1.000,OK
beginning-of-the-end-1957,4560,4359,1.046,4356,0.999,RUNTIME-LIE
teho22556633,7320,7065,1.036,7042,0.997,RUNTIME-LIE
GrazieNonnaLoverBoy1975FullMovieItalian,5281,5282,1.000,4943,0.936,OK
The47Ronin,14460,13365,1.082,13327,0.997,RUNTIME-LIE
the-revenge-of-frankenstein,5400,5398,1.000,5380,0.997,OK
street-of-shame,5160,5153,1.001,,,OK
werewolf-of-london.-1935,4500,4501,1.000,4438,0.986,OK
gate-of-hell,5340,5367,0.995,5261,0.980,OK
ROOMATTHETOP_201601,6900,7048,0.979,6998,0.993,RUNTIME-LIE
target-earth-1954-colorized,4500,4494,1.001,4472,0.995,OK
attack-of-the-crab-monsters-1957,3780,3770,1.003,,,OK
dragonwyck-1946,6180,6168,1.002,6154,0.998,OK
the-ox-bow-incident-1943_202511,4537,4537,1.000,4468,0.985,OK
the-most-beautiful,5100,5118,0.996,5112,0.999,OK
the-paradine-case-1947-drama,6855,6856,1.000,6867,1.002,OK
gunfighter-1950,5100,5073,1.005,5013,0.988,OK
tss32236,4980,4810,1.035,4944,1.028,SUBS-OVERRUN-HIDDEN
samurai-rebellion,7680,7279,1.055,7244,0.995,RUNTIME-LIE
1959-suddenly-last-summer-de-repente-el-ultimo-verano-joseph-l.-mankiewicz-vose,6840,6577,1.040,6801,1.034,SUBS-OVERRUN-HIDDEN
ManInTheAttic,4926,4926,1.000,4897,0.994,OK
SisterStreetfighter1974,4839,4839,1.000,4943,1.021,SUBS-OVERRUN-HIDDEN
sisters.-1972.720p.-blu-ray.x-264-838479055489,5580,5563,1.003,5536,0.995,OK
the-flavor-of-green-tea-over-rice,6960,6979,0.997,6946,0.995,OK
one.-two.-three.-1961.720p.-billy-wilder-film-james-cagney-howard-st.-john-pamel,6540,6239,1.048,6497,1.041,SUBS-OVERRUN-HIDDEN
nightmares-come-at-night-les-cauchemars-naissent-la-nuit-1972-diana-lorys-colett,5108,5109,1.000,5062,0.991,OK
PublicDomainJollyFilmJosephandHisBrethren,6180,6062,1.019,6046,0.997,OK
VariousClassicFilmNoir-CrimeDramaMysteryComedyRomance,5675,4797,1.183,5983,1.247,SUBS-OVERRUN-HIDDEN
island.-of.-lost.-souls.-1932,4220,4221,1.000,4183,0.991,OK
WarningFromSpaceImproved1,5220,5272,0.990,5192,0.985,OK
St.MartinLane38,5136,5136,1.000,5136,1.000,OK
DrillerKiller1979,5520,5520,1.000,5991,1.085,SUBS-OVERRUN-HIDDEN
samurai-iii-duel-at-ganryu-island,6300,6289,1.002,6281,0.999,OK
the-enemy-below-1957_202511,5854,5855,1.000,5824,0.995,OK
elevator-to-the-gallows-58,5520,5494,1.005,5478,0.997,OK
early-spring,8700,8694,1.001,8680,0.998,OK
from-here-to-eternity-1953_202110,7080,7085,0.999,7061,0.997,OK
march-of-the-wooden-soldier-4-k,4620,4461,1.036,4606,1.032,SUBS-OVERRUN-HIDDEN
zanjin-zanbaken_1929,1554,1555,1.000,1557,1.002,OK
detour1945HD,3960,4145,0.955,3961,0.956,RUNTIME-LIE
the-love-statue-lsd-experience-1965,4535,4536,1.000,4828,1.064,SUBS-OVERRUN-HIDDEN
odd-man-out-1947-james-mason-kathleen-ryan-robert-newton-cyril-cusack,6960,6954,1.001,6909,0.993,OK
notorious-1946-restored-movie-720p-hd,6120,6101,1.003,6039,0.990,OK
1950-in-a-lonely-place-en-un-lugar-solitario-nicholas-ray-vose,5640,5376,1.049,5589,1.040,SUBS-OVERRUN-HIDDEN
wwf_the_battle_of_russia_pt1,2099,2100,1.000,2108,1.004,OK
nightmare-alley-1947-720p,6699,6700,1.000,6689,0.998,OK
sanshiro-sugata-part-two,4980,4913,1.014,4916,1.001,OK
1940rebecaalfredhitchcock,7800,7842,0.995,7767,0.990,OK
1933-Hans-Westmar-Einer-von-vielen,5533,5533,1.000,5530,0.999,OK
flesh-gordon_202309,5400,5890,0.917,5370,0.912,RUNTIME-LIE
equinox-flower,7080,7082,1.000,7048,0.995,OK
TheBrainEaters,3641,3641,1.000,3633,0.998,OK
christmas-holiday-1944,5580,5318,1.049,5226,0.983,RUNTIME-LIE
last-holiday,5280,5363,0.985,5244,0.978,OK
castle-in-the-desert-1942,3720,3742,0.994,3705,0.990,OK
the-big-trail_1930,7320,7004,1.045,7094,1.013,SUBS-OVERRUN-HIDDEN
four-sons_1928,5760,5788,0.995,5745,0.992,OK
murder-over-new-york-1940,3900,3892,1.002,3868,0.994,OK
2-or-3-things-i-know-about-her-1967,5220,5219,1.000,5195,0.995,OK
finis-terrae_1929,4800,4916,0.976,4822,0.981,RUNTIME-LIE
tokyo-drifter,4920,4972,0.990,4968,0.999,OK
house-of-strangers-1949_202006,6060,6056,1.001,5952,0.983,OK
force-of-evil-.-1948_202108,4740,4720,1.004,4710,0.998,OK
ChildrenShouldntPlayWithDeadThings_201501,5160,5200,0.992,4982,0.958,OK
the-white-sheik,4980,5179,0.962,5171,0.999,RUNTIME-LIE
GONETOEARTH1950,6660,6389,1.042,6647,1.040,SUBS-OVERRUN-HIDDEN
1939-buried-alive-victor-halperin-vo,3720,4430,0.840,4428,0.999,RUNTIME-LIE
scars-of-dracula_202107,5760,5487,1.050,5537,1.009,RUNTIME-LIE
KingdomOfSpiders,5696,5696,1.000,5555,0.975,OK
CozzillaRestoredGenoCuddy,5569,5569,1.000,5398,0.969,OK
the-killer-is-loose-1956,4380,4396,0.996,4353,0.990,OK
EncounterWithTheUnknown,5452,5452,1.000,5339,0.979,OK
FriendWithoutAFace104,4427,4427,1.000,4408,0.996,OK
sabotagemovie,4555,4555,1.000,5981,1.313,SUBS-OVERRUN-HIDDEN
dr-goldfoot-and-the-bikini-machine_202205,5280,5324,0.992,5184,0.974,OK
gaslight-1940-restored-movie-720p-hd,5040,5041,1.000,4945,0.981,OK
AssignmentOuterSpace,5100,4364,1.169,5022,1.151,SUBS-OVERRUN-HIDDEN
DeviloftheDesertAgainstSonofHercules,5530,5531,1.000,5333,0.964,OK
1951-detective-story-brigada-21-william-wyler-vose,6180,6201,0.997,6174,0.996,OK
night-train-to-munich,5760,5720,1.007,5579,0.975,OK
NightTide1961_4,5116,5116,1.000,5114,1.000,OK
plunderroad1957,4320,4321,1.000,4252,0.984,OK
the-wooden-horse,6060,5888,1.029,5889,1.000,RUNTIME-LIE
Tarzoon1975,4080,4110,0.993,3902,0.949,OK
TheDayTheEarthCaughtFire1961,5880,5970,0.985,5930,0.993,OK
pursued-1947,6060,6086,0.996,6026,0.990,OK
sing-a-song-of-sex,6180,6231,0.992,6211,0.997,OK
15062tbv,5400,5363,1.007,5361,1.000,OK
the-greene-murder-case_1929,4140,4012,1.032,4020,1.002,RUNTIME-LIE
1948-kiss-the-blood-off-my-hands-sangre-en-las-manos-norman-foster-vose,4740,4747,0.999,4710,0.992,OK
blackfriday1940boriskarloff,4200,4205,0.999,4164,0.990,OK
Rituals_1977,5376,5377,1.000,5827,1.084,SUBS-OVERRUN-HIDDEN
last-train-from-madrid-1937,4680,,,4624.582,,PROBE-FAIL
maninthedark1953,4200,4046,1.038,,,RUNTIME-LIE
HighwayDragnet,4232,4232,1.000,4230,1.000,OK
ACanterburyTale_201605,7500,7165,1.047,7422,1.036,SUBS-OVERRUN-HIDDEN
Nativity,3566,3566,1.000,3580,1.004,OK
Mantrap1953,4380,4524,0.968,4523,1.000,RUNTIME-LIE
the-pornographers,7200,7656,0.940,7658,1.000,RUNTIME-LIE
DavidandGoliath1960,5501,5501,1.000,,,OK
red-planet-mars,5220,5224,0.999,5212,0.998,OK
CidadeComoAlice,6677,6677,1.000,6871,1.029,SUBS-OVERRUN-HIDDEN
PublicDomainJadranPicturesandJoniaPicturesConstantineandtheCross1962,7680,7161,1.073,7155,0.999,RUNTIME-LIE
1959-the-crimson-kimono-el-kimono-rojo-samuel-fuller-vose,4920,4683,1.051,4842,1.034,SUBS-OVERRUN-HIDDEN
accountrendered1957,3540,3516,1.007,3499,0.995,OK
TrackoftheMoonBeast,5400,4853,1.113,5579,1.150,SUBS-OVERRUN-HIDDEN
WildCountry,3420,3429,0.997,3355,0.978,OK
1948-so-evil-my-love-lewis-allen-vo,6720,6535,1.028,6465,0.989,RUNTIME-LIE
monte-carlo_1930,5400,5417,0.997,5390,0.995,OK
the-divorcee_1930,4980,4936,1.009,4900,0.993,OK
HellsHouse_917,4091,4091,1.000,4094,1.001,OK
awomansvengeance1948usafeaturingcharlesboyerannblythjessicatandyfilmnoir,5760,5749,1.002,5753,1.001,OK
TheLegendOfActionMan_639,6031,6031,1.000,5718,0.948,OK
assault-on-precinct-13-1976-a-film-by-john-carpenter-1080p,5460,5465,0.999,5351,0.979,OK
OutcastIslands,5753,5753,1.000,5872,1.021,SUBS-OVERRUN-HIDDEN
ramrod-1947-film-noir-western-action-romance,5659,5660,1.000,5629,0.995,OK
hell-and-high-water-1954,6180,6188,0.999,6175,0.998,OK
zvenigora_1928,4070,4071,1.000,5500,1.351,SUBS-OVERRUN-HIDDEN
caltiki-colorized,4560,4393,1.038,4549,1.035,SUBS-OVERRUN-HIDDEN
the-virgin-spring,5340,5363,0.996,5384,1.004,OK
women-of-the-night,4500,4442,1.013,4435,0.998,OK
frogs.-1972.1080p.-blu-ray.-h-264.-aac-rarbg,5400,5409,0.998,5250,0.971,OK
my-man-godfrey-4-k,5700,5599,1.018,5598,1.000,OK
the.crime.of.doctor.crespi.1935,3760,3761,1.000,3748,0.996,OK
1934-midnight-chester-erskine-ve,4219,4220,1.000,4218,1.000,OK
MoonOfTheWolf1972,4449,4449,1.000,4368,0.982,OK
intrigue-1947,5400,5162,1.046,5161,1.000,RUNTIME-LIE
1936-dont-turn-em-loose-drama-criminal-benjamin-stoloff-vo,3900,3897,1.001,3877,0.995,OK
1957-sweet-smell-of-success-alexander-mackendrick-vose,5760,5556,1.037,5727,1.031,SUBS-OVERRUN-HIDDEN
marked-woman-1937-bogart_202408,5760,5795,0.994,5735,0.990,OK
citythatneversleeps1953usafeaturinggigyoungwilliamtalmanfilmnoirfullmovie,5400,5450,0.991,5392,0.989,OK
LetsScareJessicaToDeath1971,5296,5296,1.000,5254,0.992,OK
viridiana_202108,5460,5456,1.001,5454,1.000,OK
blonde-in-a-white-car,5520,5551,0.994,5306,0.956,OK
DressedToKill_201606,4310,4310,1.000,6129,1.422,SUBS-OVERRUN-HIDDEN
the-bad-sister-1931,4080,3888,1.049,3887,1.000,RUNTIME-LIE
you-were-never-lovelier,5820,5841,0.996,5753,0.985,OK
the-fall-of-the-house-of-usher,4740,4944,0.959,4679,0.946,RUNTIME-LIE
CaesarAndCleopatra,7353,7353,1.000,7257,0.987,OK
TheLeopardMan1943,3960,3964,0.999,3944,0.995,OK
scott-of-the-antarctic,6660,6332,1.052,6447,1.018,SUBS-OVERRUN-HIDDEN
beat-the-devil-1953_202401,5700,5360,1.063,5355,0.999,RUNTIME-LIE
1950-outrage-ida-lupino-vose,4500,4497,1.001,4458,0.991,OK
womens-prison-1955,4740,4787,0.990,4736,0.989,OK
tobor-the-great-1954-colorized,4620,4618,1.000,4592,0.994,OK
16-fathoms-deep-1948,4920,4726,1.041,4716,0.998,RUNTIME-LIE
daughters-of-darkness-1971,6000,6000,1.000,5925,0.988,OK
1946thebluedahlialadaliaazulgeorgemarshall,5760,5722,1.007,5713,0.998,OK
secret-agent-1936_202401,5160,4951,1.042,4804,0.970,RUNTIME-LIE
on-the-beach-1959,8040,8071,0.996,7891,0.978,OK
tower.-of.-london.-1939,5569,5569,1.000,5528,0.993,OK
the.-count.-of.-monte.-cristo.-1934,6777,6778,1.000,6764,0.998,OK
it-always-rains-on-sunday,5520,5266,1.048,5409,1.027,SUBS-OVERRUN-HIDDEN
invisible-man-1933-doblada-al-eapanol,4293,4293,1.000,4217,0.982,OK
horse-ed,6300,6317,0.997,6316,1.000,OK
down.-to.-earth.-1947.1080p.-blu-ray.x-264.-aac-yts.-mx,6060,6049,1.002,6021,0.995,OK
TheWhiteWarrior1961,5125,5125,1.000,5248,1.024,SUBS-OVERRUN-HIDDEN
young-casanova-sexuellement-votre-1974-yan-brian-valerie-boisgel-emmanuelle-pare,4933,4934,1.000,4942,1.002,OK
early-summer_202012,7500,7502,1.000,7494,0.999,OK
haider-2014_202202,9000,9681,0.930,9010,0.931,RUNTIME-LIE
strategic.-air.-command.-1955.,6720,6829,0.984,6822,0.999,OK
y-2-mate.is-big-bad-mama-1974-6z-na-1z-6-ta-94-720p-1629087198052,5040,5056,0.997,4955,0.980,OK
the.clairvoyant.1935,4634,4634,1.000,4631,0.999,OK
eyes-without-a-face-1960-restored-720p-hd,5040,5325,0.946,5179,0.973,RUNTIME-LIE
son-of-frankenstein-1939-colorized,5940,5966,0.996,5935,0.995,OK
golden-salamander-1950,5820,5590,1.041,5599,1.002,RUNTIME-LIE
two.-women.-1960.1080p.,6060,6026,1.006,6025,1.000,OK
an-autumn-afternoon,6780,6815,0.995,6787,0.996,OK
mr.-deeds-goes-to-town-1936,6900,6936,0.995,6905,0.996,OK
the-wedding-march_1928,6780,6788,0.999,6526,0.961,OK
mamma-roma-1962,6600,6398,1.032,6379,0.997,RUNTIME-LIE
toward-the-unknown-1956-,6900,6883,1.002,6863,0.997,OK
1941-Heimkehr,5322,5322,1.000,5315,0.999,OK
1944-Junge-Adler,6067,6067,1.000,6074,1.001,OK
1940-Der-Ewige-Jude-2,4253,4253,1.000,4258,1.001,OK
PimpernelSmith,6969,6969,1.000,7204,1.034,SUBS-OVERRUN-HIDDEN
1937-Gebt-mir-4-Zeit,985,985,1.000,,,OK
1940-Die-Rothschilds-Aktien-auf-Waterloo,5733,5733,1.000,5722,0.998,OK
apur-sansay-apu-trilogy-pt.-3,6375,6375,1.000,6318,0.991,OK
1933-SA-Mann-Brand,5692,5692,1.000,5682,0.998,OK
1941-Sieg-im-Westen,6570,6570,1.000,6567,1.000,OK
DarkMirrorCrime505,4891,4891,1.000,4886,0.999,OK
animal-crackers_1930,5880,5575,1.055,5884,1.056,SUBS-OVERRUN-HIDDEN
10SmartAlecks,4020,3943,1.020,3952,1.002,OK
TheRobotVs.TheAztecMummylaMomiaAztecaControElRobotHumano1958-,3865,3865,1.000,3846,0.995,OK
Walk_Softly_Stranger_50,4853,4853,1.000,4857,1.001,OK
Nobody_Needs_To_Know,5760,5968,0.965,5337,0.894,RUNTIME-LIE
island-of-lost-men-1939-,3780,3783,0.999,3776,0.998,OK
edge-of-doom-1950,5940,5841,1.017,5807,0.994,OK
the-abominable-dr.-phibes,5700,5680,1.003,5556,0.978,OK
lone-wolf-and-cub-4-baby-cart-in-peril,4860,4879,0.996,4872,0.999,OK
monte-cristo_1929,7535,7535,1.000,7415,0.984,OK
the-man-in-the-white-suit_202105,5100,4893,1.042,5057,1.034,SUBS-OVERRUN-HIDDEN
winter-light_ingmar-bergman,4860,4893,0.993,4874,0.996,OK
for-the-love-of-a-queen,5160,4947,1.043,5147,1.040,SUBS-OVERRUN-HIDDEN
OneGotAway5783,6383,6383,1.000,6593,1.033,SUBS-OVERRUN-HIDDEN
bighouseu.s.a.1955_201909,4980,4961,1.004,4991,1.006,OK
le-mystere-de-la-tour-eiffel_1928,7920,7852,1.009,8198,1.044,SUBS-OVERRUN-HIDDEN
TheMan_201607,5100,5207,0.979,5198,0.998,RUNTIME-LIE
TheInspectorGeneral,6115,6115,1.000,6027,0.986,OK
beautiful-days,7200,7226,0.996,7205,0.997,OK
branded-to-kill,5460,5479,0.996,5478,1.000,OK
footsteps-in-the-fog-1955,5400,5388,1.002,5308,0.985,OK
05FlyingWild,3840,3782,1.015,3795,1.003,OK
gamma-people-1956-colorized,4560,4711,0.968,4643,0.986,RUNTIME-LIE
TheProudAndTheDamned,5520,5777,0.956,5538,0.959,RUNTIME-LIE
PontoDeViragem5250,5103,5103,1.000,5097,0.999,OK
i-was-montys-double,6060,5782,1.048,6007,1.039,SUBS-OVERRUN-HIDDEN
i-am-waiting,5460,5456,1.001,5453,0.999,OK
11NeathBrooklynBridge,3660,3644,1.004,3646,1.000,OK
IWillBeSeeingYou,5098,5098,1.000,5054,0.991,OK
people-on-sunday_1930,4440,4441,1.000,4437,0.999,OK
hue-cry,4920,4735,1.039,4866,1.028,SUBS-OVERRUN-HIDDEN
IAMACAMERA1955,5880,5699,1.032,5944,1.043,SUBS-OVERRUN-HIDDEN
buster-keaton-the-genius-destroyed-by-hollywood,3120,3177,0.982,2974,0.936,OK
KamiliIlivyoZa,5452,5452,1.000,5413,0.993,OK
long-wait-1954,5640,5637,1.000,5623,0.998,OK
us88885,5880,5856,1.004,5902,1.008,OK
wife_20201211,5760,5772,0.998,5747,0.996,OK
EstherAndTheKing,6419,6419,1.000,6552,1.021,SUBS-OVERRUN-HIDDEN
AppountmentNiLondain,5760,5524,1.043,5260,0.952,RUNTIME-LIE
cult-of-the-cobra,4920,4800,1.025,4767,0.993,RUNTIME-LIE
the-rivers-edge-1957,5220,5241,0.996,5206,0.993,OK
hellzapoppin-1941-,5040,4817,1.046,4761,0.989,RUNTIME-LIE
rusty-knife,5400,5427,0.995,,,OK
violent-saturday-1955_202106,5400,5430,0.995,5411,0.997,OK
WarOfTheMonsters1966_106,5310,5310,1.000,5767,1.086,SUBS-OVERRUN-HIDDEN
1955-female-on-the-beach-una-mujer-en-la-playa-joseph-pevney-vose,5820,5832,0.998,,,OK
ladies-of-leisure_1930,6000,5744,1.045,5923,1.031,SUBS-OVERRUN-HIDDEN
man-bites-dog,5760,5782,0.996,5421,0.938,OK
early-to-bed_1928,1200,1171,1.025,1168,0.997,RUNTIME-LIE
EveningsOnTheFarmNearDikankaThe,3961,3961,1.000,3957,0.999,OK
1951-another-mans-poison-veneno-para-tus-labios-irving-rapper-vose,5400,5428,0.995,5385,0.992,OK
carry-on-camping,5280,5097,1.036,5085,0.998,RUNTIME-LIE
donovans-brain-1953,4980,5024,0.991,5016,0.998,OK
MrDenningDrives,5580,5221,1.069,5365,1.028,SUBS-OVERRUN-HIDDEN
1951thegirlonthebridgehugohass,4560,4531,1.006,4530,1.000,OK
monster-on-campus,4620,4596,1.005,4540,0.988,OK
rog56_mail_111,5520,5524,0.999,5532,1.002,OK
touki-bouki,5460,5436,1.005,5399,0.993,OK
green-for-danger,5460,5496,0.993,5412,0.985,OK
themiamistory1954,4500,4521,0.995,4500,0.995,OK
she-killed-in-ecstasy-sie-totete-in-ekstase-1971-soledad-miranda-fred-williams-h,4860,4826,1.007,4817,0.998,OK
battle-in-outer-space-1959_202505,5400,5425,0.995,5399,0.995,OK
der.-hund.-von.-baskerville.-1929,3954,3954,1.000,3923,0.992,OK
horror-of-dracula-1958_202406,4920,4911,1.002,4657,0.948,OK
1957-hidden-fear-andre-de-toth-vose,4800,4802,1.000,4815,1.003,OK
rio-lobo-1970-john-wayne-western-civil-war,6839,6840,1.000,6804,0.995,OK
y-2-mate.is-the-night-stalker-1972-3g-fy-2-ugby-xu-720p-1628475318113,4440,4471,0.993,4338,0.970,OK
the.-black.-room.-1935,4091,4092,1.000,4050,0.990,OK
decision-at-sundown-1957-color-western-romance,4420,4421,1.000,4425,1.001,OK
1936-great-guy-el-gran-tipo-john-g.-blystone-vo,3960,3970,0.997,3970,1.000,OK
tu8843534510,4800,4827,0.994,4641,0.961,OK
foto_20211208,6699,6700,1.000,6689,0.998,OK
the.-little.-match.-girl.-1928,2324,2325,1.000,2291,0.985,OK
hitch.-hike.-1977.-italian.-1080p.-blu-ray.-h-264.-aac-vxt,6240,6223,1.003,6037,0.970,OK
the-evil-of-frankenstein,5040,5193,0.971,5154,0.992,RUNTIME-LIE
The_Hamilton_Woman,7161,7161,1.000,7164,1.000,OK
passport-to-pimlico,5040,4851,1.039,5022,1.035,SUBS-OVERRUN-HIDDEN
RoyalWedding720p1951,5551,5551,1.000,5558,1.001,OK
a-hen-in-the-wind,5040,5006,1.007,5003,0.999,OK
1933-DieNuernbergerReichsparteitageDerNsdapAusDenJahren19271929Und,5212,5212,1.000,5224,1.002,OK
1933-DeutschlandErwacht-EinDokumentVonDerWiedergeburtDeutschlands,3254,3254,1.000,,,OK
topper-1937_202505,5820,5886,0.989,5802,0.986,OK
i-will-buy-you,6660,6733,0.989,6720,0.998,OK
slightly-scarlet-1956,5940,5649,1.051,5591,0.990,RUNTIME-LIE
the-man-in-the-iron-mask-1939_202511,6699,6699,1.000,6634,0.990,OK
roma-cidade-aberta,6180,6205,0.996,6035,0.973,OK
vampire-ecstasy-1973,6180,6180,1.000,6164,0.997,OK
a-double-life-1947,6240,6276,0.994,6163,0.982,OK
TheHuntForGollum_291,2292,2292,1.000,2088,0.911,OK
three-loves_1929,4648,4649,1.000,4563,0.982,OK
frankenstein-created-woman,5520,5277,1.046,5447,1.032,SUBS-OVERRUN-HIDDEN
LionOfTheDesertumarAlMukhtar2,4703,4703,1.000,4347,0.924,OK
ErniePyleStory,6560,6560,1.000,6534,0.996,OK
the.-criminal.-code.-1930,5787,5788,1.000,5784,0.999,OK
1943-hangmen-also-die-los-verdugos-tambien-mueren-fritz-lang-vose,8040,8142,0.987,8130,0.998,OK
VenusMeetsTheSonOfHercules,5536,5536,1.000,5460,0.986,OK
mystery.-of.-edwin.-drood.-1935,5211,5211,1.000,5156,0.989,OK
gho484k,4620,4814,0.960,4749,0.987,RUNTIME-LIE
night-of-the-living-dead-1968-english,5752,5753,1.000,5773,1.003,OK
dark-city-1950,5880,5848,1.005,5853,1.001,OK
double.-door.-1934,4537,4538,1.000,4505,0.993,OK
the-big-combo-pnm,5220,5250,0.994,5219,0.994,OK
SilentEnemy,6420,6420,1.000,6655,1.037,SUBS-OVERRUN-HIDDEN
stella_1955_202110,5400,5389,1.002,5388,1.000,OK
the-curse-of-frankenstein-1957_202406,4980,4992,0.998,4902,0.982,OK
afare-well-to-arms-4-k,5340,5335,1.001,5306,0.994,OK
mad.-love.-1935,4095,4095,1.000,4072,0.994,OK
faces-1968-john-cassavetes-1592511629934,7800,7794,1.001,7724,0.991,OK
the.-man.-they.-could.-not.-hang.-1939,3845,3846,1.000,3826,0.995,OK
manga-komori-1930,628,628,0.999,630,1.003,OK
pygmalion-1938,5760,5734,1.005,5699,0.994,OK
arabian-nights-1974,7860,6300,1.248,7789,1.236,SUBS-OVERRUN-HIDDEN
Champion_201602,5940,5675,1.047,5899,1.040,SUBS-OVERRUN-HIDDEN
youre-never-too-young-1955-comedy-jerry-lewis-dean-martin,6175,6175,1.000,6161,0.998,OK
JohnWayneRedRiverRange193853mns_201605,3211,3211,1.000,7945,2.474,SUBS-OVERRUN-HIDDEN
1938-the-lady-vanishes-alarma-en-el-expreso-alfred-hitchcock-vose,5510,5510,1.000,5505,0.999,OK
ivy-1947,5940,5928,1.002,5928,1.000,OK
felicia-les-mille-et-une-perversions-de-felicia-1975-john-roche-batrice-harnois-,5809,5809,1.000,5775,0.994,OK
cyrano.-de.-bergerac.-1950,6783,6783,1.000,6729,0.992,OK
journey.to.the.-center.of.the.-earth.-1959,7748,7749,1.000,7752,1.000,OK
she.-devils.-of.-the.-ss.-1973.,5700,6017,0.947,6008,0.999,RUNTIME-LIE
Impact720p,6661,6661,1.000,6617,0.994,OK
l.-homme.-de.-rio.-1964.-french.-720p.-blu-ray.x-264-rough,6720,6934,0.969,6918,0.998,RUNTIME-LIE
yellow-pass_1928,4800,4179,1.149,,,RUNTIME-LIE
f-for-fake,5340,5318,1.004,5323,1.001,OK
the-39-steps-1935,5160,4987,1.035,5199,1.043,SUBS-OVERRUN-HIDDEN
blackmail-hitchcock-1929,5119,5119,1.000,5114,0.999,OK
dont-bother-to-knock-1952_202110,4560,4572,0.997,4552,0.996,OK
the-monolith-monsters-1957,4620,4631,0.998,4602,0.994,OK
lights-of-new-york-1928_20250722,3540,3552,0.997,3512,0.989,OK
world-on-a-wire-1973-welt-am-draht-original-title-crime-mystery-sci-fi-r-w-fassbinder-360p,12720,12237,1.039,12658,1.034,SUBS-OVERRUN-HIDDEN
the-end-of-summer,6180,6186,0.999,6120,0.989,OK
the-file-on-thelma-jordon-1950,6000,6007,0.999,6016,1.002,OK
10-on-a-tue-le-mort.-1959,4730,4730,1.000,4724,0.999,OK
y-2-mate.is-santa-claus-1959-pelicula-completa-espanol-jr-2-j-2-h-7f-gd-y-480p-1638504949281,5640,5673,0.994,5675,1.000,OK
high-tide-1947-colorized,4320,4231,1.021,4296,1.015,SUBS-OVERRUN-HIDDEN
a-star-is-born-1937,6660,6695,0.995,6638,0.992,OK
gow-the-head-hunter-1928,4200,3654,1.149,3635,0.995,RUNTIME-LIE
MoleMenAgainstTheSonofHercules,5700,5733,0.994,5630,0.982,OK
ungarische-rhapsodie_1929,4185,4185,1.000,4096,0.979,OK
2-the-art-of-sweeping-things-under-the-rug,2480,2481,1.000,2414,0.973,OK
rock-a-bye-baby-1958-comedy-jerry-lewis,5959,5960,1.000,5941,0.997,OK
thesphinx1933_colourised,3840,3742,1.026,3740,0.999,RUNTIME-LIE
FannyByGaslight,6420,6188,1.038,6170,0.997,RUNTIME-LIE
1940-Kampf-um-Norwegen,4866,4866,1.000,4841,0.995,OK
1940-Der-Feldzug-in-Polen,4031,4031,1.000,4054,1.006,OK
1943-Geheimnis-Tibet,6063,6063,1.000,6056,0.999,OK
1936-Ewiger-Wald,3260,3260,1.000,,,OK
05516Tbtx,5040,4762,1.058,4758,0.999,RUNTIME-LIE
s.-o.-s.-tidal-wave-1939,3720,3688,1.009,3632,0.985,OK
TerrorOfRomeAgainstTheSOH,6180,5996,1.031,5719,0.954,RUNTIME-LIE
the-blue-angel_1930,6480,6267,1.034,6218,0.992,RUNTIME-LIE
behind-that-curtain_1929,5460,5451,1.002,5421,0.994,OK
murder_1930,6120,6135,0.997,6084,0.992,OK
japanese-summer-double-suicide,5940,5942,1.000,5652,0.951,OK
hell-in-the-pacific-1968,6180,6163,1.003,6058,0.983,OK
12-to-the-moon,4500,4487,1.003,4456,0.993,OK
the-captive-city-1952,5460,5480,0.996,5433,0.991,OK
SisterToJudas,4097,4097,1.000,4099,1.000,OK
RiotinCellBlock,4800,4835,0.993,4740,0.980,OK
King_Lear,9000,8943,1.006,8234,0.921,OK
SecretMission4286,5405,5405,1.000,5405,1.000,OK
CrashOut3455,5302,5302,1.000,5288,0.997,OK
TheManInGrey,6960,6669,1.044,6948,1.042,SUBS-OVERRUN-HIDDEN
carry-on-cleo,5640,5287,1.067,5502,1.041,SUBS-OVERRUN-HIDDEN
arsenal_1929,4404,4405,1.000,5224,1.186,SUBS-OVERRUN-HIDDEN
a-colt-is-my-passport,5040,5081,0.992,5063,0.996,OK
house-of-horrors-1946,3900,3937,0.990,3926,0.997,OK
the-magnet,4740,4473,1.060,4603,1.029,SUBS-OVERRUN-HIDDEN
closely-watched-trains,5580,5611,0.994,5569,0.992,OK
star-in-the-dust-1956-,4800,4821,0.996,4815,0.999,OK
the-madonnas-secret-republic,4740,4704,1.008,4713,1.002,OK
SeaShallNotHaveIt,5473,5473,1.000,5439,0.994,OK
lady-in-a-cage-1964,5640,5446,1.036,5612,1.030,SUBS-OVERRUN-HIDDEN
TigerBay542268,6133,6133,1.000,6361,1.037,SUBS-OVERRUN-HIDDEN
lady-gangster-1942-crime-drama-film-noir-full-length-film,3720,3685,1.010,3645,0.989,OK
perfect-day_1929,1140,1184,0.963,1139,0.962,RUNTIME-LIE
gullivers-travels-1939_202312,4560,4581,0.995,4586,1.001,OK
LimehouseBluesEastEndChant,3933,3933,1.000,3877,0.986,OK
CornellWildeSwordofLancelotkiperip,7004,7005,1.000,7006,1.000,OK
scandal-in-paris,6000,5983,1.003,5957,0.996,OK
homecoming_1928,3211,3211,1.000,6876,2.141,SUBS-OVERRUN-HIDDEN
morning-for-the-osone-family,4860,4871,0.998,4849,0.995,OK
The_Mystery_Man--1935,3714,3715,1.000,3699,0.996,OK
la-otra-1946-hd,5880,5905,0.996,5872,0.994,OK
creatures-the-world-forgot,5520,5729,0.963,5723,0.999,RUNTIME-LIE
Pitfalls3648,5200,5200,1.000,5106,0.982,OK
state-secret-1950,5820,6022,0.966,6274,1.042,SUBS-OVERRUN-HIDDEN
androcles-and-the-lion,5880,5886,0.999,5857,0.995,OK
bm86fgh443,6300,6039,1.043,6239,1.033,SUBS-OVERRUN-HIDDEN
the-makioka-sisters,8400,8434,0.996,8419,0.998,OK
TheOtherLove,5700,5587,1.020,5521,0.988,RUNTIME-LIE
1948-musik-i-morker,5220,5044,1.035,,,RUNTIME-LIE
the-man-from-utah-1934_202505,3060,3087,0.991,3030,0.981,OK
berth-marks_1929,1140,1176,0.970,1164,0.990,RUNTIME-LIE
godsgun1976,5820,6043,0.963,5684,0.941,RUNTIME-LIE
when-a-woman-ascends-the-stairs,6660,6682,0.997,6651,0.995,OK
Curse_of_the_Swamp_Creature,4838,4839,1.000,4795,0.991,OK
port-of-flowers,4920,4946,0.995,4920,0.995,OK
OHROSALINDA1955,6240,6189,1.008,6129,0.990,OK
1949-caught-atrapados-max-ophuls-vose,5280,5312,0.994,5287,0.995,OK
pink-string-and-sealing-wax,5340,5362,0.996,5327,0.994,OK
the-new-babylon_1929,5520,5606,0.985,5522,0.985,OK
the-maggie,5520,5287,1.044,5224,0.988,RUNTIME-LIE
chains_202103,5700,5678,1.004,5428,0.956,OK
violence-at-noon,5940,5975,0.994,5955,0.997,OK
frieda_202106,5880,5688,1.034,5850,1.028,SUBS-OVERRUN-HIDDEN
1941-lady-scarface-frank-woodruff-vo,3960,3953,1.002,3952,1.000,OK
TheGuilty,4219,4219,1.000,4246,1.006,OK
la-poison,5100,5121,0.996,4900,0.957,OK
1958-thunder-road-camino-de-odio-arthur-ripley-vose,5520,5568,0.991,5544,0.996,OK
nicholas-nickleby_202105,6480,6169,1.050,6418,1.040,SUBS-OVERRUN-HIDDEN
glorifying-the-american-girl_1929,5700,5645,1.010,5749,1.019,SUBS-OVERRUN-HIDDEN
They_Were_Sisters_071,6557,6557,1.000,6569,1.002,OK
Dr.OfSea,5393,5393,1.000,5377,0.997,OK
1959-compulsion-impulso-criminal-richard-fleischer-vose,6180,6189,0.999,6162,0.996,OK
brief-encounter-1946,5160,5182,0.996,5177,0.999,OK
the-shanghai-gesture-1941,5700,5651,1.009,5886,1.042,SUBS-OVERRUN-HIDDEN
the-x-from-outer-space,5340,5306,1.006,5229,0.986,OK
kill_20201211,6840,6891,0.993,6859,0.995,OK
The_Strangler_1963,5347,5347,1.000,5871,1.098,SUBS-OVERRUN-HIDDEN
the-insect-woman,7380,7400,0.997,7355,0.994,OK
1940-queen-of-the-mob-james-hogan-vo,3660,3648,1.003,3647,1.000,OK
TheNevadan,4659,4659,1.000,4621,0.992,OK
westfront.-1918.1930.de.subs.-720p,5820,5775,1.008,5778,1.001,OK
tarzan-the-fearless-1933_202402,5160,5158,1.000,5166,1.001,OK
22-zatoichi-meets-the-one-armed-swordsman,5640,5673,0.994,5671,1.000,OK
the-club-of-the-big-deed-1927,4168,4168,1.000,4170,1.000,OK
love-me-tonight-1932_202508,5340,5317,1.004,5296,0.996,OK
1936-a-floresta-petrificada-archie-mayo,4939,4940,1.000,4927,0.997,OK
in-old-chicago-1938,6660,6655,1.001,6597,0.991,OK
shakedown-1950,4800,4815,0.997,4785,0.994,OK
the.-fly.-1958,5607,5607,1.000,5611,1.001,OK
the-garden-of-allah-1936_202508,4740,4741,1.000,4719,0.996,OK
the-love-of-jeanne-ney_1928,5160,6307,0.818,5098,0.808,RUNTIME-LIE
the-divorce-of-lady-x-1938_202401,5520,5258,1.050,5231,0.995,RUNTIME-LIE
angel-1937_202508,5460,5453,1.001,5402,0.991,OK
bird-paradise-4-k,4800,4925,0.975,4859,0.987,RUNTIME-LIE
Applause_1929,4800,4719,1.017,4721,1.000,OK
love-affair-4-k,5280,5190,1.017,5271,1.016,SUBS-OVERRUN-HIDDEN
the-genesis-children-1971,5100,5045,1.011,5033,0.998,OK
PhantomOfTheOperaSmall,5781,5781,1.000,8145,1.409,SUBS-OVERRUN-HIDDEN
man-who-wouldnt-die-1942,3900,3884,1.004,3888,1.001,OK
the-forty-first-1928,3165,3165,1.000,3165,1.000,OK
y-2-mate.is-the-merchant-of-four-seasons-original-title-handler-der-vier-jahresz,5280,5326,0.991,5309,0.997,OK
the-crusades-1935_202507,7500,7509,0.999,,,OK
NightTide16x9CorrectedAudio,5257,5257,1.000,5586,1.063,SUBS-OVERRUN-HIDDEN
the.-blob.-1958,4947,4947,1.000,4944,0.999,OK
The_Night_of_Counting_the_Years_DVD,3377,3378,1.000,5914,1.751,SUBS-OVERRUN-HIDDEN
Reptillicus,4890,4891,1.000,4780,0.977,OK
a-study-in-scarlet-1933,4320,4278,1.010,4311,1.008,OK
le-testament-dorphee-jean-cocteau-1960,4740,4817,0.984,4759,0.988,OK
1955-mr.-arkadin-confidential-report-orson-welles-vose,5580,6006,0.929,5972,0.994,RUNTIME-LIE
TheRiseOfCatherineTheGreatVideoQualityUpgrade,5619,5619,1.000,5974,1.063,SUBS-OVERRUN-HIDDEN
DetourVostfr,4058,4058,1.000,4130,1.018,SUBS-OVERRUN-HIDDEN
mt77765446,6180,6162,1.003,6131,0.995,OK
1937-beco-sem-saida-william-wyler,5522,5522,1.000,5457,0.988,OK
thekennelmurdercase1933fullcrimedramafilmnoirmovie,4380,4371,1.002,4376,1.001,OK
CreatureFromTheHauntedSea16x9,4519,4520,1.000,4324,0.957,OK
brennendes-geheimnis-1933-mit-alfred-abel-hilde-wagener-willi-forst-regie-robert-siodmak,5520,4987,1.107,,,RUNTIME-LIE
the.-goddess.-1934,4710,4711,1.000,4856,1.031,SUBS-OVERRUN-HIDDEN
the-prisoner-of-shark-island-1936,5580,5761,0.969,5435,0.943,RUNTIME-LIE
devil-in-miss-jonas-the-der-teufel-in-miss-jonas-1976,4462,4463,1.000,4457,0.999,OK
the.angry.red.planet.1959,4984,4984,1.000,4841,0.971,OK
a-bell-from-hell-1973-hd-full-movie,5466,5467,1.000,,,OK
1946-black-angel-anjo-diabolico-roy-william-neill-legendado,4860,4833,1.006,4812,0.996,OK
the-front-page-1931_202402,6060,6068,0.999,6028,0.993,OK
they-drive-by-night-1938,5040,4803,1.049,4835,1.007,RUNTIME-LIE
ubalda-all-naked-and-warm-quel-gran-pezzo-dell-ubalda-tutta-nuda-e-tutta-calda-1,5460,5178,1.054,5388,1.041,SUBS-OVERRUN-HIDDEN
heidi-1937_202507,5280,5294,0.997,5270,0.995,OK
TheRedWitch,6126,6126,1.000,6101,0.996,OK
1939-Im-Kampf-gegen-den-Weltfeind,5037,5037,1.000,5044,1.001,OK
1943-Besatzung-Dora,5580,5580,1.000,5584,1.001,OK
ExileExpressupgraded_901,4213,4213,1.000,4213,1.000,OK
the-man-with-a-cloak-1951,5040,4833,1.043,4789,0.991,RUNTIME-LIE
the-glass-wall-1953,4920,4795,1.026,4718,0.984,RUNTIME-LIE
1937-Patrioten,4630,4630,1.000,4640,1.002,OK
1943-Die-goldene-Spinne,4891,4891,1.000,4896,1.001,OK
1939-Robert-und-Bertram,5187,5187,1.000,5192,1.001,OK
1940-johnny-apollo-henry-hathaway-vose,5640,5648,0.999,5658,1.002,OK
1942-Himmelhunde,4275,4275,1.000,4278,1.001,OK
1941-Kopf-hoch-Johannes,4741,4741,1.000,4740,1.000,OK
1941-Carl-Peters,6577,6577,1.000,6573,0.999,OK
the.-longest.-day.-1962,10702,10703,1.000,10440,0.975,OK
1940-Achtung-Feind-hoert-mit,5328,5328,1.000,5335,1.001,OK
1936-Verraeter,5184,5184,1.000,5184,1.000,OK
1940-Feuertaufe,5452,5452,1.000,5452,1.000,OK
1937-Panzerkreuzer-Sebastopol,6429,6429,1.000,6431,1.000,OK
1943-Wien-1910,5087,5087,1.000,5077,0.998,OK
made-for-each-other-4-k,5520,5570,0.991,5555,0.997,OK
hare-rama-hare-krishna-classic-collection,8940,8387,1.066,8495,1.013,SUBS-OVERRUN-HIDDEN
1936-Heer-im-Werden,4181,4181,1.000,4182,1.000,OK
1940-Der-Marsch-zum-Fuehrer,2713,2713,1.000,,,OK
1941-Venus-vor-Gericht,4934,4934,1.000,4957,1.005,OK
1934-Ich-fuer-dich,5057,5057,1.000,5065,1.002,OK
1935-Ein-Dorf-im-roten-Sturm,5392,5392,1.000,5365,0.995,OK
1942-Germanin,5189,5189,1.000,5117,0.986,OK
1934-Um-das-Menschenrecht,4942,4942,1.000,4964,1.005,OK
TheVeil-BorisKarloff_294,1582,1581,1.001,,,OK
1942-Haende-hoch,3760,3760,1.000,3769,1.002,OK
MonsterFromGreenHell_201905,4260,4219,1.010,4187,0.993,OK
atomic.-city-1952-1,5100,5081,1.004,5080,1.000,OK
1947-lured-el-asesino-poeta-emboscada-douglas-sirk-vos,6120,6169,0.992,6155,0.998,OK
ivan-the-terrible-part-ii-1958,4920,4911,1.002,4867,0.991,OK
double-confession-1950-peter-lorre-1,5160,5051,1.022,5097,1.009,RUNTIME-LIE
passion-flower_1930,4740,4722,1.004,4727,1.001,OK
KilinkSoyVeldr,4232,4232,1.000,4231,1.000,OK
missile-to-the-moon-1958_202109,4680,4630,1.011,4612,0.996,OK
fortune-is-a-woman-1957,5700,5678,1.004,5647,0.995,OK
cours-du-soir,1800,1716,1.049,1691,0.985,RUNTIME-LIE
sundown_374,4920,5188,0.948,4554,0.878,RUNTIME-LIE
dm4545456,5400,5422,0.996,5395,0.995,OK
i-believe-in-you,5700,5547,1.028,5770,1.040,SUBS-OVERRUN-HIDDEN
WHOKILLEDTEDDYBEAR1965,5640,5208,1.083,5421,1.041,SUBS-OVERRUN-HIDDEN
polly7746643,5700,5504,1.036,5715,1.038,SUBS-OVERRUN-HIDDEN
the-devil-to-pay_1930,4320,4349,0.993,4331,0.996,OK
pigs-and-battleships,6480,6500,0.997,6386,0.982,OK
night-owls_1930,1260,1246,1.011,1236,0.992,OK
1941-the-face-behind-the-mask-la-mascara-de-fuego-robert-florey,4140,4085,1.014,4111,1.006,OK
thirst-for-love,5880,5948,0.989,5943,0.999,OK
1949-the-accused-la-acusada-william-dieterle-vose,6060,6047,1.002,6043,0.999,OK
address-unknown-1944-paul-lukas-morris-carnovsky-k.-t.-stevens,4500,4336,1.038,4332,0.999,RUNTIME-LIE
noche-avanza-la-1952,5100,5351,0.953,5351,1.000,RUNTIME-LIE
IConquerTheSea,3960,4017,0.986,3914,0.974,OK
heaven-and-earth,6240,6303,0.990,6181,0.981,OK
goke-body-snatcher-from-hell,5040,5051,0.998,4818,0.954,OK
ChinaDollVictor,5940,5947,0.999,5919,0.995,OK
carry-on-constable,5160,4982,1.036,5168,1.037,SUBS-OVERRUN-HIDDEN
intentions-of-murder,9000,9016,0.998,8986,0.997,OK
1949aliasnickbealjohnfarrow,5580,5291,1.055,5250,0.992,RUNTIME-LIE
lonesome_1929,4200,4207,0.998,4203,0.999,OK
TheFleshandtheFiends1960,5640,5659,0.997,5635,0.996,OK
llal4456782,5100,,,5038.998,,PROBE-FAIL
the-case-against-brooklyn-1958,4920,4853,1.014,4844,0.998,OK
tvom4445687,4980,4811,1.035,4715,0.980,RUNTIME-LIE
mp11029875,5760,5837,0.987,5820,0.997,OK
the-fearmakers-1958,5100,5085,1.003,5036,0.990,OK
the-living-skeleton,4800,4829,0.994,4803,0.995,OK
horizons.-west.-1952.,4860,4860,1.000,4839,0.996,OK
samurai-spy,5940,6008,0.989,6000,0.999,OK
1944-the-lodger-jack-el-destripador-john-brahm,5040,4817,1.046,5005,1.039,SUBS-OVERRUN-HIDDEN
Jennifer_455,4383,4383,1.000,4384,1.000,OK
1947-railroaded-el-ultimo-disparo-trampa-para-un-inocente-anthony-mann-vose,4320,4324,0.999,4313,0.997,OK
SeanceonaWetAfternoon,6960,6669,1.044,6873,1.031,SUBS-OVERRUN-HIDDEN
unearthly-stranger,4680,4713,0.993,4570,0.970,OK
cage-of-gold,4800,4782,1.004,4774,0.998,OK
CHRISTMASEVE_201512,5580,5383,1.037,5411,1.005,RUNTIME-LIE
1949-the-undercover-man-relato-criminal-joseph-h.-lewis,5100,4849,1.052,5032,1.038,SUBS-OVERRUN-HIDDEN
house-across-the-bay-1940-,5280,5248,1.006,5247,1.000,OK
down.-three.-dark.-streets.-1954,5100,5135,0.993,5117,0.997,OK
DungeonOfHarrow,5220,5175,1.009,5152,0.996,OK
jubilation-street,4380,4425,0.990,4403,0.995,OK
anna-christie_1930,5340,5130,1.041,5353,1.043,SUBS-OVERRUN-HIDDEN
take-aim-at-the-police-van,4740,4746,0.999,4745,1.000,OK
1956-nightmare-noche-de-pesadilla-maxwell-shane-vose,5340,5112,1.045,5111,1.000,RUNTIME-LIE
woman-they-almost-lynched-1953,5400,5414,0.997,5425,1.002,OK
the-return-of-dr-fu-manchu_1930,4380,4380,1.000,4378,1.000,OK
YongaryMonsterFromTheDeep,5017,5017,1.000,4757,0.948,OK
nothing-but-the-truth-1941,5400,5366,1.006,5328,0.993,OK
1952bewaremylovelyharryhorner,4620,4596,1.005,4573,0.995,OK
blaise-pascal_202104,7740,7794,0.993,,,OK
fast-and-loose_1930,4260,4262,0.999,4238,0.994,OK
brats_1930,1260,1259,1.001,1262,1.002,OK
raiders-of-the-seven-seas-1953,5280,5299,0.996,5255,0.992,OK
ManOfTheMoment,5101,5101,1.000,5095,0.999,OK
MajorBarbara,7260,7172,1.012,7178,1.001,OK
isads9990,6720,6757,0.994,6711,0.993,OK
Socrates,6823,6823,1.000,6802,0.997,OK
patriotism_202103,1680,1658,1.013,1650,0.995,OK
carry-on-cowboy,5580,5444,1.025,5635,1.035,SUBS-OVERRUN-HIDDEN
paranoiac_202107,4800,4803,0.999,4738,0.986,OK
5552442,6840,6853,0.998,6757,0.986,OK
cruel-gun-story,5220,5205,1.003,5200,0.999,OK
the-sound-of-fury-1950,5460,5526,0.988,5467,0.989,OK
farewell-my-lovely-1975,5700,5714,0.998,5593,0.979,OK
1938-napoleon-ist-an-allem-schuld,5580,5260,1.061,5251,0.998,RUNTIME-LIE
moby-dick.-1956,6901,6902,1.000,6891,0.998,OK
forbidden-games-1952-colorized-movie-720p-hd,5160,5191,0.994,5133,0.989,OK
house-of-frankenstien-1944_202406,4222,4223,1.000,4166,0.987,OK
ah-the-beautiful-priestesses-of-bacchus-1954-robert-dhery-colette-brosset-jacque,5775,5775,1.000,5771,0.999,OK
carry-on-cruising,5340,5142,1.038,5354,1.041,SUBS-OVERRUN-HIDDEN
1971LeDrapeauNoirFlotteSurLaMarmite,5400,4671,1.156,4903,1.050,SUBS-OVERRUN-HIDDEN
18ler-takimi_movie,6087,6087,1.000,6087,1.000,OK
scarface-1932-colorized-movie-720p-hd,4181,4181,1.000,5338,1.277,SUBS-OVERRUN-HIDDEN
attack-i-sol,7020,6973,1.007,7012,1.006,OK
earth-vs.-the-spider-1958,4380,4359,1.005,4336,0.995,OK
nancy-drew...-reporter-1939,4080,4066,1.003,4079,1.003,OK
the-viking-1931_202402,4200,4331,0.970,4292,0.991,RUNTIME-LIE
chinese-roulette,5160,5164,0.999,5112,0.990,OK
the.-day.-the.-earth.-stood.-still.-1951,5531,5531,1.000,5445,0.984,OK
old-and-new_1930,7260,7511,0.967,7252,0.965,RUNTIME-LIE
the-old-fashioned-way-1934,4260,4279,0.995,4050,0.947,OK
the-taming-of-the-shrew_1929_202505,3780,3904,0.968,3904,1.000,RUNTIME-LIE
cleopatra-1963_202511,15068,15068,1.000,14723,0.977,OK
slaughter-on-tenth-avenue-1957,6180,6159,1.003,6158,1.000,OK
among-the-living-1941,4140,4138,1.001,4090,0.988,OK
the-vikings-1958_202510,6942,6943,1.000,6709,0.966,OK
nothing-scared-4-k,4620,4415,1.047,4416,1.000,RUNTIME-LIE
1939-Das-Gewehr-ueber,5254,5254,1.000,5252,1.000,OK
the-thirteenth-chair_1929_202506,4320,4343,0.995,4340,0.999,OK
the-man-who-could-work-miracles-1936,4920,4750,1.036,4716,0.993,RUNTIME-LIE
1950-union-station-estacion-union-rudolph-mate-vose,4860,4857,1.001,4777,0.983,OK
murder-for-sale_1930,5572,5572,1.000,5554,0.997,OK
ringer-1952-,4680,4468,1.048,4465,0.999,RUNTIME-LIE
to-the-last-man-1933,4440,4178,1.063,4174,0.999,RUNTIME-LIE
1948-i-love-trouble-s.-sylvan-simon-vose,5580,5670,0.984,5659,0.998,OK
20-000-leagues-under-the-sea-1954_20251111,7621,7621,1.000,7609,0.998,OK
1941-the-shanghai-gesture-el-embrujo-de-shanghai-josef-von-sternberg-vose,5651,,,5647.58,,PROBE-FAIL
kitten.-with.-a.-whip.-1964.1080p.-blu-ray.-h-264.-aac-rarbg,5008,5009,1.000,4971,0.992,OK
1944-Verraeter-vor-der-Volksgericht-2,5863,5863,1.000,5880,1.003,OK
ep-345-pe,6660,6617,1.007,6274,0.948,OK
hoppity-goes-to-town-nta-reprint,4680,4670,1.002,4457,0.954,OK
1942-GPU,5768,5768,1.000,5762,0.999,OK
the-triumph-of-sherlock-holmes-1935,5040,4723,1.067,4964,1.051,SUBS-OVERRUN-HIDDEN
white-savage-1943-maria-montez,4560,4372,1.043,4498,1.029,SUBS-OVERRUN-HIDDEN
umberto-d-1952-colorized-movie-720p-hd,5340,5284,1.011,5311,1.005,OK
madame-x_1929_202506,5700,5699,1.000,5690,0.998,OK
plan-94-k,4680,4696,0.997,4692,0.999,OK
the-virginian_1929_202506,5460,5469,0.998,5428,0.993,OK
little-lord-fauntleroy-1936,6120,6095,1.004,6039,0.991,OK
1953-99-river-street-a-morte-ronda-o-cais-calle-river-99-phil-karlson-legendado,4976,4977,1.000,4817,0.968,OK
TeenageWolfpack,5363,5363,1.000,5638,1.051,SUBS-OVERRUN-HIDDEN
1950-dark-city-ciudad-en-sombras-william-dieterle-vose,5867,5868,1.000,5678,0.968,OK
harakiri-1962_202510,8100,7960,1.018,7949,0.999,OK
the-little-colonel-1935,4800,4887,0.982,4833,0.989,OK
wonder-women-1973,4920,5416,0.908,5405,0.998,RUNTIME-LIE
the-night-strangler-1973,5400,5403,1.000,5302,0.981,OK
the.-wicker.-man.-1973,5588,5589,1.000,5598,1.002,OK
the.-uninvited.-1944_202512,5926,5926,1.000,5954,1.005,OK
young-frankenstein-1974-colorized,6360,6342,1.003,6286,0.991,OK
lisbon-ray-milland-1956,5400,5175,1.043,5423,1.048,SUBS-OVERRUN-HIDDEN
cagliostro--liebe-und-leben-eines-grossen-abenteurers_1929,3480,3525,0.987,3513,0.997,OK
prinzessin-turandot-1934,4920,4546,1.082,4546,1.000,RUNTIME-LIE
the-neighbors-wife-and-mine-1931,3420,3400,1.006,3373,0.992,OK
oh-mr.-porter-1937,5100,4842,1.053,4815,0.994,RUNTIME-LIE
Defamation-FrenchVostfrFullMovie,5536,5536,1.000,6019,1.087,SUBS-OVERRUN-HIDDEN
the.-iron.-curtain.-,5220,5208,1.002,5201,0.999,OK
y-2-mate.is-tnt-jackson-1974-full-length-action-movie-t-qgo-k-1r-qnkg-1080p-1629342796313,4320,4312,1.002,4080,0.946,OK
yt-1s.com-martha-1973-rainer-werner-fassbinder-360p,6960,6707,1.038,6879,1.026,SUBS-OVERRUN-HIDDEN
ivan-the-terrible-part-i-1944,5700,5717,0.997,5707,0.998,OK
shack-out-on-101-1955-edward-dein-terry-moore-frank-lovejoy-keenan-wynn-1,4800,4834,0.993,4817,0.996,OK
frontier-marshal-1939,4260,4281,0.995,4228,0.988,OK
the-rains-came-1939_202508,6240,6208,1.005,6092,0.981,OK
the-stranger-1946_202404,5643,5643,1.000,5634,0.998,OK
the-hound-of-the-baskevilles-1959,5188,5188,1.000,5148,0.992,OK
spider-baby-or-the-maddest-story-ever-told-1967,5040,5067,0.995,5003,0.987,OK
CarnivalOfSouls_823,4980,4980,1.000,4649,0.934,OK
the-mad-ghoul.-1943,3900,3914,0.996,3872,0.989,OK
head-1968,5160,5146,1.003,4995,0.971,OK
y-2-mate.is-the-dead-are-alive-the-etruscan-kills-again-letrusco-uccide-ancora-1,6300,6329,0.995,6156,0.973,OK
the.fallen.idol.1948,5711,5711,1.000,5675,0.994,OK
1953-cry-of-the-hunted-joseph-h.-lewis-vose,4800,4748,1.011,4757,1.002,OK
1936-katharina-die-letzte,5340,5353,0.998,5352,1.000,OK
operation-amsterdam,6240,6042,1.033,6257,1.036,SUBS-OVERRUN-HIDDEN
three-ressurected-drunkards,4815,4815,1.000,4491,0.933,OK
sensuous-nurse-the-linfermiera-1975,6323,,,6228.278,,PROBE-FAIL
the-chase-pnm,5160,5152,1.002,5128,0.995,OK
fruit-is-ripe-the-griechische-feigen-1977-olivia-pascal-betty-verges-jessica-dub,5700,5386,1.058,5394,1.001,RUNTIME-LIE
the-young-savages-1961,6180,6147,1.005,6147,1.000,OK
1942-eyes-of-the-underworld-roy-william-neill-vo,3660,3692,0.991,3692,1.000,OK
1942-dr.-broadway-anthony-mann-vo,4080,3975,1.026,3974,1.000,RUNTIME-LIE
night-of-the-hunter-1955-color,5580,5546,1.006,5525,0.996,OK
sin-4-k,4860,4796,1.013,4790,0.999,OK
5-the-illiterates,3103,3103,1.000,3043,0.981,OK
the-loves-of-joanna-godden,5340,5141,1.039,5105,0.993,RUNTIME-LIE
KilinkSoyVeOldur,5571,5571,1.000,5478,0.983,OK
1939-Der-Westwall-Ein-dokumentarischer-Film,2536,2536,1.000,,,OK
Kildares_Strange_Case_1940,4480,4480,1.000,4608,1.028,SUBS-OVERRUN-HIDDEN
Haunts_201511,5820,5789,1.005,5891,1.018,SUBS-OVERRUN-HIDDEN
mother-krauses-journey-to-happiness_1929,7980,7997,0.998,7961,0.996,OK
vengeance-valley-1951_202005,4980,4947,1.007,4881,0.987,OK
three-faces-east_1930,4260,4286,0.994,4282,0.999,OK
1941-Ohm-Krueger,7690,7690,1.000,7756,1.008,OK
LadiesInRetirement1941BwFilm13215,5535,5535,1.000,5534,1.000,OK
1942-Die-Entlassung,6119,6119,1.000,6105,0.998,OK
the.-wolf.-man.-1941,4196,4196,1.000,4161,0.992,OK
tfol60778,6180,6226,0.993,6226,1.000,OK
1937-Echo-der-Heimat-Ein-Tatsachenbericht-aus-Deutschland,2561,2561,1.000,,,OK
obsession-1949-restored-movie-720p-hd,5760,5544,1.039,5600,1.010,SUBS-OVERRUN-HIDDEN
nightmare_202107,4980,4943,1.007,4895,0.990,OK
DoomsdayMachine1972_201511,4980,4946,1.007,5429,1.098,SUBS-OVERRUN-HIDDEN
h_roth,5280,5122,1.031,5184,1.012,SUBS-OVERRUN-HIDDEN
feet-first_1930,5460,5479,0.997,5438,0.992,OK
Absolution,6720,5720,1.175,6236,1.090,SUBS-OVERRUN-HIDDEN
manhandled-1949-1,5820,5767,1.009,5771,1.001,OK
arn76544fr,5280,5094,1.037,5274,1.035,SUBS-OVERRUN-HIDDEN
1951-he-ran-all-the-way-yo-ame-a-un-asesino-john-berry-vose,4620,4671,0.989,4605,0.986,OK
nancy-drew-and-the-hidden-staircase,3600,3604,0.999,3605,1.000,OK
yt-1s.com-the-bitter-tears-of-petra-von-kant-1972-die-bitteren-tranen-der-petra-,7440,7486,0.994,7477,0.999,OK
FatherCameToo1964,5460,5331,1.024,5508,1.033,SUBS-OVERRUN-HIDDEN
HometownStory_868,3659,3659,1.000,3615,0.988,OK
born-reckless_1930,4920,4601,1.069,4536,0.986,RUNTIME-LIE
1954-witness-to-murder-el-unico-testigo-roy-rowland-vose,4980,4920,1.012,4913,0.999,OK
the-benson-murder-case_1930,3900,3849,1.013,3850,1.000,OK
zotz-1962,5220,5139,1.016,5124,0.997,OK
flesh-for-frankenstein,5700,5695,1.001,5648,0.992,OK
1953-vice-squad-investigacion-criminal-arnold-laven-vose,5280,5062,1.043,5276,1.042,SUBS-OVERRUN-HIDDEN
Uncle_Vanya_1970,5919,5919,1.000,5920,1.000,OK
the-houston-story-1956,4740,4852,0.977,4848,0.999,RUNTIME-LIE
the-bat-whispers_1930,4980,5111,0.974,5083,0.994,RUNTIME-LIE
the-testament-of-dr-mabuse-restored-720p-hd,7320,7186,1.019,,,OK
04-chain-of-evidence-1957-,3840,3772,1.018,3753,0.995,OK
pearls-of-the-deep,6420,6445,0.996,6439,0.999,OK
girl.-with.-hyacinths.-1950,5340,5383,0.992,5373,0.998,OK
CountSchlockulasShockShowVolume12,5343,5343,1.000,5094,0.953,OK
fighting-elegy,5160,5172,0.998,5145,0.995,OK
Caravan_201903,6996,6997,1.000,9661,1.381,SUBS-OVERRUN-HIDDEN
what-ever-happened-to-aunt-alice-1969,6060,6069,0.998,6026,0.993,OK
1948thereturnofthewhistlerd.rosslederman,3720,3752,0.991,3725,0.993,OK
seven-days-to-noon-1950,5640,5785,0.975,,,RUNTIME-LIE
1957-crime-of-passion-delito-de-pasion-gerd-oswald-leg,5160,5157,1.001,5103,0.990,OK
true-to-the-navy_1930,4260,4253,1.002,4252,1.000,OK
1949-johnny-allegro-ted-tetzlaff-vose,4860,4867,0.999,4861,0.999,OK
1944-the-mark-of-the-whistler-william-castle-vose,3720,3542,1.050,3716,1.049,SUBS-OVERRUN-HIDDEN
genocide_202102,5040,5063,0.995,5060,0.999,OK
1960-murder-inc-burt-balaban-stuart-rosenberg-vose,6180,6187,0.999,6148,0.994,OK
the-bishop-murder-case_1930,5280,5250,1.006,5248,1.000,OK
capricious-summer,4440,4606,0.964,4352,0.945,RUNTIME-LIE
ShakeHandsWithMurder,3427,3427,1.000,3427,1.000,OK
moby-dick_1930,4800,4657,1.031,4654,0.999,RUNTIME-LIE
1945-escape-in-the-fog-fuga-en-la-niebla-budd-boetticher-vose,3780,3770,1.003,3768,0.999,OK
NewFacesakanewFacesOf1952widescreen1954,5836,5836,1.000,5778,0.990,OK
black-sun_202103,5700,5696,1.001,5696,1.000,OK
man-on-the-run-1949-restored-movie-576p-sd,4920,4952,0.994,4909,0.991,OK
carry-on-again-doctor,5100,5117,0.997,5102,0.997,OK
yc54654633,5640,5618,1.004,5607,0.998,OK
the-widow-from-chicago_1930,3840,3730,1.029,3728,0.999,RUNTIME-LIE
1950-deported-robert-siodmak-vose,5340,5320,1.004,5275,0.991,OK
1955-storm-fear-miedo-en-la-tormenta-cornel-wilde-vose,5280,5307,0.995,5309,1.000,OK
under-the-roofs-of-paris_1930,5520,5566,0.992,5385,0.968,OK
a-river-called-titas,9540,9511,1.003,9472,0.996,OK
TheDevilOnHorseback,4172,4172,1.000,3957,0.948,OK
the.-hidden.-fortress.-1958,8340,8319,1.003,8313,0.999,OK
a-notorious-affair_1930,4140,4012,1.032,4012,1.000,RUNTIME-LIE
MagazinulLaSlyCorner,5251,5251,1.000,5411,1.030,SUBS-OVERRUN-HIDDEN
riders-of-destiny-1933,3300,3167,1.042,3126,0.987,RUNTIME-LIE
le-grand-amour,5220,5247,0.995,5143,0.980,OK
cell-2455-death-row-1955,4620,4625,0.999,4610,0.997,OK
how-funny-can-sex-be-sessomatto-1973,5820,6955,0.837,5873,0.844,RUNTIME-LIE
1940-1945-Eva-Braun-Private-Filmrollen-1,2654,2654,1.000,2676,1.008,OK
A_Stranger_in_Town_1943,4010,4011,1.000,4007,0.999,OK
1955-the-big-knife-la-podadora-robert-aldrich-vose,6660,6844,0.973,6725,0.983,RUNTIME-LIE
horror-express-1974,5286,5287,1.000,5049,0.955,OK
the.-black.-castle.-1952,4895,4895,1.000,4872,0.995,OK
sherlock-holmes-och-kvinnan-i-gront,4053,4053,1.000,4023,0.993,OK
seven-keys-to-baldpate,4380,4353,1.006,4348,0.999,OK
mr.-wong-in-chinatown-1939_202507,4260,,,4214.35,,PROBE-FAIL
inconsolable-widow-the-la-vedova-inconsolabile-1973,5902,5902,1.000,5885,0.997,OK
1948-cry-of-the-city-una-vida-marcada-robert-siodmak-vose,5700,5521,1.032,5668,1.027,SUBS-OVERRUN-HIDDEN
the-letter_1929_202505,3900,3648,1.069,3603,0.988,RUNTIME-LIE
cat-women.of.the.-moon.-1953.,3840,3823,1.004,3803,0.995,OK
the-girls-1968,6000,5754,1.043,5962,1.036,SUBS-OVERRUN-HIDDEN
Sharmilee,9840,9890,0.995,9899,1.001,OK
moss-rose-1947,4920,4895,1.005,4898,1.001,OK
to-the-ends-of-the-earth-1948-mp-4,6540,6498,1.006,6480,0.997,OK
AssignmentTerror1970,5220,5102,1.023,5189,1.017,SUBS-OVERRUN-HIDDEN
the-black-abbot-1963-film-noir-thriller-crime,5099,5099,1.000,5291,1.038,SUBS-OVERRUN-HIDDEN
1960-midnight-lace-un-grito-en-la-niebla-david-miller,6180,6482,0.953,6159,0.950,RUNTIME-LIE
the.-egyptian.-1954,8379,8380,1.000,8333,0.994,OK
1944-bluebeard-barbazul-edgar-g.-ulmer-ve_202012,4320,4035,1.071,4032,0.999,RUNTIME-LIE
KatoHayabusaSento-tai,6555,6555,1.000,6537,0.997,OK
silver-blaze-1937,4260,3927,1.085,4176,1.063,SUBS-OVERRUN-HIDDEN
4-the-vale-of-tears,3101,3101,1.000,3041,0.981,OK
dancing-pirate-1936_202505,4980,5025,0.991,4512,0.898,OK
panic-in-the-street-1950,5760,5774,0.998,5769,0.999,OK
1941-Spaehtrupp-Hallgarten,4135,4135,1.000,4113,0.995,OK
hollow-triumph-pnm,4980,4935,1.009,4869,0.987,OK
shock-corridor-1963,6060,6091,0.995,6067,0.996,OK
the-warped-ones,4500,4536,0.992,4439,0.979,OK
byleth-the-demon-of-incest-1972-claudia-gravy-silvana-pompilli-marzia-damon-carl,4860,4996,0.973,4993,0.999,RUNTIME-LIE
1952-affair-in-trinidad-la-dama-de-trinidad-vincent-sherman-vose,5880,5649,1.041,5866,1.038,SUBS-OVERRUN-HIDDEN
1941-Mein-Leben-fuer-Irland,5456,5456,1.000,5445,0.998,OK
portrait-in-black-1960,6720,6761,0.994,6714,0.993,OK
rio-das-mortes-rainer-werner-fassbinder-1971-legendado-pt,5040,5232,0.963,5067,0.968,RUNTIME-LIE
3-paula-1973,3114,3114,1.000,3037,0.975,OK
1955-the-desperate-hours-horas-desesperadas-william-wyler-vose,6720,6765,0.993,6714,0.992,OK
beat-the-devil-1953-action-adventure-comedy-full-length-film,5359,5360,1.000,5355,0.999,OK
the-caine-mutiny-1954_202511,7475,7475,1.000,7403,0.990,OK
1938-Ziel-in-den-Wolken,5472,5472,1.000,5481,1.002,OK
die-drei-von-der-tankstelle_1930,5940,5667,1.048,5541,0.978,RUNTIME-LIE
el-expreso-de-shanghai-1932-1080-p-vose,4920,4908,1.002,4890,0.996,OK
the.-space.-children.-1958,4120,4121,1.000,4096,0.994,OK
angels.one.five.1952,5870,5871,1.000,5735,0.977,OK
go-west-young-man-1936,4920,4760,1.034,4712,0.990,RUNTIME-LIE
nobodys-children,6120,5804,1.054,5989,1.032,SUBS-OVERRUN-HIDDEN
15-un-poing-final,4817,4818,1.000,4818,1.000,OK
dracula-prince-of-darkness-1966_20240606,5400,5408,0.999,5274,0.975,OK
the-devious-path_1929,6420,5858,1.096,5811,0.992,RUNTIME-LIE
the-farmer-takes-a-wife-1935_202507,5460,5474,0.997,5438,0.993,OK
1949FightingManofthePlains,5640,5399,1.045,5388,0.998,RUNTIME-LIE
1944-Scharfschuetze-in-der-Gelaendeausbildung,4101,4101,1.000,4086,0.996,OK
invasion-u.-s.-a.-1952,4380,4408,0.994,4395,0.997,OK
strange-case-of-doctor-rx-1942,3960,3944,1.004,3911,0.992,OK
6-in-the-middle-of-the-night-in-a-dark-house-somewhere-in-the-world,3080,3080,1.000,3000,0.974,OK
05-f_20211114,3720,3701,1.005,3689,0.997,OK
millie-4-k,5100,5071,1.006,5044,0.995,OK
ugokie-kori-no-tatehiki-1933,684,684,0.999,684,1.000,OK
the-joke,4800,4864,0.987,4642,0.954,OK
hunted_202106,5040,4873,1.034,4866,0.999,RUNTIME-LIE
third-man-on-the-mountain-1959,6300,5580,1.129,6392,1.146,SUBS-OVERRUN-HIDDEN
1939-Deutsches-Land-in-Afrika,4127,4127,1.000,4112,0.996,OK
the-white-angel,6000,6007,0.999,5742,0.956,OK
malizia-malicious-1973-laura-antonelli-turi-ferro-alessandro-momo-tina-aumont-an,5580,5863,0.952,5600,0.955,RUNTIME-LIE
west-of-the-divide-1934,3240,3204,1.011,3286,1.025,SUBS-OVERRUN-HIDDEN
tales.-from.-the.-crypt.-1972,5538,5539,1.000,5432,0.981,OK
something-to-sing-about-1937,5580,5208,1.071,5190,0.996,RUNTIME-LIE
house-of-hunted-hill-4-k,4500,4494,1.001,4273,0.951,OK
the-tingler-1959_202510,4887,4888,1.000,4880,0.998,OK
1953-the-glass-web-ensayo-dramatico-jack-arnold-vose,4860,4860,1.000,4848,0.997,OK
deadly-duo-1959,4200,4166,1.008,4181,1.004,OK
flesh-and-fury-1952,4980,4749,1.049,4930,1.038,SUBS-OVERRUN-HIDDEN
y-2-mate.is-1970-the-house-that-would-not-die-spooky-movie-dave-oielv-7bm-mgc-720p-1629310008829,4440,4452,0.997,4436,0.996,OK
banjo-on-my-knee-1936_202508,5700,5729,0.995,5693,0.994,OK
so.-dark.the.-night.,4260,4215,1.011,4174,0.990,OK
y-2-mate.is-whity-1971-dynlpc-xp-rs-360p-1623982429855,5700,5728,0.995,5550,0.969,OK
wee-willie-winkie-1937_202508,6000,6005,0.999,5932,0.988,OK
rog56_mail_924D_201606,6358,6359,1.000,6043,0.950,OK
the-square-peg,5100,5155,0.989,5146,0.998,OK
the-thirteenth-guest-1932,4140,4129,1.003,4121,0.998,OK
the.-sniper.-1952,5277,5277,1.000,5259,0.996,OK
over-exposed-1956,4800,4797,1.001,4777,0.996,OK
enter_the_lone_ranger,4129,4129,1.000,4079,0.988,OK
earth_1930,4740,4681,1.013,4680,1.000,OK
Noose1948,5416,5416,1.000,5430,1.002,OK
CloseUp_201903,4401,4401,1.000,5746,1.306,SUBS-OVERRUN-HIDDEN
1942streetofchancelacalledelazarjackhively,4440,4621,0.961,4353,0.942,RUNTIME-LIE
city-girl_1930,5280,5305,0.995,5261,0.992,OK
reo-grande-1950,6318,6319,1.000,6268,0.992,OK
BellStarrStory,5996,5996,1.000,5909,0.986,OK
TheHallidayBrand1957,4740,4717,1.005,4731,1.003,OK
au-bonheur-des-dames_1930,5700,5343,1.067,5595,1.047,SUBS-OVERRUN-HIDDEN
1949-johnny-stool-pigeon-william-castle-vose,4560,4319,1.056,4485,1.038,SUBS-OVERRUN-HIDDEN
maniac_202107,5160,5184,0.995,5171,0.998,OK
Crossbar,4680,4818,0.971,5134,1.066,SUBS-OVERRUN-HIDDEN
the-long-hair-of-death-1964,5760,5777,0.997,5720,0.990,OK
NightTookMsBeautiful,6000,6061,0.990,5586,0.922,OK
i-hate-but-i-love,6300,6300,1.000,6284,0.998,OK
tcc554547748,4320,4433,0.975,4344,0.980,RUNTIME-LIE
children-of-nagasaki,7560,7692,0.983,7349,0.955,OK
dracula-has-risen-from-the-grave-1968_202406,5520,5533,0.998,5434,0.982,OK
1944-dead-mans-eyes-reginald-le-borg-vose,3840,3843,0.999,3804,0.990,OK
another-fine-mess_1930,1560,1661,0.939,1573,0.947,RUNTIME-LIE
CheckOnRoads,5522,5522,1.000,5505,0.997,OK
1960-private-property-leslie-stevens-vose,4740,4817,0.984,4791,0.995,OK
i.-was.a.-communist.for.the.-fbi.-1958,4980,4769,1.044,4767,1.000,RUNTIME-LIE
1941-paper-bullets-balas-de-papel-phil-rosen-vo,4320,4097,1.055,4054,0.990,RUNTIME-LIE
liliom_1930,5640,5521,1.021,,,RUNTIME-LIE
trapped-1949-restored-movie-720p-hd,4680,4764,0.982,4679,0.982,OK
1941-Jungens,4841,4841,1.000,4840,1.000,OK
doctor.glas.1968,4980,4908,1.015,4722,0.962,OK
the-office-wife_1930,3540,3510,1.009,3568,1.017,SUBS-OVERRUN-HIDDEN
mad-dog-morgan,6120,6046,1.012,6168,1.020,SUBS-OVERRUN-HIDDEN
the-cop-in-blue-jeans,5640,5329,1.058,5537,1.039,SUBS-OVERRUN-HIDDEN
guns-girls-and-gangsters-1958,4200,4166,1.008,4178,1.003,OK
1954-the-other-woman-la-otra-mujer-hugo-haas,4860,4664,1.042,4660,0.999,RUNTIME-LIE
1949-the-lady-gambles-direccion-prohibida-michael-gordon-vose,5940,5656,1.050,5886,1.041,SUBS-OVERRUN-HIDDEN
Obiknoveny_faschizm,4081,4081,1.000,4077,0.999,OK
the-boy-who-turned-yellow,3300,3219,1.025,3236,1.005,RUNTIME-LIE
OnTheBeat,6087,6087,1.000,6071,0.997,OK
the-violent-men-1955,5744,5745,1.000,5699,0.992,OK
nancy-drew-trouble-shooter,4080,4096,0.996,4096,1.000,OK
v615585,6000,6018,0.997,5922,0.984,OK
1947-i-walk-alone-al-volver-a-la-vida-byron-haskin-vose_202207,5820,5836,0.997,5792,0.992,OK
1950-convicted-drama-en-presidio-henry-levin-vose,5460,5451,1.002,5430,0.996,OK
the-diamond,4980,5020,0.992,4986,0.993,OK
dead-men-tell-1941,3660,3633,1.007,3600,0.991,OK
the-story-of-temple-drake-1933-colorized-movie-720p-hdl_202402,4260,4284,0.994,4249,0.992,OK
the.-leopard.-1963,11126,11126,1.000,11066,0.995,OK
TheSwap_201511,5340,4895,1.091,5375,1.098,SUBS-OVERRUN-HIDDEN
1951-thunder-on-the-hill-tempestad-en-la-cumbre-douglas-sirk-vose,5067,5068,1.000,4792,0.946,OK
the.-house.-of.-the.-seven.-gables.-1940,5310,5310,1.000,5310,1.000,OK
CountSchlockulasShockShowVolume5,5767,5767,1.000,5761,0.999,OK
1945-allotment-wives-william-nigh-vose,4800,4691,1.023,4690,1.000,RUNTIME-LIE
fear-of-fear,5460,5265,1.037,5503,1.045,SUBS-OVERRUN-HIDDEN
death-of-a-salesman_202501,6900,6630,1.041,6636,1.001,RUNTIME-LIE
cartesius-pt-1,4438,4439,1.000,4168,0.939,OK
southside-1-1000-1950,4380,4769,0.918,4767,1.000,RUNTIME-LIE
the-guns-of-navarone-1961_202511,9398,9398,1.000,9299,0.990,OK
walk-east-on-beacon-1952,5880,5862,1.003,5844,0.997,OK
valley-of-the-zombies-1946-philip-ford-robert-livingston-lorna-gray-ian-keith-republic,3360,3358,1.000,3355,0.999,OK
1953-the-hitch-hiker-el-autoestopista-ida-lupino-vose,4242,4243,1.000,4230,0.997,OK
hum-dono_202202,1559,1560,1.000,8862,5.682,SUBS-OVERRUN-HIDDEN
diabolique.-1955,7080,7032,1.007,7028,0.999,OK
the-mob-1951-restored-movie-720p-hd,5220,5178,1.008,5173,0.999,OK
ride-lonesome-1959,4359,4359,1.000,4367,1.002,OK
tsm99945354,5700,5490,1.038,5528,1.007,RUNTIME-LIE
attack.-1956,6455,6456,1.000,6455,1.000,OK
el-santo-vs-la-invasion-de-los-marcianos-1967-pelicula-completa,5212,5212,1.000,5705,1.095,SUBS-OVERRUN-HIDDEN
1942kidglovekillerlaultimaprueba,4417,4417,1.000,4394,0.995,OK
the-thirsty-dead-1974,5280,5267,1.003,5262,0.999,OK
dunkirk-1958_202511,8139,8140,1.000,8060,0.990,OK
the-human-condition-no-greater-love-1959ja,12240,12269,0.998,12398,1.011,SUBS-OVERRUN-HIDDEN
the-criminal-life-of-archibaldo-de-la.-cruz-1955,5340,5423,0.985,5176,0.955,OK
Svengali1931_201508,4860,4868,0.998,4863,0.999,OK
the.-time.-travelers.-1964,5014,5014,1.000,4869,0.971,OK
y-2-mate.is-ultimo-deseo-hd-1976-con-nadiuska-gd-0-ay-7k-2wx-e-720p-1628558015960,4920,5742,0.857,5421,0.944,RUNTIME-LIE
the-upturned-glass,5400,4972,1.086,4903,0.986,RUNTIME-LIE
badman-4-k,6000,5980,1.003,5714,0.956,OK
one.million.b.c.1940,4827,4828,1.000,4644,0.962,OK
a-report-on-the-party-and-guests,4260,4241,1.005,4246,1.001,OK
the-scarlet-hour-1956_202312,5700,5675,1.004,5659,0.997,OK
flower-with-the-deadly-sting-the-il-fiore-dai-petali-d-acciaio-1973-gianni-garko,5338,5338,1.000,5285,0.990,OK
the-black-godfather-1974,5400,5662,0.954,5759,1.017,SUBS-OVERRUN-HIDDEN
ice.-cold.-in.-alex.-1958_202510,7793,7793,1.000,7714,0.990,OK
call-northside-777-1948-720p,6660,6660,1.000,6649,0.998,OK
the-tijuana-story-1957,4380,4357,1.005,4352,0.999,OK
svtplay-KRo2AdB,5820,5572,1.044,5567,0.999,RUNTIME-LIE
revenge-of-the-zombies-1943,3660,3697,0.990,3659,0.990,OK
taste-the-blood-of-dacula-1970,5712,5713,1.000,5502,0.963,OK
1937-ritt-in-die-freiheit-willy-birgel-viktor-staal-hansi-knotek,5520,5173,1.067,5173,1.000,RUNTIME-LIE
1953-99-river-street-calle-river-99-phil-karlson-vose,4978,4978,1.000,4817,0.967,OK
dead.-of.-night.-1945,6184,6185,1.000,6128,0.991,OK
the-giant-claw-1957-colorized,4440,4472,0.993,4433,0.991,OK
hocuspocus_1930,4922,4922,1.000,4918,0.999,OK
white-zombie-1932-colorized-movie-720p-hd,4140,4031,1.027,4028,0.999,RUNTIME-LIE
in-a-wild-moment-un-moment-degarement-1977-jean-pierre-marielle-christine-dejoux,5082,5082,1.000,5082,1.000,OK
voice-of-the-whistler-1945,3600,3587,1.004,3558,0.992,OK
viy-1967-eng-sub,4560,4528,1.007,4528,1.000,OK
CountSchlockulasShockShowVolume4,6108,6108,1.000,5761,0.943,OK
the-garment-jungle-1957,5280,5269,1.002,5255,0.997,OK
man-who-died-twice-1958-,4200,4222,0.995,4220,1.000,OK
1957-the-midnight-story-el-rastro-del-asesino-joseph-pevney,5400,5149,1.049,5314,1.032,SUBS-OVERRUN-HIDDEN
whirlpool-1950_202307,5880,5835,1.008,5825,0.998,OK
the-chinese-ring-1947-dvd-mkv,4080,4066,1.003,4052,0.997,OK
les-croix-de-lyser_1928,3960,3919,1.011,3910,0.998,OK
die-singende-stadt_1930,5880,5431,1.083,5345,0.984,RUNTIME-LIE
lake.-of.-the.-dead.-1958,4620,4615,1.001,4589,0.994,OK
the.thirteenth.hour.1947,3945,3945,1.000,3944,1.000,OK
Chapaev,5431,5431,1.000,5428,0.999,OK
the-mad-magician-1954,4320,4368,0.989,4349,0.996,OK
bad.-day.at.-black.-rock.-1955.720p.-blu-ray,4860,4894,0.993,4854,0.992,OK
gun-crazy-colorized-movie-720p-hd,5220,5234,0.997,5205,0.995,OK
the.-defiant.-ones.-1958,5760,5777,0.997,5796,1.003,OK
the-scar-1948,4980,4983,0.999,4868,0.977,OK
les-seins-de-glace_202309,6300,6070,1.038,6197,1.021,SUBS-OVERRUN-HIDDEN
elcebo,5820,5221,1.115,5957,1.141,SUBS-OVERRUN-HIDDEN
boarding-house-blues-1948,5400,5195,1.039,5188,0.999,RUNTIME-LIE
the-enforcer-bogart,5220,5118,1.020,5124,1.001,OK
sirocco-bogart,5880,5902,0.996,5876,0.996,OK
i-see-naked-vedo-nudo-1969-sylva-koscina-veronique-vendell-daniela-giordano-edda,6840,7072,0.967,7053,0.997,RUNTIME-LIE
wts_gunjones_LOTM,5724,5724,1.000,5790,1.012,SUBS-OVERRUN-HIDDEN
blood-and-sand-1989-sangre-y-arena,7500,6807,1.102,7449,1.094,SUBS-OVERRUN-HIDDEN
cry-of-the-banshee-1970,5460,5450,1.002,5421,0.995,OK
the.-atomic.-submarine.-1959_20251207,4312,4313,1.000,4295,0.996,OK
1941-Ritt-zwischen-den-Fronten,5332,5332,1.000,5331,1.000,OK
RatRace1960Pt.1,2376,2376,1.000,6298,2.650,SUBS-OVERRUN-HIDDEN
1935theglasskeylallavedecristalfranktuttle,4800,4626,1.038,4623,0.999,RUNTIME-LIE
yt-1s.com-bremen-freedom-1972-bremer-freiheit-frau-geesche-gottfried-drama-tv-mo,5220,5196,1.005,5076,0.977,OK
captive-wild-woman-1943_202602,6033,6033,1.000,3614,0.599,OK
the-song-is-ended_1930,6120,5652,1.083,5654,1.000,RUNTIME-LIE
when-women-were-called-virgins-quando-le-donne-si-chiamavano-madonne-1972,5340,5302,1.007,5247,0.990,OK
the-crooked-way-1949_202502,5400,5367,1.006,5358,0.998,OK
the-leech-woman,4620,,,4580.973,,PROBE-FAIL
VenganzaKid,5388,5388,1.000,5883,1.092,SUBS-OVERRUN-HIDDEN
the-shanghai-story-1954,5400,5399,1.000,5421,1.004,OK
the-man-who-finally-died,5880,5986,0.982,5994,1.001,OK
Cartoonita.com,736,736,1.000,6608,8.975,SUBS-OVERRUN-HIDDEN
frankensteins-castle-of-freaks-full-movie,5400,5179,1.043,5352,1.033,SUBS-OVERRUN-HIDDEN
the-killing-kind-1973,5700,5733,0.994,5670,0.989,OK
LadiesWhoDo6377,4891,4891,1.000,5061,1.035,SUBS-OVERRUN-HIDDEN
never-let-go-1960-peter-sellers-crime-thriller,5400,5227,1.033,5365,1.026,SUBS-OVERRUN-HIDDEN
experiment-alcatraz-1950,3420,3509,0.975,3507,1.000,RUNTIME-LIE
what-made-her-do-it_1930,5100,4722,1.080,4703,0.996,RUNTIME-LIE
conquest-of-space_202407,4860,4833,1.006,4798,0.993,OK
DEMENTIA_201508,2648,2648,1.000,4864,1.837,SUBS-OVERRUN-HIDDEN
LittleMen6544,4986,4986,1.000,4951,0.993,OK
flame-1947,5820,4806,1.211,5802,1.207,SUBS-OVERRUN-HIDDEN
TheSystem,5196,5196,1.000,5197,1.000,OK
as-long-as-youve-got-your-health,4080,4084,0.999,4007,0.981,OK
night.-monster.-1942,4333,4333,1.000,4318,0.997,OK
the-bridge-at-remagen-1969_202511,7020,6994,1.004,6908,0.988,OK
the-living-dead-at-manchester-morgue-1974_202405,5700,5570,1.023,5410,0.971,RUNTIME-LIE
jack-and-the-beanstalk-1974,5640,5302,1.064,5257,0.991,RUNTIME-LIE
lost-horizon-colorized-movie-720p-hd,7920,7899,1.003,7900,1.000,OK
ThePink.Panther1963,5580,6623,0.842,5293,0.799,RUNTIME-LIE
20-million-miles-to-earth-colorized-movie-720p-hd,4920,4711,1.044,4924,1.045,SUBS-OVERRUN-HIDDEN
doa-4-k,4980,5004,0.995,4962,0.992,OK
the.-lost.-missile.-1958,4245,4246,1.000,4146,0.977,OK
the-oblong-box-1969,5760,5752,1.001,5672,0.986,OK
the-rawhide-years-1956,5100,5098,1.000,5053,0.991,OK
how-to-make-a-monster-1958,4380,4408,0.994,4393,0.997,OK
holiday_1930,5460,5442,1.003,5449,1.001,OK
emperor.-of.-the.-north.-1973.720p.,7080,7225,0.980,7193,0.996,RUNTIME-LIE
fires-on-the-plain-1959,6300,6257,1.007,6252,0.999,OK
invasion.of.astro.monster.1965,5760,5658,1.018,5676,1.003,OK
zwei-herzen-im-dreivierteltakt_1930,5760,5193,1.109,5626,1.083,SUBS-OVERRUN-HIDDEN
the.-burmese.-harp.-1956,7020,6962,1.008,6977,1.002,OK
the-house-on-92nd-street-1945,5280,5269,1.002,,,OK
dipwad2_zoho_1653,6120,6092,1.005,6085,0.999,OK
pin-up-girl-1944,5040,5004,1.007,4967,0.993,OK
1949-d.-o.-a.-con-las-horas-contadas-rudolph-mate-vo-version-original,5016,5016,1.000,4962,0.989,OK
a-stitch-in-time,5340,5429,0.984,5402,0.995,OK
red-menace.-1949.,4860,5256,0.925,5244,0.998,RUNTIME-LIE
living-idol-1957,6000,5783,1.038,6024,1.042,SUBS-OVERRUN-HIDDEN
49th-man-1953,4380,4536,0.966,4392,0.968,RUNTIME-LIE
shock-1977_202406,5700,5551,1.027,5444,0.981,RUNTIME-LIE
jungle-book-1942_202312,6360,6340,1.003,6322,0.997,OK
they.-came.from.-beyond.-space-.-1967.-dvdrip.x-264-zuul,5100,4903,1.040,5047,1.029,SUBS-OVERRUN-HIDDEN
black-christmas-1974_202405,5880,5869,1.002,5801,0.988,OK
gods-little-acre-1958,7080,7076,1.001,6995,0.988,OK
legend-of-the-lost-1957_202506,6540,6511,1.004,6478,0.995,OK
laura-1944_202112,5280,5228,1.010,5278,1.010,OK
the-suitor,4980,5080,0.980,4921,0.969,OK
ma-lu-tian-shi-1937,5429,5430,1.000,5319,0.980,OK
spirits-of-the-dead-1968,7320,7285,1.005,6882,0.945,OK
23-paces-to-baker-street-1956_202506,6180,6197,0.997,6159,0.994,OK
noir-classics-the-long-haul-1957-victor-mature-diana-dors-patrick-allen-f-ca-2-kj-fdg,5280,5297,0.997,5271,0.995,OK
horror-rises-from-the-tomb-1973,5280,5269,1.002,4804,0.912,OK
china-gate.-1957,5820,5728,1.016,5692,0.994,OK
insurance-investigator-1951,3600,3586,1.004,3580,0.998,OK
computer-wore-tennis-shoes,5460,5460,1.000,5413,0.991,OK
se-incontri-sartana-prega-per-la-tua-morte-1968,5700,5752,0.991,5684,0.988,OK
1935BrandedACowardJohnnyMackBrown,3480,3385,1.028,,,RUNTIME-LIE
theres-always-a-woman-1938,4860,4834,1.005,4811,0.995,OK
shock-1946-remastered-movie-720p-hd,4200,4212,0.997,4155,0.986,OK
torture.-garden.-1967,6000,6020,0.997,5579,0.927,OK
reign-of-terror-1949,5220,5145,1.015,5336,1.037,SUBS-OVERRUN-HIDDEN
1950-the-killer-that-stalked-new-york-earl-mcevoy-vose,4740,4549,1.042,4647,1.022,SUBS-OVERRUN-HIDDEN
shivers-1975_202506,5280,5274,1.001,5239,0.993,OK
1948-the-street-with-no-name-la-calle-sin-nombre-william-keighley-vo,5460,5474,0.997,5241,0.957,OK
rock-rock-rock-1956_202509,5100,5131,0.994,5130,1.000,OK
johnny-corncob-1973,4680,4496,1.041,4587,1.020,SUBS-OVERRUN-HIDDEN
the-legend-of-hell-house-1973,5700,5630,1.012,,,OK
intikam-melegi-kadin-hamlet_movie,5190,5191,1.000,5242,1.010,OK
the-white-devil_1930,6600,6321,1.044,6312,0.999,RUNTIME-LIE
m-1951,5280,5298,0.997,5251,0.991,OK
day.-of.-wrath.-1943,5837,5838,1.000,5815,0.996,OK
1942moontidemareadelunaarchiemayo,5640,5688,0.992,5625,0.989,OK
strange-illusion-1945-film-noir,5220,,,5118.475,,PROBE-FAIL
CountSchlockulasShockShowVolume8,5481,5481,1.000,5761,1.051,SUBS-OVERRUN-HIDDEN
the-stranger-4-k,5698,5698,1.000,5648,0.991,OK
1950-kiss-tomorrow-goodbye-corazon-de-hielo-gordon-douglas-vose,6120,6140,0.997,6158,1.003,OK
village-of-the-damned-1960-colorized-movie-576p-sd,4639,4640,1.000,4622,0.996,OK
a-bridge-too-far-1977,10500,10551,0.995,10287,0.975,OK
the-secret-of-the-whistle-.-1946,3900,3864,1.009,3827,0.990,OK
KnifeofIce1972,5460,5265,1.037,5485,1.042,SUBS-OVERRUN-HIDDEN
crazy-desires-of-a-murderer-i-vizi-morbosi-di-una-governante-1977-corrado-gaipa-,5100,5340,0.955,5354,1.003,RUNTIME-LIE
the-suspect-1944_202307,5100,4885,1.044,4884,1.000,RUNTIME-LIE
two-monks-1934-restored-720p-hd,4740,4753,0.997,4493,0.945,OK
the-long-goodbye-1974_202312,6720,6731,0.998,6683,0.993,OK
the.-strange.-door.-1951,4860,4855,1.001,4838,0.997,OK
the-indestructible-man-4-k,4213,4214,1.000,4202,0.997,OK
191620000LeaguesUnderTheSea_201508,6300,5922,1.064,5916,0.999,RUNTIME-LIE
BrotherhoodOfTheBell,6000,5849,1.026,5688,0.972,RUNTIME-LIE
CountSchlockulasShockShowVolume10,5963,5963,1.000,5761,0.966,OK
the.-snow.-woman.-1968,4740,4761,0.996,4725,0.992,OK
noir-classics-new-orleans-uncensored-1955-arthur-franz-beverly-garland,4560,4523,1.008,4498,0.994,OK
so-long-at-the-fair-1950_202405,4860,4924,0.987,4874,0.990,OK
last-crooked-mile-1946-,4020,4016,1.001,3991,0.994,OK
the.-frozen.-ghost.-1945,3660,3673,0.997,3639,0.991,OK
ludwig-der-zweite-konig-von-bayern_1930,7020,6691,1.049,6677,0.998,RUNTIME-LIE
yellow-sky-1948,5880,5923,0.993,5857,0.989,OK
prince-of-foxes-1949,6420,6432,0.998,6385,0.993,OK
cross.-of.-iron.-1977,7980,7941,1.005,,,OK
1957-the-burglar-honor-de-ladron-paul-wendkos-ve,5400,5415,0.997,5425,1.002,OK
svtplay-jAB7pd5,6300,6074,1.037,6036,0.994,RUNTIME-LIE
a-lizard-in-a-womans-skin-1971_202405,6240,6237,1.000,6058,0.971,OK
1958-lonelyhearts-corazones-solitarios-vincent-j.-donehue-vo,6000,6190,0.969,6192,1.000,RUNTIME-LIE
the-proud-rebel-1958_202401,6180,6180,1.000,6184,1.001,OK
black.-sabbath.-1963,5700,5527,1.031,5500,0.995,RUNTIME-LIE
1945thepowerofthewhistlerlewlanders,3960,3987,0.993,3972,0.996,OK
noir-classic-the-girl-in-black-stockings-1957-lex-barker-anne-bancroft-mamie-van,4500,4488,1.003,4498,1.002,OK
asylum-1972_202405,5280,5305,0.995,5256,0.991,OK
the-painted-desert-1931_202504,4740,4481,1.058,4569,1.020,SUBS-OVERRUN-HIDDEN
the-dark-corner-1946,5940,5710,1.040,5690,0.996,RUNTIME-LIE
the-sand-pebbles-1966,11760,10953,1.074,10846,0.990,RUNTIME-LIE
the-night-of-the-generals-1967,8880,8723,1.018,8565,0.982,OK
pinky-1949_202508,6120,6116,1.001,6113,1.000,OK
johnny-cool-1963,6180,6089,1.015,6103,1.002,OK
inside-the-walls-of-folsom-prison-1951,5220,5204,1.003,5191,0.997,OK
all-the-colors-of-the-dark-1972_202405,5640,5669,0.995,5660,0.998,OK
meet-john-4k,7380,7372,1.001,7255,0.984,OK
i-know-where-im-going-1945,5460,5494,0.994,5463,0.994,OK
sandokan-pirate-of-malaysia,6120,6376,0.960,6116,0.959,RUNTIME-LIE
scream-of-fear-1961,4920,4897,1.005,4881,0.997,OK
blast-of-silence-1961-restored-movie-720p-hd,4620,5287,0.874,4635,0.877,RUNTIME-LIE
CaptainVideoMisc4,1720,1721,0.999,1678,0.975,OK
memphis-4k,2700,2574,1.049,2708,1.052,SUBS-OVERRUN-HIDDEN
the.monster.of.piedras.blancas.1959,4260,4260,1.000,4248,0.997,OK
salt-of-the-earth-1954,5640,5540,1.018,5391,0.973,OK
deadline-u.-s.-a.-1952,5220,5223,0.999,5182,0.992,OK
david-and-lisa-1962-colorized,5700,5579,1.022,5503,0.986,RUNTIME-LIE
what-che-1972,6840,6819,1.003,6796,0.997,OK
the-golden-eye-1948-dvd-mkv,4140,4156,0.996,4148,0.998,OK
the-haunted-palace-1963,5220,5227,0.999,5189,0.993,OK
alucarda-1977_202412,4620,4487,1.030,4370,0.974,RUNTIME-LIE
machine-gun-kelly-1958_202307,4980,5007,0.995,4989,0.996,OK
the-case-of-the-bloody-iris-1972,5640,5683,0.992,5683,1.000,OK
dans-la-nuit_1930,4500,4546,0.990,4526,0.996,OK
je-taime-moi-non-plus-1976-jane-birkin-joe-dallesandro-hugues-quester-reinhard-k,5340,5276,1.012,5126,0.971,OK
tonka-sibenice_1930,5100,4958,1.029,5163,1.041,SUBS-OVERRUN-HIDDEN
harbor-drift_1930,3240,3224,1.005,3221,0.999,OK
the.-gorgon.-1964,5000,5001,1.000,4971,0.994,OK
quicksand-1950-remastered-movie-720p-hd,4740,4754,0.997,4693,0.987,OK
rumble-on-the-docks-1956,4920,4953,0.993,4948,0.999,OK
1945-detour-el-desvio-edgar-g-ulmer_202005,4075,4076,1.000,4130,1.013,SUBS-OVERRUN-HIDDEN
strange-fascination-1952,4800,4680,1.026,4674,0.999,RUNTIME-LIE
kiss-me-deadly-1955-restored-movie-720p-hd,6360,6363,0.999,6279,0.987,OK
phantom-from-10-000-leagues-1955,4800,4840,0.992,4809,0.994,OK
the-hellbenders,5400,5523,0.978,5472,0.991,RUNTIME-LIE
the-town-that-dreaded-sundown-1976_202406,5160,5394,0.957,5226,0.969,RUNTIME-LIE
bait-1954,4740,4775,0.993,4768,0.999,OK
mad-doctor,5400,5884,0.918,5422,0.922,RUNTIME-LIE
salt-for-svanetia_1930,3780,3784,0.999,3769,0.996,OK
the-golf-specialist_1930,1200,1261,0.952,1220,0.968,RUNTIME-LIE
wenn-die-abendglocken-lauten_1930,5100,5360,0.952,,,RUNTIME-LIE
sono-sartana-il-vostro-becchino-1969,6180,6199,0.997,6196,1.000,OK
LastInch,5085,5085,1.000,5053,0.994,OK
rattlers,4846,4846,1.000,4750,0.980,OK
ARacaDoBuldogue,5820,5622,1.035,,,RUNTIME-LIE
THURSDAYSCHILD1943_201305,4920,4915,1.001,4676,0.951,OK
oh-my-son,7800,7853,0.993,7321,0.932,OK
hog-wild_1930,1140,1158,0.984,1195,1.032,SUBS-OVERRUN-HIDDEN
sitting-bull_202106,6300,6074,1.037,6285,1.035,SUBS-OVERRUN-HIDDEN
MAMAR,6180,5147,1.201,5685,1.104,SUBS-OVERRUN-HIDDEN
waterloo.-1970,8040,8034,1.001,7758,0.966,OK
boycott_1930,4500,4413,1.020,4413,1.000,OK
django-the-bastard,5940,5942,1.000,,,OK
the-300-spartans-1962,6840,6827,1.002,6791,0.995,OK
the-mighty,4308,4309,1.000,5695,1.322,SUBS-OVERRUN-HIDDEN
oliver.-twist.-1948,7260,6667,1.089,6598,0.990,RUNTIME-LIE
HeadlessHorseman_201508,5220,4229,1.234,4941,1.168,SUBS-OVERRUN-HIDDEN
a-letter-to-three-wives-1949,6180,6189,0.999,6176,0.998,OK
the-fifth-cord-1971,5580,5554,1.005,5528,0.995,OK
the-reptile-1966_202406,5400,5406,0.999,5341,0.988,OK
InAZoneOfSpecialAttention,5537,5537,1.000,5530,0.999,OK
the.-ascent.-1977,6540,6545,0.999,6561,1.002,OK
white-comanche-comanche-blanco-1968-western-movie-english-watch-free-movies-in-full-lenght,5640,5677,0.994,,,OK
the.-girl.-who.-knew.-too.-much.-1963,5160,5325,0.969,5139,0.965,RUNTIME-LIE
embryo-1976_202401,6240,5944,1.050,5899,0.992,RUNTIME-LIE
bees.-saal.-baad.-1962.-dvdrip.-uploaded.-by.lakalaki,9480,8631,1.098,8588,0.995,RUNTIME-LIE
a-lady-takes-a-chance-1943,5160,5150,1.002,5124,0.995,OK
somewhere-in-the-night-1946_202506,6600,6491,1.017,6479,0.998,OK
phantom-speaks-1945,3205,3205,1.000,4082,1.274,SUBS-OVERRUN-HIDDEN
the-secret-of-convict-lake-1951,4980,4799,1.038,4799,1.000,RUNTIME-LIE
svtplay-jkopnEJ,6720,6457,1.041,6442,0.998,RUNTIME-LIE
strangers-in-the-night-1944_202307,3360,3368,0.998,3305,0.981,OK
the-man-who-knew-too-much-colorized-movie-720p-hd,4541,4541,1.000,4551,1.002,OK
flame-of-barbary-coast-1945,5460,5465,0.999,5433,0.994,OK
the-pied-piper-of-hamelin-1957,5220,5221,1.000,5220,1.000,OK
the-southerner-1945_202312,5520,5551,0.994,5513,0.993,OK
one-shocking-moment-1965-gary-kent-lee-anna-verne-martine-maureen-gaffney-zenobi,4260,4297,0.991,4264,0.992,OK
the-lady-vanishes-colorized-movie-720p-hd_202403,5760,5799,0.993,5740,0.990,OK
i-eat-your-skin-1964,4880,4880,1.000,4742,0.972,OK
curse-of-the-crimson-altar-1968_202405,5220,5224,0.999,5035,0.964,OK
the.-tomb.of.-ligeia-1964,4860,4887,0.995,4839,0.990,OK
the-member-of-the-wedding-1952,5580,5368,1.040,5328,0.993,RUNTIME-LIE
francis-goes-to-the-races-1951,5280,5244,1.007,5230,0.997,OK
the-killer-shrews-1959,4140,4114,1.006,4135,1.005,OK
buon-funerale-amigos-paga-sartana-1970,5460,5583,0.978,5577,0.999,RUNTIME-LIE
rope-of-sand-1949_202307,6240,6251,0.998,6204,0.992,OK
mister-880-1950,5400,5392,1.002,5392,1.000,OK
too-later-for-tears-4k,5940,5919,1.004,6044,1.021,SUBS-OVERRUN-HIDDEN
sapphire-1959_202506,5520,5496,1.004,5222,0.950,OK
ambush-at-cimmarron-pass-1958,4368,4368,1.000,4351,0.996,OK
bridless-groom-4-k,1020,1185,0.861,999,0.843,RUNTIME-LIE
191920HaroldLloydHauntedSpooksXvid,1489,1490,0.999,,,OK
the-innocents-1961,6000,6012,0.998,5948,0.989,OK
le-samurai-vose-sellada,6309,6309,1.000,6176,0.979,OK
the-hich-hicker-4-k,4260,4248,1.003,4230,0.996,OK
night-editor-1946_202403,4080,3990,1.023,3974,0.996,RUNTIME-LIE
bombay-talkie-1970,6720,6627,1.014,6547,0.988,OK
tokyo-joe_202407,5280,5314,0.994,5284,0.994,OK
1919AlfredGouldingTheFloorBelow,799,800,0.999,,,OK
10-best-praise-worship-victor-hutabarat-audio-full-album,2683,2683,1.000,,,OK
autopsy-1975_202405,6000,6042,0.993,5916,0.979,OK
messiah.of.-evil.-1973.1080p.-blu-ray.-h-264.-aac-rarbg_202406,5400,5390,1.002,5340,0.991,OK
vicki-1953,5100,5121,0.996,5087,0.993,OK
the.-great.-silence.-1968,6360,6346,1.002,6353,1.001,OK
season-of-the-witch-1972,5383,5383,1.000,5378,0.999,OK
the-card-1952,5100,5456,0.935,5406,0.991,RUNTIME-LIE
house-by-the-river-1950,5280,5347,0.988,5241,0.980,OK
to-the-last-man-1933-action-romance-western-full-length-film,4177,4178,1.000,4217,1.010,OK
outside-the-wall-1950,4800,4808,0.998,4766,0.991,OK
the-pawnbroker.-1964,6960,6924,1.005,6796,0.981,OK
scarlet-street-4-k,6180,6101,1.013,6087,0.998,OK
hollywood-story-1951_202307,4560,4602,0.991,4569,0.993,OK
the-great-rupert-1950,2542,2542,1.000,5261,2.069,SUBS-OVERRUN-HIDDEN
ciril-ciplak_movie,4429,4429,1.000,4821,1.088,SUBS-OVERRUN-HIDDEN
baron-blood-1972,5400,5870,0.920,5746,0.979,RUNTIME-LIE
my-favorite-brunette-4-k,5220,5251,0.994,5218,0.994,OK
menace_202102,3454,3455,1.000,5839,1.690,SUBS-OVERRUN-HIDDEN
strange-love-of-martha-4-k,6900,6677,1.033,6950,1.041,SUBS-OVERRUN-HIDDEN
noir-classics-hit-and-run-1957-cleo-moore-vince-edwards-hugo-haas-x-t-4s-7-xqwnc-0,5220,5052,1.033,5135,1.016,SUBS-OVERRUN-HIDDEN
garden-of-evil-1954,6000,6015,0.997,5974,0.993,OK
tales-that-witness-madness-1973,5400,5409,0.998,5373,0.993,OK
the.-gambler.-1974,6660,6658,1.000,6443,0.968,OK
exorcismo-exorcism-1975,5520,5389,1.024,5277,0.979,RUNTIME-LIE
dark-alibi-dvd-mkv,3660,3690,0.992,3685,0.999,OK
dhund-1973-dv-drip-497-mb-avi-mystery-thriller,7440,7443,1.000,7422,0.997,OK
noir-classics-behind-the-high-wall-1956-tom-tully-sylvia-sidney-4zd-ot-axa-bai,5100,5104,0.999,5077,0.995,OK
fury-1936-colorized-movie-720p-hd,5773,5774,1.000,5513,0.955,OK
satans-cheerleaders-1977_202406,5520,5549,0.995,5439,0.980,OK
topper-returns-1941,5280,5300,0.996,5260,0.993,OK
the-wasp-woman-1959_202312,3660,4378,0.836,3625,0.828,RUNTIME-LIE
that-lady-in-ermine-1948,5340,5375,0.994,5353,0.996,OK
the-thousand-eyes-of-dr-mabuse-1960-colorized-movie-720p-hd,5940,6516,0.912,6128,0.940,RUNTIME-LIE
the.-atomic.-man.-1955,5223,5223,1.000,5194,0.994,OK
holiday-of-st-jorgen_1930,4799,4799,1.000,4794,0.999,OK
black-sunday-1960_202405,5160,5208,0.991,5150,0.989,OK
pot-gold-4-k,5160,4929,1.047,4921,0.998,RUNTIME-LIE
devils-partner-1961,4380,4430,0.989,4657,1.051,SUBS-OVERRUN-HIDDEN
dr-terrors-house-of-horrors-1965,5880,5872,1.001,5802,0.988,OK
the-caddy-1953,5700,5730,0.995,5713,0.997,OK
francis-covers-the-big-town-1953,5160,5164,0.999,5150,0.997,OK
thousand-and-one-nights-a-senya-ichiya-monogatar,7680,7819,0.982,7778,0.995,OK
the-new-centurions-1972,6180,6191,0.998,6121,0.989,OK
SingleSwimming,5426,5426,1.000,5663,1.044,SUBS-OVERRUN-HIDDEN
all-my-sons-1948,5640,5642,1.000,5607,0.994,OK
broken-arrow-1950_202506,5580,5562,1.003,5540,0.996,OK
blood-on-satans-claw-1971,5760,5770,0.998,5587,0.968,OK
penny-4-k,7200,7184,1.002,7168,0.998,OK
maddalena-1971-lisa-gastoni-eric-woofe-ivo-garrani-paolo-gozlino-barbara-lilavin,6300,6775,0.930,6539,0.965,RUNTIME-LIE
attack-of-the-giant-leeches-1959,3720,3761,0.989,3693,0.982,OK
the.-man.-with.-nine.-lives.-1940,4440,4448,0.998,4431,0.996,OK
crimes-of-the-black-cat-1972,5880,5677,1.036,5867,1.034,SUBS-OVERRUN-HIDDEN
diplomatic-courier-1952,5820,5859,0.993,5604,0.956,OK
the-hill-1965_202511,7380,7394,0.998,7359,0.995,OK
vengeance-of-the-zombies-1973,5340,5295,1.008,5293,1.000,OK
countess-dracula-1971_20240614,5580,5601,0.996,5552,0.991,OK
the-devils-nightmare-1971,5700,5695,1.001,5493,0.965,OK
billy-the-kid-versus-dracula-1966,4440,4474,0.993,4429,0.990,OK
frankensteins-daughter-1958-colorized,5100,5073,1.005,5087,1.003,OK
before.-i.-hang.-1940,3720,3729,0.998,3708,0.994,OK
what-have-they-done-to-your-daughters-1974,5760,5445,1.058,5425,0.996,RUNTIME-LIE
tight-spot-1955_202307,5820,5760,1.010,5771,1.002,OK
blue-eyes-of-the-broken-doll-1973,5340,5343,0.999,5267,0.986,OK
the-night-evelyn-came-out-of-the-grave-1971_202407,6120,6169,0.992,5990,0.971,OK
blood-bath-1966,3720,3721,1.000,3700,0.994,OK
walk-a-crooked-mile-1948,5460,5474,0.997,5455,0.997,OK
bonnies-kids-1972,6300,6073,1.037,,,RUNTIME-LIE
the.-mercenary.-1968,6060,6367,0.952,6064,0.952,RUNTIME-LIE
rog56_mail_514M,6593,6594,1.000,6561,0.995,OK
twice-told-tales-1963,7181,7181,1.000,7197,1.002,OK
dr.-jekyll-sister-hyde-1971,5820,5842,0.996,5721,0.979,OK
sjatte-skottet,5040,4793,1.051,4788,0.999,RUNTIME-LIE
a-farewell-to-arms-1957_202506,9120,9119,1.000,9076,0.995,OK
time-without-pity-1957_202506,5280,5305,0.995,5263,0.992,OK
spider-woman-strikes-back,3540,3480,1.017,3526,1.013,SUBS-OVERRUN-HIDDEN
naked-you-die-1968,5640,4665,1.209,5826,1.249,SUBS-OVERRUN-HIDDEN
isle-of-the-dead-1954,4320,4311,1.002,4279,0.992,OK
svtplay-8opaM1X,5700,5627,1.013,5618,0.998,OK
aradhana-1969,10140,9519,1.065,9868,1.037,SUBS-OVERRUN-HIDDEN
a-man-called-horse-1970,6840,6918,0.989,6751,0.976,OK
run.man.run.1968,7200,6945,1.037,7183,1.034,SUBS-OVERRUN-HIDDEN
the-fall-of-the-roman-empire-1964_202511,10797,10797,1.000,10765,0.997,OK
the-10th-victim-1965,5520,5540,0.996,5454,0.985,OK
jack-and-the-beanstalk-1952,4680,4467,1.048,4995,1.118,SUBS-OVERRUN-HIDDEN
rocketship-x-m-1950-colorized-red-tent,4620,4656,0.992,4765,1.023,SUBS-OVERRUN-HIDDEN
dangerous-crossing-1953_202307,4500,4540,0.991,4525,0.997,OK
hunde-wollt-ihr-ewig-leben.-1959,5580,5589,0.998,5565,0.996,OK
16051740158515751579160516061580160616081606,7228,7228,1.000,7235,1.001,OK
svtplay-j3GkNmX,6300,6062,1.039,6007,0.991,RUNTIME-LIE
sadhu.-aur.-shaitaan.-1968.-hindi.-dvdrip.-xvi-d-erg,9300,9282,1.002,9347,1.007,OK
larceny-1948,5340,5327,1.002,5298,0.995,OK
gonks-go-beat-1964-kenneth-conner-terry-scott-barbara-brown-elaine-thompson-lulu,5507,5507,1.000,5438,0.987,OK
livingDead_4k,5760,5796,0.994,5773,0.996,OK
notthisearth4k,4860,4267,1.139,4614,1.081,SUBS-OVERRUN-HIDDEN
cattle-empire-1958_202506,4980,4991,0.998,4958,0.993,OK
chhoti-si-baat-1975,7380,7430,0.993,7144,0.961,OK
TinkerBellAndTheLostTreasure,3615,3615,1.000,4654,1.287,SUBS-OVERRUN-HIDDEN
dangerous-to-know,4200,4244,0.990,4194,0.988,OK
latif_1930,2940,2931,1.003,2932,1.000,OK
NOROOMTODIE1969,5820,5850,0.995,5831,0.997,OK
aty-baty_shli_soldaty,4909,4909,1.000,,,OK
criminally-insane,3720,3718,1.000,3705,0.996,OK
the-man-who-changed-his-mind,3960,3725,1.063,3742,1.005,RUNTIME-LIE
hombre-1967_202511,6660,6625,1.005,6295,0.950,OK
cromwell-1970_202511,8400,8379,1.003,8353,0.997,OK
ulzanas-raid-1972_20251016,6180,6190,0.998,6066,0.980,OK
thats-my-boy-1951,6240,5892,1.059,5860,0.995,RUNTIME-LIE
ballada-o-soldate-1959ru.-720p,5340,5278,1.012,5271,0.999,OK
kansas-cc-4-k,6000,5941,1.010,5893,0.992,OK
she-done-him-wrong-colorized-movie-720p-hd_202402,3900,3931,0.992,3851,0.980,OK
road-tobali-4-k,5460,5452,1.002,5460,1.002,OK
the-scarlet-letter-full-movie,4284,4285,1.000,7835,1.829,SUBS-OVERRUN-HIDDEN
face.-to.-face.-1967,6720,5600,1.200,6377,1.139,SUBS-OVERRUN-HIDDEN
two-flags-west-1950,5520,5529,0.998,5302,0.959,OK
campbells-kingdom-1957,6120,6110,1.002,6086,0.996,OK
a-man-betrayed-1941,4920,4922,1.000,4865,0.988,OK
quatermass-2-colorized-576p-sd,5100,4900,1.041,4868,0.993,RUNTIME-LIE
the-young-lions-1958,10020,10041,0.998,10000,0.996,OK
i-was-a-shoplifter-1950_202306,4440,4427,1.003,4389,0.991,OK
the-nazis-strike-1943_202505,2520,2552,0.988,2393,0.938,OK
far-from-vietnam-1967,6960,6959,1.000,6907,0.993,OK
down-argentine-way-1940_202506,5340,5325,1.003,5107,0.959,OK
sinners-holiday-1930-colorized-movie-720p-hd_202402,3600,3694,0.974,3623,0.981,RUNTIME-LIE
the-last-man-on-earth-1964_20251031,5205,5206,1.000,5232,1.005,OK
second-chorus-1940,5040,5016,1.005,4988,0.994,OK
the.-italian.-connection.-1972,5984,5984,1.000,5731,0.958,OK
edge-of-the-city-colorized-movie-720p-hd,5100,5217,0.978,4994,0.957,RUNTIME-LIE
north-west-frontier-1959,6154,6154,1.000,7704,1.252,SUBS-OVERRUN-HIDDEN
the.day.of.the.owl.1968,6480,6512,0.995,6228,0.956,OK
1955-hells-island-la-isla-del-infierno-phil-karlson-ve,4852,4852,1.000,5080,1.047,SUBS-OVERRUN-HIDDEN
the-case-of-the-scorpions-tail-1971,5760,5711,1.009,5618,0.984,OK
percy-1971-heywel-bennet-elke-sommer-britt-ekland-denholm-elliott-cyd-hayman-jan,6180,6080,1.016,6046,0.994,OK
where-theres-life-1947_202508,4500,4472,1.006,4436,0.992,OK
1935JosephHenaberyThruTrafficPaulKellyMargueriteChurchill,3588,3589,1.000,,,OK
1955-hells-island-la-isla-del-infierno-phil-karlson-vo,4852,4852,1.000,5080,1.047,SUBS-OVERRUN-HIDDEN
chicago-syndicate-1955_202307,4980,5061,0.984,5054,0.999,OK
ugetsu-1953-colorized-movie-720p-hd,5760,5832,0.988,5761,0.988,OK
rings-on-her-fingers-1942,5160,5179,0.996,5137,0.992,OK
the-steel-trap,5100,5109,0.998,5100,0.998,OK
th-manster-1959,4320,4377,0.987,4363,0.997,OK
at-war-with-the-army-1950,5580,5494,1.016,5493,1.000,OK
sasquatch-the-legend-of-bigfoot-1976_202505,6120,5696,1.074,5686,0.998,RUNTIME-LIE
a-bay-of-blood-1971_202405,5100,5041,1.012,4968,0.985,OK
el-ocaso-de-una-vida-1950,6600,6618,0.997,6569,0.993,OK
squirm-1976_202507,5520,5567,0.992,5565,1.000,OK
a-black-veil-for-lisa-1968,5700,5287,1.078,5283,0.999,RUNTIME-LIE
demons-of-the-mind-1972,5340,5378,0.993,5295,0.985,OK
count-draculas-great-love,5100,4996,1.021,5004,1.002,RUNTIME-LIE
the-giant-gila-monster-1959_202505,4440,4448,0.998,4458,1.002,OK
clash-by-night,6300,6289,1.002,6265,0.996,OK
1919HaroldLloydRingUpTheCurtainBebeDanielsSnubPollard,711,712,0.999,,,OK
the-bedford-incident-1965_202511,6123,6124,1.000,6012,0.982,OK
come-next-spring-1956,5520,5518,1.000,5494,0.996,OK
kuroneko-1968_202510,6000,5960,1.007,5979,1.003,OK
hold-back-tomorrow-1955,4500,,,4479.249,,PROBE-FAIL
the-naked-kiss-colorized-movie-720p-hd,5580,5525,1.010,5382,0.974,OK
robot-monster-1953-colorized-movie-576p-sd,3960,3725,1.063,4336,1.164,SUBS-OVERRUN-HIDDEN
fathers-little-dividend-1951_202402,4920,4884,1.007,4845,0.992,OK
vampyr-1932-colorized-movie-720p-hd,4440,4375,1.015,4333,0.990,OK
tower-of-london-1962_202510,4800,4779,1.004,4563,0.955,OK
lady-for-a-night-1942,5280,5193,1.017,5214,1.004,OK
the-naked-island-colorized-movie-720p-hd,5820,7644,0.761,5790,0.757,RUNTIME-LIE
genevieve-1953,5160,5178,0.997,5164,0.997,OK
svtplay-KrJXJmZ,5280,5047,1.046,5047,1.000,RUNTIME-LIE
the-baron-of-arizona-1950,5820,5796,1.004,5805,1.002,OK
a-dragonfly-for-each-corpse-1974,5100,5329,0.957,5176,0.971,RUNTIME-LIE
knock-on-any-door,6000,5961,1.007,5914,0.992,OK
1955-the-night-holds-terror-andrew-l.-stone-vose,5146,5146,1.000,5525,1.074,SUBS-OVERRUN-HIDDEN
the-brothers-rico-1957_202307,5520,5495,1.005,5455,0.993,OK
jumping-jacks-1952,5760,5753,1.001,5726,0.995,OK
an-angel-for-satan-1966,5400,5540,0.975,5503,0.993,RUNTIME-LIE
the-murder-mansion-1972_202408,4980,5169,0.963,4898,0.948,RUNTIME-LIE
good-morning-miss-dove-1955,6420,6450,0.995,6408,0.993,OK
hearts-and-minds.-1974,6720,6699,1.003,6708,1.001,OK
temptation-1946,5880,5908,0.995,5883,0.996,OK
hells-house-1932-bette-davis-drama,4242,4242,1.000,4284,1.010,OK
man-with-a-million-1954,5097,5098,1.000,5073,0.995,OK
blood.-and.-black.-lace.-1964.subs,5280,5320,0.993,5221,0.981,OK
voyage.-to.-the.-end.-of.-the.-universe.-1963,5250,5251,1.000,5195,0.989,OK
rog56_mail_117X,5545,5546,1.000,5685,1.025,SUBS-OVERRUN-HIDDEN
die-die-my-darling-1965,5820,5778,1.007,5760,0.997,OK
not-wanted-1949_202402,5460,5458,1.000,5576,1.022,SUBS-OVERRUN-HIDDEN
Utrikeskorrespondenten,7200,6928,1.039,6923,0.999,RUNTIME-LIE
vij-eller-prastseminariets-likvaka-viy-1967,4594,4595,1.000,4528,0.985,OK
SonzOfWuTang,5417,5417,1.000,5566,1.028,SUBS-OVERRUN-HIDDEN
the-beast-must-die-1974_202412,5580,5592,0.998,5525,0.988,OK
step-down-to-terror-1958,4560,4567,0.999,4536,0.993,OK
ce-sartana-vendi-la-pistola-e-comprati-la-bara-1970,5580,5522,1.011,5475,0.992,OK
death-line-1972,5220,5240,0.996,5179,0.988,OK
scream-and-scream-again-1970_202511,5700,5673,1.005,5660,0.998,OK
great-flamarion-4-k,4680,4654,1.006,4488,0.964,OK
the-vampire-and-the-ballerina-1960-full-movie-english-dub-1080p-hd-blu-ray,5100,5258,0.970,5228,0.994,RUNTIME-LIE
ruby-gentry-1952,4920,4947,0.994,4919,0.994,OK
1960-seven-thieves-siete-ladrones-henry-hathaway-ve-version-en-espanol,6120,6118,1.000,6106,0.998,OK
man-on-a-tightrope-1953_202508,6300,6304,0.999,6303,1.000,OK
francis-joins-the-wacs-1954,5700,5676,1.004,5623,0.991,OK
diary.-of.-a.-madman.-1963,5760,5797,0.994,5790,0.999,OK
young-cassidy-1965,6600,6600,1.000,6581,0.997,OK
the-asphyx-1972,5940,4937,1.203,5861,1.187,SUBS-OVERRUN-HIDDEN
the-revolt-of-mamie-stover-1956,5520,5564,0.992,5562,1.000,OK
and-soon-the-darkness-1970,5940,5919,1.004,5489,0.927,OK
chatos-land-1972_202510,6000,5997,1.001,5932,0.989,OK
devil-by-the-tail-the-le-diable-par-la-queue-1969-yves-montand-madeleine-renaud-,5445,5446,1.000,5440,0.999,OK
the-unknown-terror-1957-colorized-movie-720p-hd,4560,4742,0.962,4614,0.973,RUNTIME-LIE
rasputin-the-mad-monk-1966_202411,5460,5521,0.989,,,OK
too-many-husbands-1940,4860,4886,0.995,4861,0.995,OK
first-spaceship-on-venus-1960,4680,4691,0.998,4674,0.996,OK
samoa-regina-della-giungla-1968,5340,5053,1.057,5040,0.997,RUNTIME-LIE
PoletikEpisode32,1802,1802,1.000,1683,0.934,OK
the-twist-1976,6420,5874,1.093,6091,1.037,SUBS-OVERRUN-HIDDEN
hercules-and-the-captive-women-full-action-drama-classic-movie-reg-park,5713,5713,1.000,5460,0.956,OK
adalat-1976,8760,9107,0.962,8325,0.914,RUNTIME-LIE
1948-the-big-clock-el-reloj-asesino-john-farrow-vose,5491,5491,1.000,5682,1.035,SUBS-OVERRUN-HIDDEN
together-again_202511,5580,5741,0.972,5945,1.036,SUBS-OVERRUN-HIDDEN
momotaro-umi-no-shinpei-1945,4457,4458,1.000,4474,1.004,OK
the.-collector.-1965,7140,7152,0.998,7145,0.999,OK
heera.-1973-superhit-action-movie-rrg-brego,8520,8535,0.998,8224,0.964,OK
the-child-1977,4920,4941,0.996,4637,0.938,OK
planeta.bur.-1961,4680,4713,0.993,4694,0.996,OK
desnuda-en-la-arena-1969,5400,5410,0.998,5410,1.000,OK
la-citta-si-difende,4562,4562,1.000,4488,0.984,OK
the-big-gundown-1966_202511,6600,5697,1.158,,,RUNTIME-LIE
flickan-fran-tredje-raden,5280,4948,1.067,4897,0.990,RUNTIME-LIE
taj.-mahal.-1963.1-cd.-dvdri-p.-mkv.-xvi-d.-by.-indian-hacker,8700,9141,0.952,9110,0.997,RUNTIME-LIE
Beverly_Hillbillies_Ep01_The_Clampetts_Strike_Oil,1492,1492,1.000,,,OK
the-man-in-black-colorized-movie-720p-hd,4680,4465,1.048,4657,1.043,SUBS-OVERRUN-HIDDEN
MuzikaSaJasibare,4320,4356,0.992,,,OK
tales_of_tomorrow_09_the_crystal_egg,1426,1427,0.999,,,OK
1951-the-house-on-telegraph-hill-la-casa-de-la-colina-robert-wise-vo,5580,5580,1.000,5553,0.995,OK
happy-go-lovely-1951_202401,5820,5817,1.000,5781,0.994,OK
chalti-ka-naam-gaadi-1958,10380,9835,1.055,9856,1.002,RUNTIME-LIE
africa-screams-1949,4740,4747,0.998,4735,0.997,OK
almost-human_202502,5940,5961,0.996,5883,0.987,OK
bad-mans-river-lee-van-cleef-western-movie-full-length-cowboys-spaghetti-western,5520,5469,1.009,5389,0.985,OK
ski-troop-attack-1960,4440,3660,1.213,4399,1.202,SUBS-OVERRUN-HIDDEN
guns-at-batasi-1964,6180,6184,0.999,6041,0.977,OK
svtplay-eDma4Zd,4440,4272,1.039,4269,0.999,RUNTIME-LIE
Humjoli,9360,9263,1.010,9260,1.000,OK
ride-em-cowboy-1942,5160,5142,1.003,5121,0.996,OK
libel_202512,6000,5984,1.003,5961,0.996,OK
night-ambush-1957,6001,6002,1.000,5985,0.997,OK
rajnigandha.-1974,6600,6207,1.063,6223,1.003,RUNTIME-LIE
aashirwad-1968-pt-2,4827,4828,1.000,3889,0.806,OK
invisible-4-k,3840,3771,1.018,3767,0.999,OK
rogue-male-1976,6180,6170,1.002,6032,0.978,OK
arret-1948,4966,4966,1.000,4855,0.978,OK
knife-for-the-ladies,5160,5178,0.996,5339,1.031,SUBS-OVERRUN-HIDDEN
the-strange-one-1957-restored-movie-720p-hd,6000,6627,0.905,5957,0.899,RUNTIME-LIE
lametamorphosedescloportes,5700,5878,0.970,5842,0.994,RUNTIME-LIE
terror-il-castello-delle-donne-maledette-1974,5340,5179,1.031,5352,1.033,SUBS-OVERRUN-HIDDEN
den-stora-stjarnparaden,7920,7850,1.009,7831,0.998,OK
do-raaste-1969-www.desibbrg.com-da-xclusives_202106,9000,9027,0.997,9021,0.999,OK
point-of-terror,5280,5226,1.010,5251,1.005,OK
carnival-of-souls-1962-cult-film-horror,4663,4663,1.000,4649,0.997,OK
death.-rides.a.-horse.-1967,6907,6907,1.000,6875,0.995,OK
anatomy.of.a.-psycho.-1961.720p.-blu-ray.x-264-reel-videos.eng,4608,4428,1.041,4397,0.993,RUNTIME-LIE
the-sleeping-city-colorized-movie-720p-hd,5160,5176,0.997,5091,0.983,OK
svtplay-jE4BnB2,5760,5597,1.029,5571,0.995,RUNTIME-LIE
rage-at-dawn-4-k,5220,5114,1.021,5147,1.006,RUNTIME-LIE
tarzan-and-the-trappers-gordon-scott,4187,4187,1.000,,,OK
march-or-die-1977,6420,6142,1.045,,,RUNTIME-LIE
it-started-with-a-kiss,6240,6220,1.003,6209,0.998,OK
appointment-with-danger-1950-colorized-movie-720p-hd,5340,5418,0.986,5394,0.995,OK
devil-girl-from-mars-1953-colorized-movie-720p-hd,4620,4637,0.996,4593,0.990,OK
mord-lilla-van,5280,5078,1.040,5057,0.996,RUNTIME-LIE
fury-at-furnace-creek-1948,5280,5269,1.002,5043,0.957,OK
los-tallos-amargos-1956,5400,5269,1.025,5552,1.054,SUBS-OVERRUN-HIDDEN
against-a-crooked-sky-1975,5340,5303,1.007,5289,0.998,OK
the.-hourglass.-sanatorium.-1973,7440,7410,1.004,7416,1.001,OK
dont-go-near-the-water_202511,6420,6422,1.000,6424,1.000,OK
kristin-kommenderar,5760,5549,1.038,5530,0.997,RUNTIME-LIE
the-satanic-rites-of-dracula-1973_202505,5280,5236,1.008,5208,0.995,OK
the-dark-past-1948-restored-movie-720p-hd,4440,5117,0.868,4433,0.866,RUNTIME-LIE
carve-her-name-with-pride-1958,7140,7165,0.996,6815,0.951,OK
the-witch-in-love-1966-wide-screen-version,6540,6308,1.037,6252,0.991,RUNTIME-LIE
the-last-time-isaw-paris-4-k,6960,6853,1.016,6936,1.012,SUBS-OVERRUN-HIDDEN
el-esqueleto-de-la-senora-morales-1960,5040,5044,0.999,5024,0.996,OK
thunderbolt-1947,2640,2678,0.986,2493,0.931,OK
killers-kiss-colorized-movie-720p-hd,4080,3876,1.053,3987,1.029,SUBS-OVERRUN-HIDDEN
the.-last.-valley.-1971,7680,7525,1.021,7494,0.996,RUNTIME-LIE
brain-wouldnt-die-4-k,4920,4954,0.993,4938,0.997,OK
the-city-of-the-dead-aka-horror-hotel-1960,4679,4679,1.000,4297,0.918,OK
caught-in-the-draft-1941_202508,4920,4897,1.005,4856,0.992,OK
here-come-the-co-eds-1945,5400,5397,1.001,5392,0.999,OK
abhimaan.-1973-pt-2,4074,4074,1.000,3672,0.901,OK
the-inside-story-1948,5220,4995,1.045,5200,1.041,SUBS-OVERRUN-HIDDEN
keep-em-flying-1941,5160,5165,0.999,5137,0.995,OK
neve-rossa,4920,4902,1.004,4885,0.997,OK
svtplay-KzVdryE,6060,5822,1.041,5807,0.997,RUNTIME-LIE
the-deadly-companions-1961_202310,5580,5617,0.993,5573,0.992,OK
doc-1971,5760,5724,1.006,5653,0.988,OK
mr.-x-in-bombay.-1964.1-cd.-by.-kamran-444,7560,7583,0.997,7571,0.998,OK
in-society-1944,4500,4422,1.018,4378,0.990,OK
i-padroni-della-citta-1976,5100,5507,0.926,5721,1.039,SUBS-OVERRUN-HIDDEN
TendernessToRoaringAnimal2,3965,3966,1.000,4347,1.096,SUBS-OVERRUN-HIDDEN
chacha-bhatija-1977,9660,9891,0.977,9918,1.003,RUNTIME-LIE
rog56_mail_620S,6120,6095,1.004,6118,1.004,OK
the-inugami-family-1976,8760,8773,0.999,8772,1.000,OK
TendernessToRoaringAnimal3,3780,3780,1.000,3757,0.994,OK
the-square-jungle-1955,5160,5180,0.996,5098,0.984,OK
bidaai-1974,8700,8702,1.000,8689,0.999,OK
spider.-baby.-or.-the.-maddest.-story.-ever.-told.-1967,5067,5067,1.000,5003,0.987,OK
svtplay-KMd6Lng,6360,6344,1.003,6308,0.994,OK
voyage-of-the-damned-1976,9300,9473,0.982,9269,0.978,OK
the-fall-of-the-house-of-usher-1928-colorized-movie-720p-hd,3835,3835,1.000,3609,0.941,OK
the-black-raven-1943,3660,3564,1.027,3633,1.019,SUBS-OVERRUN-HIDDEN
dick-tracy-1945_202504,3660,3663,0.999,3653,0.997,OK
giant-from-the-unknown-1958,4680,4654,1.006,4625,0.994,OK
lady-from-shanghai-colorized-movie-720p-hd,5220,5287,0.987,5231,0.989,OK
oss-svindlare-emellan,4320,4378,0.987,4337,0.991,OK
the-viking-1931,5400,4331,1.247,5368,1.239,SUBS-OVERRUN-HIDDEN
passport-to-china-1960-,4500,4498,1.000,4496,0.999,OK
the-horrible-dr.-hichcock-1962,5280,4581,1.153,5245,1.145,SUBS-OVERRUN-HIDDEN
circle-of-danger-colorized-movie-720p-hd,5160,4864,1.061,5187,1.066,SUBS-OVERRUN-HIDDEN
la-vida-alrededor-1959,6120,5581,1.097,5577,0.999,RUNTIME-LIE
joshila.-1973.-dv-drip.-xvi-d.-mp-3.by.-indian-hacker,8220,8184,1.004,8215,1.004,OK
prelude-to-war,3120,3135,0.995,3130,0.998,OK
tom-sawyer-1973_202511,6180,5912,1.045,5878,0.994,RUNTIME-LIE
jag-alskar-dig-karlsson,5160,5457,0.946,5452,0.999,RUNTIME-LIE
the-witchs-mirror.-1962,4500,4384,1.026,4520,1.031,SUBS-OVERRUN-HIDDEN
dr-jekyll-vs-the-werewolf-1972,5160,5293,0.975,4772,0.901,RUNTIME-LIE
hunchback-of-the-morgue-1973,4920,4924,0.999,4883,0.992,OK
follow-me-quietly-1949_202505,3600,3604,0.999,3570,0.991,OK
the-crooked-web-1955,4620,4623,0.999,4618,0.999,OK
zaat_20210603,5986,5987,1.000,6508,1.087,SUBS-OVERRUN-HIDDEN
my-name-is-julia-ross-1945_202506,3900,3903,0.999,3888,0.996,OK
film-min-max-2,5614,5614,1.000,6136,1.093,SUBS-OVERRUN-HIDDEN
a.-bullet.-for.-the.-general.-1967,7068,7068,1.000,7024,0.994,OK
svtplay-8qbqmRN,6000,6192,0.969,6438,1.040,SUBS-OVERRUN-HIDDEN
the.-desert.-of.-the.-tartars.-1976,8400,8383,1.002,8596,1.025,SUBS-OVERRUN-HIDDEN
angel-on-my-shoulder-1946,6000,6081,0.987,6067,0.998,OK
the-butcher-of-binbrook-1971,5193,5194,1.000,5190,0.999,OK
it-aint-hay-1943,4800,4829,0.994,4807,0.996,OK
doctor-bloods-coffin-1961,5520,5499,1.004,5317,0.967,OK
damn-the-defiant-1962,6060,6047,1.002,5977,0.988,OK
snowbeast-1977,5160,5247,0.983,5028,0.958,OK
satte.-pe.-satta-cd-2,4777,4778,1.000,4347,0.910,OK
1922SuzannaMabelNormandGeorgeNicholsWalterMcGrail,637,638,0.999,,,OK
dark-journey-colorized-movie-720p-hd,4620,4787,0.965,4677,0.977,RUNTIME-LIE
monsieur-beaucaire-1946,5580,5587,0.999,5566,0.996,OK
man-on-a-swing-1974,6600,5574,1.184,6436,1.155,SUBS-OVERRUN-HIDDEN
on-the-waterfront_202501,6461,6462,1.000,6434,0.996,OK
SearchForTomorrow19August1953,875,875,1.000,,,OK
Tales_Of_Tomorrow_-_Ahead_Of_His_Time,1387,1388,0.999,,,OK
TheChristmasCarolastoldbyVincentPrice,1500,1504,0.997,,,OK
parichay-1972,8700,8035,1.083,8206,1.021,SUBS-OVERRUN-HIDDEN
quick-sand-4-k,4929,4929,1.000,4693,0.952,OK
plane-dead-dvdrip,5340,5389,0.991,5533,1.027,SUBS-OVERRUN-HIDDEN
387-ottumwa-u.-s.-a.,1736,1737,1.000,6288,3.621,SUBS-OVERRUN-HIDDEN
do-kaliyan_202106,9600,9579,1.002,9519,0.994,OK
TheBettyWhiteShow-November29th1954,1737,1737,1.000,,,OK
terror-creatures-from-the-grave-1965_202309,5100,5570,0.916,5423,0.974,RUNTIME-LIE
mill-of-the-stone-women,5700,5800,0.983,5666,0.977,OK
time-limit-1957,5820,5802,1.003,5750,0.991,OK
dunyayi-kurtaran-adam_movie,5460,5441,1.004,5431,0.998,OK
svtplay-jqWAmbW,5880,5543,1.061,5535,0.998,RUNTIME-LIE
ord-i-rattan-tid,5674,5674,1.000,5654,0.997,OK
the-white-spider-1963-colorized-movie-720p-hd,6180,6226,0.993,6173,0.991,OK
teen-devian-1965,7380,7309,1.010,7291,0.998,OK
the-trap-1966,6360,6333,1.004,6291,0.993,OK
ajanabee-1974,8340,8320,1.002,8338,1.002,OK
armino-negro-1953,6240,6217,1.004,6176,0.993,OK
strange-lady-in-town,6720,6741,0.997,6722,0.997,OK
cottage-to-let-1941-restored-movie-720p-hd,5400,5159,1.047,5402,1.047,SUBS-OVERRUN-HIDDEN
single-handed-1953,4980,4955,1.005,4954,1.000,OK
the-millionairess-1960,5340,5207,1.026,5145,0.988,RUNTIME-LIE
the-glass-house-1972_202511,5400,5483,0.985,4871,0.888,OK
aventyret,8640,7962,1.085,7928,0.996,RUNTIME-LIE
repeat-performance-colorized-movie-720p-hd,5460,7114,0.767,5543,0.779,RUNTIME-LIE
hinc_movie,5626,5626,1.000,5242,0.932,OK
never-take-candy-from-a-stranger-1960-colorized-movie-576p-sd,4860,4874,0.997,4863,0.998,OK
1915WalterWrightAOneNightStandChesterConklinMaeBusch,782,782,0.999,,,OK
jagte-raho-1956,8220,8256,0.996,8264,1.001,OK
forsta-gangen-jag-sag-dig,7182,7183,1.000,7156,0.996,OK
the.-executioner.-1963,5471,5472,1.000,5431,0.993,OK
the-oval-portrait-1972,5160,5182,0.996,5107,0.986,OK
the-set-up-1949_202506,4355,4355,1.000,4323,0.993,OK
santa-claus-conquers-the-martians-4-k,4860,4852,1.002,4789,0.987,OK
sabotage-1936-colorized-movie-576p-sd,4628,4628,1.000,4574,0.988,OK
Hoppsan,5520,5365,1.029,5319,0.992,RUNTIME-LIE
kid-vengeance-1976,5400,5388,1.002,5402,1.003,OK
sawdust-and-tinsel-colorized-movie-720p-hd,5580,5575,1.001,5586,1.002,OK
il-grande-duello-1972,5400,5633,0.959,5486,0.974,RUNTIME-LIE
the-housemaid-1960-restored-movie-720p-hd,6420,7267,0.884,6632,0.913,RUNTIME-LIE
commandos-1968_202401,6720,6699,1.003,6290,0.939,OK
warrant-1975,8343,8344,1.000,8437,1.011,SUBS-OVERRUN-HIDDEN
the-black-tent-1956,5580,5563,1.003,5546,0.997,OK
1916TheHazardsOfHelenTheOpenTrack,829,829,1.000,,,OK
1969.-the-southern-star,6240,6365,0.980,6315,0.992,OK
guilty-bystander-1950-restored-movie-720p-hd_202510,5460,6144,0.889,5454,0.888,RUNTIME-LIE
king.and.-country.-1964,5100,5212,0.978,5143,0.987,RUNTIME-LIE
the-witches-mountain-1973,5160,4986,1.035,4782,0.959,RUNTIME-LIE
ufo-geheimnisse-des-3.-reichs,3482,3482,1.000,3757,1.079,SUBS-OVERRUN-HIDDEN
do.-chor.-1972.-dvdrip.-1.4-gb.-by.-deejam,8062,8062,1.000,8078,1.002,OK
m-1951-restored-movie-720p-hd,6600,5960,1.107,6561,1.101,SUBS-OVERRUN-HIDDEN
mot-okant-mal-film,5442,5443,1.000,5439,0.999,OK
cronica-de-un-nino-solo-1965,4605,4605,1.000,4532,0.984,OK
the-beast-of-yucca-flats-1961,3240,3228,1.004,3187,0.988,OK
diabolik_202509,6000,5973,1.004,5955,0.997,OK
she-beast-1966,4740,4550,1.042,4704,1.034,SUBS-OVERRUN-HIDDEN
Kasme.vaade.dvdrip.xvid,9232,9233,1.000,9041,0.979,OK
the.-price.of.-power.-1969,6720,6710,1.002,6372,0.950,OK
det-ljuva-livet,10440,10022,1.042,10012,0.999,RUNTIME-LIE
Skottet,5933,5934,1.000,5829,0.982,OK
svtplay-KzVvyLM,6120,5871,1.042,5847,0.996,RUNTIME-LIE
shockproof-1949-restored-movie-720p-hd,4740,5379,0.881,4763,0.886,RUNTIME-LIE
flykten-till-havanna,5082,5083,1.000,5075,0.998,OK
beckysharp-4k,5040,5044,0.999,5063,1.004,OK
the-outsider-1961,6480,6509,0.996,6419,0.986,OK
pushover-1954-restored-movie-720p-hd,5280,5847,0.903,5236,0.896,RUNTIME-LIE
711-ocean-drive-1950-restored-movie-720p-hd,6120,6716,0.911,6093,0.907,RUNTIME-LIE
gold-1974_202401,7200,7440,0.968,7298,0.981,RUNTIME-LIE
the-trojan-horse-1961,6300,6063,1.039,6060,1.000,RUNTIME-LIE
the-manster-1959-colorized-movie-720p-hd,4380,4465,0.981,4365,0.978,OK
the-whistler-1944-colorized-movie-576p-sd,3634,3634,1.000,5472,1.506,SUBS-OVERRUN-HIDDEN
the.-shop.-on.-main.-street.-1965,7521,7522,1.000,7281,0.968,OK
a-new-kind-of-love,6600,5925,1.114,6597,1.113,SUBS-OVERRUN-HIDDEN
super-incir_movie,5588,5589,1.000,5540,0.991,OK
letter-never-sent-1960,5820,5758,1.011,5755,0.999,OK
beyond.-the.-law.-1968,6540,6655,0.983,6580,0.989,OK
allaha-ismarladik-yavrum_movie,5961,5961,1.000,5972,1.002,OK
on-a-clear-day-you-can-see-forever-1970,7740,7767,0.997,7676,0.988,OK
sons-and-lovers-1960,6180,6167,1.002,6101,0.989,OK
raja-jani.-1972-old-is-gold-rrg-brego,8760,9143,0.958,8734,0.955,RUNTIME-LIE
svtplay-89JJ6o4,5160,4818,1.071,4811,0.999,RUNTIME-LIE
viimne-reliikvia-1969.ru.-720p,5195,5195,1.000,5126,0.987,OK
svtplay-KPv5PLo,5400,5186,1.041,5175,0.998,RUNTIME-LIE
judex-1963-colorized-movie-720p-hd,6240,5880,1.061,5853,0.995,RUNTIME-LIE
black-mail-1973,8760,8710,1.006,8710,1.000,OK
mr-mrs-55-1955,9420,8584,1.097,8720,1.016,SUBS-OVERRUN-HIDDEN
remember-the-day-1941,5160,5168,0.998,5167,1.000,OK
remedy-for-riches-1940,3600,3937,0.914,3906,0.992,RUNTIME-LIE
Tales_Of_Tomorrow_-_Verdict_From_Space,1593,1593,1.000,,,OK
TOT_Ghost_Writer,1669,1670,1.000,,,OK
TOT_The_Evil_Within,1800,1735,1.037,,,RUNTIME-LIE
war-of-the-dead-dvdrip,5160,5243,0.984,,,OK
twisters-revenge,5400,5342,1.011,5304,0.993,OK
showdown-at-area-51-dvdrip,5760,5110,1.127,5558,1.088,SUBS-OVERRUN-HIDDEN
hill-24-doesnt-answer,6060,6089,0.995,6088,1.000,OK
Tales_of_Tomorrow_16_Frankenstein,1436,1438,0.998,,,OK
the-texas-rangers-1951.-western,4440,4434,1.001,4428,0.999,OK
the-house-on-skull-mountain-1974,5340,,,5661.907,,PROBE-FAIL
die-letzte-chance-1945,6780,5630,1.204,6314,1.121,SUBS-OVERRUN-HIDDEN
jigri-dost-1969-phantom.-da-xdesibbrg.com,9120,9712,0.939,9117,0.939,RUNTIME-LIE
strange-impersonation-colorized-movie-720p-hd,4080,4115,0.991,4081,0.992,OK
prelude-to-war-1942,3180,3146,1.011,3125,0.993,OK
man-on-a-string-1960,5520,5554,0.994,5546,0.998,OK
tillcloudroll4k,8160,7762,1.051,8067,1.039,SUBS-OVERRUN-HIDDEN
kiss-of-death-1947-restored-movie-720p-hd,6060,5944,1.020,5937,0.999,OK
odds-against-tomorrow-1959-restored-movie-720p-hd,5760,6570,0.877,5676,0.864,RUNTIME-LIE
goodbye-again-1961_202506,6900,6911,0.998,6814,0.986,OK
human-desire-1954-restored-movie-720p-hd,5460,6224,0.877,5451,0.876,RUNTIME-LIE
stranger-in-between-hunted-1952-colorized-movie-720p-hd,4871,4871,1.000,4866,0.999,OK
mysterious-intruder-restored-colorized-1946-film-noir-imdb-score-6.3,3660,3752,0.976,3703,0.987,RUNTIME-LIE
the-brothers-o-toole-classic-western-film-full-length-movie-free-cowboy-movie-wild-west,5637,5638,1.000,6031,1.070,SUBS-OVERRUN-HIDDEN
king-of-the-zombies-1941-colorized-movie-576p-sd,4020,4033,0.997,3837,0.951,OK
the-grate-mans-wiskurs-1972,5733,5733,1.000,5362,0.935,OK
scandal-sheet-1952-restored-movie-720p-hd,4920,5381,0.914,4896,0.910,RUNTIME-LIE
seven-alone-1974,5820,5741,1.014,5809,1.012,SUBS-OVERRUN-HIDDEN
city-of-fear-1959-restored-movie-720p-hd,4860,5235,0.928,4473,0.854,RUNTIME-LIE
t-men-1947-restored-movie-720p-hd,5520,6166,0.895,5496,0.891,RUNTIME-LIE
it-started-with-eve,5400,5421,0.996,5390,0.994,OK
undertow-1949-colorized-movie-720p-hd,4325,4325,1.000,4212,0.974,OK
film-suddenly-seventeen,6402,6402,1.000,5916,0.924,OK
edge-of-fury-1957-colorized-movie-576p-sd,5100,4680,1.090,4685,1.001,RUNTIME-LIE
where-the-sidewalk-ends-1950-restored-movie-720p-hd,5700,6436,0.886,5667,0.880,RUNTIME-LIE
pickup-1951-restored-movie-720p-hd,4680,5289,0.885,4646,0.879,RUNTIME-LIE
satsujin-ken-2-1974,5280,4962,1.064,4709,0.949,RUNTIME-LIE
duello-nel-texas-1963,5820,5454,1.067,5599,1.027,SUBS-OVERRUN-HIDDEN
aile-serefi_movie,5581,,,5242.303,,PROBE-FAIL
the-strange-affair-of-uncle-harry-1945-restored-movie-720p-hd,4800,5515,0.870,4799,0.870,RUNTIME-LIE
abandoned-1949-restored-movie-720p-hd,6120,5397,1.134,5991,1.110,SUBS-OVERRUN-HIDDEN
dans-efter-noter,5015,5015,1.000,4996,0.996,OK
detective-1954,5100,4765,1.070,5452,1.144,SUBS-OVERRUN-HIDDEN
house-of-bamboo-1955-restored-movie-720p-hd,6120,6158,0.994,6065,0.985,OK
utopia-4-k,5580,4927,1.132,5451,1.106,SUBS-OVERRUN-HIDDEN
the-fatal-hour-1940_202505,4080,4048,1.008,4026,0.994,OK
baat-ek-raat-ki-1962-cd-1-dv-drip-dev-anand-classic-rd-y,4819,4819,1.000,8668,1.799,SUBS-OVERRUN-HIDDEN
the-war-lover-1962,6300,6339,0.994,6256,0.987,OK
el-gran-robo-1968-1080p,6600,6389,1.033,6826,1.068,SUBS-OVERRUN-HIDDEN
gyakushu-satsujin-ken-1974,4980,5004,0.995,5001,0.999,OK
cash-on-demand-1962-restored-movie-720p-hd,4800,5603,0.857,4750,0.848,RUNTIME-LIE
the-blue-gardenia-1953-restored-movie-720p-hd,5340,5520,0.967,5279,0.956,RUNTIME-LIE
hum-kisi-se-kum-nahi-1977-1-cd-dvd-rip-avi-af-kunal,6598,6598,1.000,10128,1.535,SUBS-OVERRUN-HIDDEN
istasyon_movie,5172,5173,1.000,4821,0.932,OK
chi-sei-1974,6480,6466,1.002,6357,0.983,OK
experiment-in-terror-1962-restored-movie-720p-hd,7380,7956,0.928,7272,0.914,RUNTIME-LIE
a-bullet-is-waiting-1954-720p-film-noir-1,4860,4917,0.988,4878,0.992,OK
johnny-oclock-1947-restored-movie-720p-hd,5700,6408,0.889,5742,0.896,RUNTIME-LIE
esposa-ultimo-modelo-1950,5160,4890,1.055,4875,0.997,RUNTIME-LIE
pickup-on-south-street-1953-restored-movie-720p-hd,4800,5695,0.843,4817,0.846,RUNTIME-LIE
gamera-tai-uchu-kaiju-bairasu-1968,5392,5393,1.000,4871,0.903,OK
invisible-stripes-1939,4860,4882,0.996,4839,0.991,OK
BettyWhiteShow,1736,1736,1.000,,,OK
karla-xvid-vlc,5940,5854,1.015,5913,1.010,SUBS-OVERRUN-HIDDEN
CaptainMidnight1955,1739,1739,1.000,,,OK
chanceOfALifetime1956,1768,1770,0.999,,,OK
guilty-of-treason-full-movie-charles-bickford-bonita-granville-paul-kelly-richard-derr,5183,5183,1.000,5018,0.968,OK
national.geographic.vanished.from.alcatraz.720p.hdtv,2700,2744,0.984,2595,0.946,OK
the-beast-of-yucca-flats-1961-horror-sci-fi,3246,3247,1.000,3187,0.982,OK
MissTelevision1950Contest,3265,3266,1.000,,,OK
ek-phool-char-kaante-1960-phantom.-da-xdesibbrg.com,8160,,,7689.958,,PROBE-FAIL
insaniyat_202105,10140,10126,1.001,10180,1.005,OK
the-prowler-1951-restored-movie-720p-hd,5580,6113,0.913,5506,0.901,RUNTIME-LIE
against-all-flags_202507,4860,5014,0.969,4995,0.996,RUNTIME-LIE
the-lineup-1958-restored-movie-720p-hd,5220,5876,0.888,5188,0.883,RUNTIME-LIE
drive-a-crooked-road-1954-restored-movie-720p-hd,4980,5600,0.889,4924,0.879,RUNTIME-LIE
the-sleeping-tiger-1954-colorized-movie-720p-hd_202510,5340,5330,1.002,5291,0.993,OK
patronice-2_movie,4820,4820,1.000,4486,0.931,OK
pyar.-ki.-kahani.-1971,9000,9427,0.955,9032,0.958,RUNTIME-LIE
la-collina-degli-stivali-1969,5220,5520,0.946,5535,1.003,RUNTIME-LIE
pocket-maar-1974-1.3-dvdrip-xvid-untouched-ac-3-e-subs-team-udr,8160,8171,0.999,8149,0.997,OK
schoolHouse1949,1566,1566,1.000,,,OK
emperor-jonas-4-k,4380,4377,1.001,4535,1.036,SUBS-OVERRUN-HIDDEN
Dragnet_A_Gun_For_Christmas,1579,1579,1.000,,,OK
kusatma-2-sok_movie,4655,4656,1.000,4486,0.963,OK
gulsah-kucuk-anne_movie,5152,5152,1.000,5242,1.017,SUBS-OVERRUN-HIDDEN
TOT_Another_Chance,1691,1692,1.000,,,OK
Price_Is-Right_1957,1771,1771,1.000,,,OK
stars-of-eger-1968.hu,8700,8787,0.990,8627,0.982,OK
badhti-ka-naam-dadhi-dbbians,7870,7870,1.000,8244,1.047,SUBS-OVERRUN-HIDDEN
hamza-dalsin-osman-calsin_movie,4865,4866,1.000,4821,0.991,OK
onna-hissatsu-ken-1974,5160,4839,1.066,4943,1.021,SUBS-OVERRUN-HIDDEN
bloodonthesun-4-k,5640,5617,1.004,,,OK
PoletikEpisode18,1751,1751,1.000,1683,0.961,OK
the-naked-street-1955-restored-movie-720p-hd,5040,5545,0.909,4844,0.874,RUNTIME-LIE
this-side-of-the-law-1950-restored-movie-720p-hd,4440,5060,0.878,4443,0.878,RUNTIME-LIE
0806_043845_SBTVD_Bad_Boys_1__1995__SUB_INDO_2024,6517,6517,1.000,6903,1.059,SUBS-OVERRUN-HIDDEN
woman-on-the-run-1950-colorized-movie-720p-hd,4620,4629,0.998,4650,1.005,OK
Tales_Of_Tomorrow_-_The_Search_For_The_Flying_Saucer,1626,1626,1.000,,,OK
cause-for-alarm-1951-restored-movie-720p-hd_202510,4440,5120,0.867,4452,0.870,RUNTIME-LIE
gonullerin-fatihi-yunus-emre_movie,9724,9725,1.000,9318,0.958,OK
bad-for-each-other-1953-restored-movie-720p-hd,4980,5550,0.897,4902,0.883,RUNTIME-LIE
i-wake-up-screaming-1941-restored-movie-720p-hd,4920,5617,0.876,4891,0.871,RUNTIME-LIE
cast-a-dark-shadow-1955-restored-movie-720p-hd_202510,4980,5601,0.889,4930,0.880,RUNTIME-LIE
joshua-1976_202504,4980,4958,1.004,4900,0.988,OK
Bonanza_pd,2889,2889,1.000,,,OK
shuang-xia-1971,5640,5636,1.001,4865,0.863,OK
bhai-bhai-1956-2,4720,4721,1.000,9845,2.086,SUBS-OVERRUN-HIDDEN
TLS_Little_Old_Lady,1527,1527,1.000,,,OK
hamndens-dal,4943,4943,1.000,4935,0.998,OK
el-rey-de-londres-1966,5100,4205,1.213,5376,1.279,SUBS-OVERRUN-HIDDEN
tales_of_tomorrow_15_the_dune_roller,1379,1380,0.999,,,OK
Black_Brigade.avi,4200,4212,0.997,4164,0.989,OK
monty-pythons-flying-circus-ntsc-dvd-set,1979,1980,1.000,1872,0.946,OK
sadaa-suhagan-pt-2,4672,4672,1.000,4347,0.930,OK
Lucy_Desi,1757,1757,1.000,,,OK
are-you-being-served-season1,1787,1788,1.000,1696,0.949,OK
FrankSinatra1951,2643,2643,1.000,,,OK
v-5_20251128,6180,6162,1.003,5933,0.963,OK
SteveAllen1December1957,3566,3566,1.000,,,OK
jesus-film-portuguese-brazil-language,7673,7674,1.000,8034,1.047,SUBS-OVERRUN-HIDDEN
949479344831,5100,5117,0.997,5104,0.997,OK
tapasya-1976-classic-gold-rrg-bregodesibbrg.com.avi,7980,8366,0.954,7969,0.953,RUNTIME-LIE
TheAdventuresOfJimBowieTheSquatter,1516,1516,1.000,,,OK
moreyamsterdamshow,1800,1499,1.201,,,RUNTIME-LIE
Fatal_Glass_of_Beer_1933,1112,1112,1.000,1092,0.982,OK
RandolphChurchill_DesiArnaz_KimNovak,1750,1750,1.000,,,OK
Lets_Join_Joanie,1920,1923,0.998,,,OK
theLawrenceWelkShow-Pilot,1713,1713,1.000,,,OK
Andy-Griffith-Show_Andy-Discovers-America,1530,1531,1.000,,,OK
Colonel_March_Silver_Curtain,1557,1557,1.000,,,OK
desert-son-dvdrip-xvid,5640,5592,1.009,,,OK
The_Woman_Hunter.avi,4440,4164,1.066,4186,1.005,RUNTIME-LIE
MUSHROOMHOUSE.CARTOONWithEnglishSubtitles,607,608,0.998,602,0.990,OK
OSB-56_Gypsy,1491,1492,1.000,,,OK
TheRoyRogersShow-OutlawsGirl,1548,1548,1.000,1501,0.970,OK
rustlers-rhapsody,5280,5316,0.993,5096,0.959,OK
bionic-woman-black-magic,2633,2634,1.000,,,OK
batman31,1515,1516,1.000,,,OK
The64000Question-dateToBeAdded,1766,1766,1.000,,,OK
the-hawk-is-dying-dvdrip,6720,6369,1.055,7267,1.141,SUBS-OVERRUN-HIDDEN
Eve_Arden_3,1684,1684,1.000,,,OK
shareef-budmaash-1973,7730,7731,1.000,8451,1.093,SUBS-OVERRUN-HIDDEN
Sea_Hunt_Mark_of_the_Octopus,1566,1566,1.000,,,OK
Lucy_Show_Main_Street,1517,1518,1.000,,,OK
theFrankSinatraShow-23May1958,1758,1758,1.000,,,OK
IAmAFool,1500,1496,1.003,,,OK
Secret_2222222222222,1716,1717,0.999,,,OK
SpacePatrolEpisode2TheWanderingAsteroid,1491,1491,1.000,,,OK
frank_sinatra_show_welcome_home_elvis,3544,3523,1.006,,,OK
Andy_Griffith_Rivals,1426,1427,1.000,,,OK
captainMidnight-FrozenMen1955,1710,1710,1.000,,,OK
FilmingOtheloByOrsonWelles,5040,5001,1.008,4994,0.999,OK
jimbowie,1514,1515,1.000,,,OK
Dustys_Trail_2,1420,1420,1.000,,,OK
lassie-treehouse,1545,1545,1.000,,,OK
the-real-adventures-of-jonny-quest-the-complete-series_202304,1325,1325,1.000,1265,0.955,OK
ArmstrongCircleTheatre-TheBellsOfCockaigne1953,1413,1414,0.999,,,OK
Captain-Gallant_S1E36_The-Boy-Who-Found-Christmas,1744,1744,1.000,,,OK
Gene-Autry_Double-Barreled-Vengenance_3D,1596,1596,1.000,,,OK
lassie-thetrial,1569,1569,1.000,,,OK
ringmaster_201407,3480,3480,1.000,,,OK
TheFredWaringShow-8October1949,3559,3559,1.000,,,OK
The_Match_Game_Pilot,1279,1280,0.999,,,OK
VAS_15_D-DAY,1586,1587,1.000,,,OK
jackbenny-jackgetsrobbed,1763,1763,1.000,,,OK
thePriceIsRight-19july1957,1773,1773,1.000,,,OK
OSB-04_The_Dark_Room,1492,1493,1.000,,,OK
theEdgeOfNight-October161958,1203,1203,1.000,,,OK
RobinHood_Blackmail_3D,1489,1488,1.000,,,OK
Dennis_OKeefe_Counterfeiters,1501,1502,1.000,,,OK
Dial999FiftyThousandHands,1507,1508,0.999,,,OK
Bettty_Hutton_Show,1541,1542,1.000,,,OK
asTheWorldTurns-April101957,1673,1673,1.000,,,OK
FollowThatMan-RalphBellamy-4-26-AFamilyAffair,1511,1511,1.000,,,OK
WagonTrain-AliasBillHawks_806,2997,2997,1.000,,,OK
Captain_Video_3_Uploaded_By_Yugi_Moto,1697,1698,1.000,,,OK
RacketSquad-CheckAndDoubleCheck1952,1742,1742,1.000,,,OK
BuffaloBillJr-Firstposse1955,1558,1559,1.000,,,OK
PrivateSecretary-LittleCaesarofBleekerStreet1956,1564,1564,1.000,,,OK
cardcaptor-sakura-la-pelicula-spa-sub-vhs-rip,4860,4615,1.053,4870,1.055,SUBS-OVERRUN-HIDDEN
TheTimeOfApollo,1711,1712,1.000,,,OK
dead-of-night-1972,2997,2998,1.000,5227,1.744,SUBS-OVERRUN-HIDDEN
life_of_riley_-_4x19_-_babs_wedding,1308,1308,1.000,,,OK
WhatsMyLine9September1956,1756,1756,1.000,,,OK
SkyKing-BulletBait,1504,1504,1.000,,,OK
twentyOne-8july1957,1726,1726,1.000,,,OK
theMarthaRayeShow-23January1954,3138,3138,1.000,,,OK
Robin_Hood_26_The_Miser,1480,1481,1.000,,,OK
martinKanePrivateEyeBlackPearls,1580,1580,1.000,,,OK
generalElectricTheater-WinnerByDecision,1541,1541,1.000,,,OK
RoyRogersShow-LandSwindle,1544,1545,1.000,,,OK
ILedThreeLivesArmyInfiltration,1566,1566,1.000,,,OK
Code3Case22061956,1762,1762,1.000,,,OK
Beverly_Hillbillies_Ep25_The_Family_Tree,1490,1491,1.000,,,OK
Beverly_Hillbillies_Ep14_No_Place_Like_Home,1507,1508,0.999,,,OK
Dennis_OKeefe,1523,1523,1.000,,,OK
CowboyG-Men-1952,1573,1574,0.999,,,OK
TheAnswer,1590,1590,1.000,,,OK
My_Little_Margie_3x14_Whats_Cooking,1575,1576,1.000,,,OK
OSB-49_The_Clown,1532,1532,1.000,,,OK
Eve_Arden_Sale,1662,1663,1.000,,,OK
Robin_Hood_22_Richard_The_Lion-Heart,1473,1474,0.999,,,OK
NoHidingPlaceTheWidower,2581,2582,1.000,,,OK
FMM_The_Shooting_Gallery,1533,1534,1.000,,,OK
Robin_Hood_39_The_Prisioner,1487,1488,0.999,,,OK
WinningYourWings,1080,1053,1.025,1072,1.018,SUBS-OVERRUN-HIDDEN
AnnieOakleySanta,1575,1576,1.000,,,OK
ErrolFlynn--Sealed_Room,1534,1534,1.000,,,OK
thePriceIsRight-5July1957,1769,1769,1.000,,,OK
BettyHuttonShow-GoldieGoesBroke,1765,1766,0.999,,,OK
Bearcats-Series-1971,5600,5600,1.000,5161,0.922,OK
TheJohnsHopkinsScienceReview-AVisitToOurStudio1952,1717,1717,1.000,,,OK
Robin_Hood_32_Secret_Mission,1571,1571,1.000,,,OK
Bat_Masterson_-_Stampede_At_Tent_City,1559,1560,1.000,,,OK
OSB-55_The_Visitor,1353,1354,0.999,,,OK
HallmarkHallOfFameTheLark,5273,5273,1.000,5276,1.001,OK
Love_That_Bob_Ep4x36_Bobs_Forgotten_Fiancee,1527,1527,1.000,,,OK
OSB-26_Doomsday,1532,1532,1.000,,,OK
Betty_Mutton,1520,1520,1.000,,,OK
OSB-37_The_Hand,1489,1490,0.999,,,OK
My_Little_Margie--Friend_for_Roberta,1536,1536,1.000,,,OK
Dear_Phoebe--The_Christmas_Show,1624,1625,1.000,,,OK
Robin_Hood_17_The_Brothers,1484,1485,0.999,,,OK
Robin_Hood_29_The_May_Queen,1489,1489,1.000,,,OK
64riggedquestion,1759,1759,1.000,,,OK
the-secrets-of-isis-television-show,1304,1304,1.000,,,OK
Super_Circus_Unknown_Date,1770,1770,1.000,,,OK
MichaelShayneMurderInWonderland,3087,3087,1.000,,,OK
OSB-33_Dead_Ringer,1490,1490,1.000,,,OK
VAS_08_Mare_Nostrum,1586,1587,1.000,,,OK
ArmstrongCircleTheatre-TheContender,1537,1537,1.000,,,OK
GeneAutryDoubleSwitch08271950,1770,1770,1.000,,,OK
Robert_Montgomery--Sunset_Boulevard,3111,3112,1.000,,,OK
my-living-doll_20210629_0924,1528,1529,1.000,,,OK
Robin_Hood_30_The_Wanderer,1490,1491,1.000,,,OK
gidgettvseries,1539,1539,1.000,,,OK
the-ghost-busters-1975-live-action-episode-04-whos-afraid-of-the-big-bad-wolf-360p,1332,1333,1.000,,,OK
Apollo17OnTheShouldersOfGiants,1709,1709,1.000,,,OK
TheBingCrosbyShow,3541,3541,1.000,,,OK
KraftMusicHall14December1960,3571,3571,1.000,,,OK
DingDongSchoolMisc2,1543,1544,0.999,,,OK
HowdyDoody24September1960,3539,3537,1.001,,,OK
secrets-of-isis-ep4-sound-of-silence.mpg,1241,1241,1.000,,,OK
TheSuicideClub1960withAds,3550,3551,1.000,,,OK
ComedyPlayhouse4Jan1962,1799,1799,1.000,,,OK
Beat_The_Clock_2,1758,1759,0.999,,,OK
captainVideoAndHisVideoRangers-MiscEp4,1721,1721,1.000,,,OK
Follow_That_Man_EP4x23_The_Iceman,1559,1559,1.000,,,OK
DiagnosisUnknownTheCaseOfTheRadiantWine,3111,3111,1.000,,,OK
TheAdventuresOfOzzieHarriet-TheProwler1965,1718,1718,1.000,,,OK
Robin_Hood_33_The_Inquisitor,1526,1527,1.000,,,OK
OSB-25_Brainwave,1551,1552,0.999,,,OK
OSB-23_Delusion,1496,1497,0.999,,,OK
OZZIE_AND_HARRIET_ep_The_Initiation,1765,1765,1.000,,,OK
Nixon-KhrushchevMoscowDebatejuly251959,873,873,1.000,,,OK
JacksBoatTripToHawaii,1541,1541,1.000,,,OK
OSB-76_The_Executioner,1493,1494,0.999,,,OK
FrankSinatraShowJackBenny11131951,3021,3022,1.000,,,OK
GGXX_Tom_Sawyer,1560,1560,1.000,,,OK
quark-may-the-source-be-with-you,2798,2799,1.000,,,OK
PrivateSecretaryHerBestEnemy,1566,1567,1.000,,,OK
BatMasterson-TheFighter,1559,1560,0.999,,,OK
UnitedStatesMarshalR.i.p,1546,1546,1.000,,,OK
musikladen-beat-club-studio-emmylou-harris-the-hot-band-march-26-1977,2433,2433,1.000,,,OK
TheJohnsHopkinsScienceReview-TheMasterGlassBlower1951,1719,1719,1.000,,,OK
Happy-WeddingAnniversaryjune81960,1747,1747,1.000,,,OK
TheAdventuresOzzieAndHarrietKrisAndTheQueen1965,1728,1728,1.000,,,OK
MichaelShayneMurderAndTheWantonBride,3070,3070,1.000,,,OK
bearcats-the-complete-series-1971,5599,5600,1.000,5161,0.922,OK
thelostsaucer2,1421,1422,0.999,,,OK
MoreyAmsterdamShow1950,1767,1767,1.000,,,OK
Kraft_Television--Keep_Our_Honor_Bright,3161,3162,1.000,,,OK
OSB-44_The_Lovers,1503,1504,0.999,,,OK
persontoperson-dagmar,744,744,1.000,,,OK
life_of_riley_-_5x08_-_juvenile_delinquent,1337,1337,1.000,,,OK
theJimBackusShow-OldArmyGame,1554,1554,1.000,,,OK
ShowerOfStars-LendAnEaroctober281954,3556,3556,1.000,,,OK
Lights_Out--Rappaccinis_Daughter,1339,1339,1.000,,,OK
krofft-supershow-ep-8,2927,2928,1.000,,,OK
life_of_riley_-_5x27_-_babs_dream_house,1568,1569,1.000,,,OK
DateWithTheAngels-StarStruckEp207,1751,1751,1.000,,,OK
theJimBackusShow-TheWomansTouch,1554,1554,1.000,,,OK
funnyyoushouldask,1724,1724,1.000,,,OK
Super_Circus_6,1764,1796,0.982,,,OK
Johnny_Midnight--The_Single,1531,1532,1.000,,,OK
Davids_Engagement--Ozzie-Harriet,1255,1255,1.000,,,OK
Dennis3,1552,1552,1.000,,,OK
Mr_and_Mrs_North_1-29_Breakout,1563,1563,1.000,,,OK
theBettyHuttonShow-RoyRunsAway,1517,1517,1.000,,,OK
life_of_riley_-_2x18_-_juniors_couble_date,1356,1357,0.999,,,OK
Trust_2_Public_Domain_Uploaded_By_Yugi_Moto,1557,1557,1.000,,,OK
U.s.MarshalTheDiner,1533,1533,1.000,,,OK
blinddate,1777,1778,1.000,,,OK
kroftsupershow77,2774,2774,1.000,,,OK
Alices_Wedding_Gown--Telephone_Time,1580,1581,1.000,,,OK
KraftMusicHall2November1960,3337,3337,1.000,,,OK
NewLorettaYoung--Hey_Rube,1396,1396,1.000,,,OK
LifeSWorkJobsS1E9,1339,1339,1.000,,,OK
thelostsaucer1,1420,1421,1.000,,,OK
life_of_riley_-_3x01_-_juniors_secret,1342,1342,1.000,,,OK
ThreeMusketeers3,1068,1069,0.999,6371,5.961,SUBS-OVERRUN-HIDDEN
swingingatsummit,3448,3449,1.000,,,OK
sIvanBes1938_4,853,854,0.999,,,OK
sIvanBes1938_3,1211,1212,0.999,,,OK
NewLorettaYoung--A_Little_Peace_and_Quiet,1351,1351,1.000,,,OK
StoryOfStuff,1320,1280,1.031,1231,0.962,RUNTIME-LIE
TheGeorgeGobelShow,1649,1649,1.000,,,OK
RangeRiderOutlawPistols,1487,1488,0.999,,,OK
sIvanBes1938_9,966,967,0.999,,,OK
TheKateSmithEveningHourFragment,1648,1648,1.000,,,OK
Despotis1946,660,597,1.106,,,RUNTIME-LIE
MiracleRider1,2577,2577,1.000,2579,1.001,OK
classic-doctor-who-s01-26-1963,1475,1475,1.000,1410,0.956,OK
ekstase-1933,5336,5337,1.000,5328,0.998,OK
boys_beware,612,612,0.999,,,OK
mowglisbrothers_201706,1530,1531,1.000,1403,0.916,OK
nasa_eclips_101909,1472,1472,1.000,1460,0.992,OK
gov.ntis.ava15996vnb1,1721,1721,1.000,1708,0.992,OK
growingupfemale_201505,1572,1572,1.000,,,OK
the-space-shuttle-narrated-by-william-shatner-SvaG0xDdP8g,4843,4843,1.000,5286,1.091,SUBS-OVERRUN-HIDDEN
StormOverAsiasilentSoviet,7532,7533,1.000,7518,0.998,OK
gov.archives.arc.5832,1937,1938,1.000,1947,1.005,OK
WhatHappenedPaulRevere,1577,1577,1.000,1378,0.874,OK
shree-420-1955-raj-kapoor,9831,9832,1.000,10194,1.037,SUBS-OVERRUN-HIDDEN
gov.archives.arc.650763,1540,1540,1.000,,,OK
gov.archives.arc.642010,1655,1655,1.000,,,OK
1930Einbrecher,5572,5572,1.000,5554,0.997,OK
jsc2021m000138_4k_earth_views_extended_cut_for_earth_day_-2021,3154,3155,1.000,30,0.010,OK
all.-quiet.on.the.-western.-front.-1930.720p.-br-rip.-en-sub.x-264-mulvacoded,8005,8005,1.000,7858,0.982,OK
1944-06-06_Eve_of_Battle,1168,1169,0.999,,,OK
1930FitchburgHighSchoolVs.LeominsterHighSchoolThanksgivingDayFootballGame,853,853,1.000,,,OK
der-blaue-engel-1930-original-ger-version-bdrip-720p-high-code-phd,6433,6433,1.000,6430,1.000,OK
Darth-Seder-3os-0ldies,5969,5969,1.000,5514,0.924,OK
gov.archives.arc.36106,2174,2174,1.000,1961,0.902,OK
ladyhamilton1921,4817,4817,1.000,4817,1.000,OK
0986_Looking_Back_Through_the_Ages_01_00_46_11,1516,1517,1.000,1398,0.922,OK
1944-12-27_Yanks_Clear_Greenland_of_Nazis,616,616,0.999,,,OK
NASA_360_14_HD,1472,1472,1.000,1455,0.989,OK
1930-i-flunked-but...,3890,3891,1.000,3889,0.999,OK
SpaceToGround,1240,,,116.406,,PROBE-FAIL
gov.archives.arc.37624,1197,1198,0.999,1315,1.098,SUBS-OVERRUN-HIDDEN
NASA-Ultra-High-Definition,3593,3593,1.000,30,0.008,OK
NASA_360_13_HD,1472,1472,1.000,1453,0.987,OK
NASA_360_15_HD,1471,1471,1.000,1436,0.976,OK
NASA_360_17_HD,1471,1472,1.000,1467,0.997,OK
ogin-sama-1962-kinuyo.-tanaka,6085,6086,1.000,6076,0.998,OK
Expedition48ResourceReel,8004,8005,1.000,6358,0.794,OK
1930_20230913,3879,3880,1.000,5359,1.381,SUBS-OVERRUN-HIDDEN
CC517_commodore_64,1711,1712,1.000,,,OK
JackieChanMartialArtsMayhem,7213,7213,1.000,5939,0.823,OK
GaryKild,1681,1681,1.000,,,OK
Expedition50ResourceReel01,13428,13428,1.000,96,0.007,OK
CC605_apple_ii_forever,1719,1719,1.000,,,OK
Expedition49ResourceReel,7175,7175,1.000,6562,0.914,OK
CC707_desktop_presentation_graphics_2,1733,1734,1.000,,,OK
cdroms,1735,1735,1.000,,,OK
CC1238_interactive_music,1607,1608,1.000,,,OK
CC524_add-on_boards,1685,1686,0.999,,,OK
Windows9_2,1583,1583,1.000,,,OK
CC707_desktop_presentation_graphics_1,1715,1716,1.000,,,OK
3DGraphi,1653,1653,1.000,,,OK
CC704_new_laptops,1719,1719,1.000,,,OK
CC501_hypercard,1611,1611,1.000,,,OK
CC1851ULTIMATE,1666,1666,1.000,,,OK
CC126_supercomputers,1436,1437,1.000,,,OK
CyberDat,1623,1624,1.000,,,OK
JAVATool,1755,1755,1.000,,,OK
CC518_multitasking,1655,1655,1.000,,,OK
CyberMus,1713,1714,0.999,,,OK
CC1218_greatest_games,1606,1607,1.000,,,OK
CC1930HEALTH,1668,1668,1.000,,,OK
CC1416_internet_tv,1623,1623,1.000,,,OK
CyberCaf,1554,1554,1.000,,,OK
CDRom,1533,1533,1.000,,,OK
Electron10.2,1561,1562,1.000,,,OK
CC1205_computer_art,1607,1608,1.000,,,OK
CyberSec,1790,1791,1.000,,,OK
CC214_portable_computers,1749,1750,1.000,,,OK
ScreenSa,1557,1558,1.000,,,OK
Computer_7,1609,1609,1.000,,,OK
CC706_megahertz_mania,1702,1703,1.000,,,OK
DOS62,1530,1530,1.000,,,OK
CC1412_digital_photography,1661,1662,1.000,,,OK
WindowsE,1608,1608,1.000,,,OK
Wireless_2,1716,1717,0.999,,,OK
cdroms_2,1744,1745,1.000,,,OK
WebSiteC,1625,1626,0.999,,,OK
CC711_dos_mac,1724,,,,,PROBE-FAIL
Computer_8,1659,1660,1.000,,,OK
BuyingaN,1534,,,,,PROBE-FAIL
BuyOrUpg,1601,1601,1.000,,,OK
CC506_buyers_guide,1596,1596,1.000,,,OK
Computer2001_3,1567,1567,1.000,,,OK
Software_3,1533,1534,1.000,,,OK
CC715_optical_storage,1731,1732,1.000,,,OK
CarsComp,1615,1616,1.000,,,OK
CC1940SING3,1730,1730,1.000,,,OK
SlotsLoc,1539,1539,1.000,,,OK
VirtualM,1555,1555,1.000,,,OK
CC523_laptop_peripherals,1649,1649,1.000,,,OK
DigtalPh,1592,1593,1.000,,,OK
Expedition47ResourceReel,10817,10817,1.000,3325,0.307,OK
Electron,1550,1550,1.000,,,OK
Creating_2,1635,1636,1.000,,,OK
SportsSi,1616,1616,1.000,,,OK
BankingF,1574,,,,,PROBE-FAIL
CC713_lans,1659,1659,1.000,,,OK
4169-1-TheGiftofMusicwithRoseKnightBand,1737,1737,1.000,,,OK
CC521_input_devices,1663,1663,1.000,,,OK
the-last-man-on-earth_202511,5190,5190,1.000,5187,0.999,OK
CC1430_computer_art,1692,1693,1.000,,,OK
ptp_la-souriante-madame-_germaine-dulac_avi_xvid_640x460_4999,2292,2293,1.000,2275,0.992,OK
fascination.-1979.1080p.-blu-ray.x-,4893,4893,1.000,4851,0.991,OK
two-faces-of-love.-1972,6204,6205,1.000,6023,0.971,OK
torment.-1944.1080p.-blu-ray.x-264.-aac-yts.-mx,6064,6065,1.000,6001,0.990,OK
Double_Fine_Adventure_The_Series,3602,3603,1.000,1194,0.331,OK
mmcmor-Yamhill_County_Historical_Society_-_Secrets_of_the_Past_-_Tales_of_the_Flying_M_and_Trask_,4232,4232,1.000,4234,1.000,OK
M.A.S.K.S01E65RaidersOfTheOrientExpressLastEpisodeOfSeason1_20190624,1328,1330,0.999,1420,1.068,SUBS-OVERRUN-HIDDEN
just-around-the-corner-comparison-shopping,942,942,1.000,,,OK
two.-mothers.-2013.-dvdrip.x-264-red-blade,4334,4334,1.000,4282,0.988,OK
sybil-2007,5130,5130,1.000,5059,0.986,OK
downhomeintexas,7667,7668,1.000,7669,1.000,OK
vintage-vhs-disney-princess-collection-jasmines-enchanted-tales-the-greatest-treasure,3075,3075,1.000,3028,0.985,OK
vintage-vhs-americas-historic-trails-the-great-wagon-road-the-wilderness-trail,3236,3237,1.000,3192,0.986,OK
Long_Trail--Schlitz,1553,1554,0.999,,,OK
be-silent-my-sorrow-be-silent-molchi-grust-molchi-1918,3713,3714,1.000,3695,0.995,OK
cornv-Did_you_know_United_Way_first_had_something_to_do_with_red_feathers_Find_out_why.,826,826,1.000,827,1.002,OK
ingeborg-holm-sons-of-ingmar-1913-victor-sjostrom,4397,4398,1.000,4379,0.996,OK
werewolf.-woman.-1976,5848,5849,1.000,5749,0.983,OK
the.-woman.-next.-door.-1981.1080p.-blu-ray.x-264.-aac,6315,6316,1.000,6227,0.986,OK
from.-the.-life.-of.-the.-marionettes.-1980.1080p.-blu-ray,6269,6269,1.000,6155,0.982,OK
lavventuriera-del-piano-di-sopra-1941-eng-sub,4899,4899,1.000,4674,0.954,OK
1936-entre-duas-bandeiras-under-two-flags-2,5611,5611,1.000,5579,0.994,OK
you-cant-be-neutral-on-a-moving-train,4648,4649,1.000,4644,0.999,OK
scm-45558-outofthesilence,3504,3505,1.000,,,OK
the.-count.-of.-monte.-cristo.-1934.1080p.-blu-ray.x-264-yts.-am,6777,6778,1.000,6775,1.000,OK
vengeance.-is.-mine.-1979.1080p.-blu-ray.x-264.-aac-yts.-mx,8445,8446,1.000,8302,0.983,OK
1911-a-victim-of-the-mormons,3087,3087,1.000,3054,0.989,OK
scm-42286-dancewiththerhythmofexistence,1680,1680,1.000,,,OK
scm-42290-revolutionofunderstanding,1680,1680,1.000,,,OK
dom-24151-maliceinthepalace,945,945,1.000,,,OK
jsc2023m000111_Earth_in_4K_Space_Station_Expedition_67_68_Edition,3150,3151,1.000,30,0.010,OK
scm-22554-wordsofpeace-peaceisalreadythe,1680,1680,1.000,,,OK
the-big-boss-english-export-version-red-menace-reconstruction,6096,6097,1.000,6004,0.985,OK
GoodAgainstEvil,5037,5037,1.000,5060,1.005,OK
Christmas_201303,1767,1768,1.000,1742,0.985,OK
911-Chronology-Source,7424,7425,1.000,7165,0.965,OK
electroniclabyrinth,917,917,1.000,,,OK
1975NBC,2138,2139,1.000,,,OK
twas-the-night-before-christmas-1974-full-movie-freedownloadvideo.net,1448,1449,0.999,1394,0.962,OK
thelorax_201602,1458,1458,1.000,1441,0.988,OK
lucyshow,1491,1492,1.000,,,OK
dick_van_dyke_show_39_the_night_the_roof_fell_in,1520,1521,0.999,,,OK
OneGotFa1963,887,887,0.999,,,OK
jack_benny_03_04_62,1395,1396,0.999,,,OK
4050_Destination_Earth_01_47_33_28,819,820,0.999,815,0.994,OK
dick_van_dyke_show_34_bank_book_6565696,1531,1532,0.999,,,OK
the_conceited_general,1417,1418,0.999,1417,0.999,OK
JackBennyHour1965,3484,3484,1.000,,,OK
dick_van_dyke_show_31_never_name_a_duck,1500,1500,1.000,,,OK
Pinky_Lee_Show,1684,1684,1.000,,,OK
OSB-02_Night_Of_April_14th,1558,1559,1.000,,,OK
TOT_The_Great_Silence,1702,1703,1.000,,,OK
dingdongschool,1773,1773,1.000,,,OK
TOT_Read_To_Me_Herr_Docktor,1338,1339,0.999,,,OK
TheBigHands,1575,1575,1.000,,,OK
TheBigShow,1590,1590,1.000,,,OK
Queen_For_A_Day,1725,1726,0.999,,,OK
TheBigLittleJesus,1710,1711,1.000,,,OK
Tales_Of_Tomorrow_-_World_Of_Water,1631,1631,1.000,,,OK
Tales_Of_Tomorrow_-_Red_Dust,1630,1631,1.000,,,OK
Tales_Of_Tomorrow_-_Age_Of_Peril,1569,1569,1.000,,,OK
the.-tinder.-swindler.-2022.720p,6848,6849,1.000,4913,0.717,OK
Tales_Of_Tomorrow_-_The_Childrens_Room,1642,1642,1.000,,,OK
TOT_The_Bitter_Storm,1703,1703,1.000,,,OK
Tales_Of_Tomorrow_-_Plague_From_Space,1622,1623,1.000,,,OK
thriller-s-01-e-010-spell-of-evil,3994,3994,1.000,3851,0.964,OK
TheBigSeptemberMan,1567,1568,1.000,,,OK
Tales_Of_Tomorrow_-_Time_To_Go,1404,1404,1.000,,,OK
iss069m261021754_Expedition_69_InFlight_UAE_Media_230412,1436,1437,0.999,1376,0.957,OK
iss068m260741802_Expedition_68_Crew-5_Post-Splash_News_Conference_230315,2819,2819,1.000,2760,0.979,OK
Tales_Of_Tomorrow_-_Flight_Overdue,1572,1573,1.000,,,OK
TOT_The_Fatal_Flower,1730,1731,1.000,,,OK
iss068m260700459_Expedition_68_Crew-5_Hatch_Closure_230310,2362,2362,1.000,486,0.206,OK
TOT_The_Horn,1679,1680,1.000,,,OK
TOT_Youth_On_Tap,1685,1685,1.000,,,OK
jsc2022m000261_Expedition_68_JAXA_Saitama_Astronomical_Museum_221024,1333,1333,1.000,1189,0.892,OK
iss068m260570014_Expedition_68_Uncrewed_Soyuz_MS-23_Space_Station_Docking,3345,3346,1.000,2231,0.667,OK
jsc2022m000194_SpaceCast_Weekly_220812,1735,1735,1.000,1706,0.983,OK
iss068m260700644_Expedition_68_Crew-5_Undocking_230311,3964,3964,1.000,3523,0.889,OK
NASA_SpaceX_Crew-5_Launch,7200,7200,1.000,1821,0.253,OK
jsc2022m000153_Boeing_OFT-2_Farewell_Remarks_220524,648,649,0.999,431,0.665,OK
art001m1503201544_Orion_Spacecraft_Earth_Imagery_221116,3024,3025,1.000,2939,0.972,OK
iss067m262431709_Expedition_67_Education_Inflight_Denver_Museum_of_Nature,1294,1294,1.000,1230,0.950,OK
iss067m262341759_Expedition_67_Challenger_Center,1302,1302,1.000,1252,0.962,OK
jsc2022m000278_Expedition_68_InFlight_Time_Magazine_CNN_221201,1353,1353,1.000,1313,0.970,OK
jsc2020m000166_DM-2_Docking,800,800,1.000,802,1.002,OK
US-EVA-52-and-53,7260,7260,1.000,6980,0.961,OK
SpaceX-CRS-14_Launch_2018_092_1954_635388.mxf,8089,8090,1.000,3086,0.381,OK
iss068m262841556_Expedition_68_Crew-4_News_Conference_221011,1873,1874,1.000,1729,0.923,OK
krofft7,2776,2777,1.000,,,OK
US-EVA-54,7199,7200,1.000,29856,4.147,SUBS-OVERRUN-HIDDEN
Vremya_02.11.77,1771,1772,1.000,,,OK
spaceacademy,1307,1308,0.999,,,OK
krofft,2780,2781,1.000,,,OK
US-EVA-53,7200,7200,1.000,6980,0.969,OK
quark-tv-show,1543,1543,1.000,,,OK
hardyboyshauntedhouse,2940,2940,1.000,,,OK
thekrofftsupershow,2956,2957,1.000,,,OK
dr.-shrinker-episode-5-dr.-shrinker-shrinks-krofft-supershow,901,902,0.999,,,OK
krofftsupershow,2962,2962,1.000,,,OK
krofft-supershow,3175,3175,1.000,,,OK
kaptainkool,2954,2954,1.000,,,OK
ghostbusters_202108,1332,1333,1.000,,,OK
ABC1974Promo,2011,2012,1.000,,,OK
ZEITGEIST_DVD,7331,7331,1.000,6958,0.949,OK
land-of-the-lost-season-1-episode-3,1397,1398,1.000,,,OK
uwlibraries_oclc758510947,3561,3561,1.000,3533,0.992,OK
WeveGotYourNumber,1518,1519,0.999,,,OK
DustysTrail5,1424,1424,1.000,,,OK
jsc2023m000522_Artemis_Moon_Mission_Spacesuit_Reveal,5842,5842,1.000,5798,0.992,OK
Dustys_Trail,1417,1417,1.000,,,OK
jeannie-cartoon-series-e-01,1296,1297,0.999,,,OK
Jeice_Murdered_My_Family,1422,1423,1.000,,,OK
jeannie-cartoon-series-e-09,1298,1298,1.000,,,OK
jeannie-cartoon-series-e-07,1289,1290,1.000,,,OK
thelostsaucer,1423,1424,0.999,,,OK
Dustys_Trail_Bear,1420,1420,1.000,,,OK
jeannie-cartoon-series-e-04,1295,1296,1.000,,,OK
jeannie-cartoon-series-e-05-the-power-failure,1297,1297,1.000,,,OK
jeannie-cartoon-series-e-06-the-dognappers,1298,1299,1.000,,,OK
jeannie-cartoon-series-e-02-the-decathlon,1300,1300,1.000,,,OK
jeannie-cartoon-series-e-03-the-great-ski-robbery,1301,1302,0.999,,,OK
theworldatwar9stalingradjune1942february1943,1917,1918,1.000,1820,0.949,OK
theworldatwar21nemesisgermanyfebruarymay1945,1695,1696,1.000,1820,1.073,SUBS-OVERRUN-HIDDEN
theworldatwar18occupationholland19401944reel2,2022,2023,1.000,1820,0.900,OK
jeannie-cartoon-series-e-08-helen-of-troy,1299,1299,1.000,,,OK
FortBliss,1688,1688,1.000,,,OK
ABC1970,1749,1750,0.999,,,OK
newpriceisright,865,866,0.999,,,OK
the-pacemakers-biba,794,795,0.999,,,OK
toTellTheTruth-May221967,1753,1754,0.999,,,OK
NBC1969isGood,1558,1559,0.999,,,OK
1967_PD_Soapie,1716,1717,0.999,,,OK
granny-gets-the-point,1556,1556,1.000,,,OK
1968CBSPromoReel,1294,1294,1.000,,,OK
montypythonflyingcircus,1797,1797,1.000,1796,0.999,OK
iveGotASecret-23January1967,1668,1669,0.999,,,OK
POWSPawnsOfWar1971,1628,1628,1.000,,,OK
paddle-to-the-sea,1694,1695,1.000,1647,0.972,OK
CBS-TV-Special,2058,2059,1.000,,,OK
TheEmperorNortonBonanza1966,3132,3132,1.000,,,OK
ChristmasInAppalachia1965,1723,1723,1.000,,,OK
1960sCultureozzieAndHarrietepisodeThePetition6January1965,1741,1741,1.000,,,OK
PDQ_Game_Show,1649,1650,0.999,,,OK
whatsmyline31October1965,1758,1758,1.000,,,OK
1960sMainstreamCultureozzieAndHarrietaPaintingFromThePast17,1738,1738,1.000,,,OK
WhatsMyLine24January1965,1723,1724,1.000,,,OK
Face_Game_Show_Stars,1753,1753,1.000,,,OK
Rick_the_Law_Clerk--Ozzie-Harriet,1407,1408,0.999,,,OK
House_Party_Daytime_TV,630,631,0.998,,,OK
1960sTelevisionozzieAndHarrietaLetterAboutHarriet1April,1671,1671,1.000,,,OK
0985-chase-dance-07-june-20,1040,1041,0.999,999,0.960,OK
Beverly_Hillbillies_Ep46_Turkey_Day,1501,1502,0.999,,,OK
ThePlotThickensunsoldPilotFrom1963,1761,1762,0.999,,,OK
1960sTvozzieAndHarrietsitcom4November1964theBallerina,1664,1664,1.000,,,OK
Wilbur_Gets_The_Message,1136,1136,1.000,,,OK
Concentration13September1963,1730,1730,1.000,,,OK
GingerRogersShowPilot,1894,1895,1.000,,,OK
munroe-UnsoldPilot,1485,1485,1.000,,,OK
Losing_Miss_Edwards--Ozzie-Harriet,1328,1328,1.000,,,OK
LampDavid,1748,1748,1.000,,,OK
Calendar_Harold_Lloyd,1147,1148,0.999,,,OK
TheBattleOfNewburgh1963,3442,3442,1.000,,,OK
tellittogroucho,1605,1606,0.999,,,OK
playYourHunch-20June1962,1740,1741,0.999,,,OK
TheRoyRogersDaleEvansShow20October1962,3178,3178,1.000,,,OK
theJanePowellShow-UnsoldPilot,1895,1895,1.000,,,OK
TheCounterfeitLeague,3094,3094,1.000,,,OK
WhatDoYouWant_201603,1762,1762,1.000,,,OK
BobbyDarinAndFriends,3035,3036,1.000,,,OK
StrictlyForLaffsunsoldTvPilot,1304,1305,0.999,,,OK
BarkingDog1961,1745,1745,1.000,,,OK
TheManlyArts,1762,1762,1.000,,,OK
DaveGolf,1636,1636,1.000,,,OK
TippyTop_201501,1465,1465,1.000,,,OK
Garry_Moore_Show_19610418,3236,3236,1.000,,,OK
OneStepBeyondEarthquake,1490,1491,0.999,,,OK
DinahShoreNewYearsEve1961,3489,3489,1.000,,,OK
slowestguninthewest1960,3187,3188,1.000,,,OK
theFrankSinatraTimexShow-12May1960,3559,3560,1.000,,,OK
themachinecallsitmurder,3184,3184,1.000,,,OK
Search_for_Tomorrow,901,902,0.999,,,OK
JukeBoxJury29thOctober,1608,1608,1.000,,,OK
Bonanza_Denver-McKee_3d,2981,2981,1.000,,,OK
Sweater1960,1752,1752,1.000,,,OK
HarvestOfShame,3142,3143,1.000,,,OK
theFrankSinatraTimexShow-15February1960,3565,3566,1.000,,,OK
OneStepBeyondTheRiddle,1297,1297,1.000,,,OK
MichaelShayneThisIsItMichaelShayne,3243,3244,1.000,,,OK
loveoflife22August1960,1487,1488,0.999,,,OK
Marple_Brothers--Trackdown,1532,1533,1.000,,,OK
GrouchoChair,1770,1770,1.000,,,OK
JudgeRoyBeanBlackJack,1548,1549,0.999,,,OK
tobor01,1581,1581,1.000,,,OK
strikeItRich-26August1955,1759,1760,0.999,,,OK
JudgeRoyBeanSlightlyProdigal,1594,1594,1.000,,,OK
Sherlock_Holmes_TCOT_Laughing_Mummy,1604,1605,1.000,,,OK
Yugi-Moto_likes-to_Fart,1769,1769,1.000,,,OK
Sherlock_Holmes_TCOT_Split_Ticket,1597,1598,1.000,,,OK
TheLiberaceShow-1954ChristmasEpisode,1584,1584,1.000,,,OK
TheSpaceAdventuresOfFlashGordon_981,1572,1573,1.000,,,OK
TheBigBetty,1584,1585,1.000,,,OK
CandidCamera1953,1541,1542,0.999,,,OK
perrycomoshow,804,805,0.999,,,OK
TheBigRun,1575,1575,1.000,,,OK
TheBigThief,1636,1636,1.000,,,OK
CokeTime1953,863,863,1.000,,,OK
Search_For_Tomorrow_Soap,875,875,1.000,,,OK
DragnetTheBigHitRunKiller,1584,1584,1.000,,,OK
The_Beulah_Show,1488,1489,0.999,,,OK
whitemane_201611,2304,2304,1.000,2370,1.028,SUBS-OVERRUN-HIDDEN
Cheating1952,697,698,0.999,,,OK
OfficeEt1950,795,795,1.000,,,OK
Tales_Of_Tomorrow_-_Appointment_On_Mars,1651,1651,1.000,,,OK
Beulah_3,1497,1498,0.999,,,OK
Tales_Of_Tomorrow_-_Test_Flight,1600,1601,0.999,,,OK
Kleebob,1763,1764,1.000,,,OK
Nuremberg,4497,4497,1.000,4484,0.997,OK
Tales_Of_Tomorrow_-_Sneak_Attack,1611,1611,1.000,,,OK
Tales_Of_Tomorrow_-_The_Invader,1603,1603,1.000,,,OK
beavervalley_201702,1904,1904,1.000,1902,0.999,OK
Captain_Video-3,1693,1694,0.999,,,OK
1950EpisodeOftheBusterKeatonShow,1651,1652,0.999,,,OK
vts-01-1_20201006,1749,1750,0.999,802,0.458,OK
WhatsMyLinePremiereTelecast1950,1710,1710,1.000,,,OK
captainvideo,1721,1722,0.999,,,OK
vts-01-2_20200824,1759,1759,1.000,1741,0.990,OK
vts-01-1_20200817,1477,1478,1.000,1164,0.788,OK
Howdy_Doody_51,1776,1776,1.000,,,OK
Circus_4,1767,1768,1.000,,,OK
vts-01-1_202010,1811,1812,1.000,1815,1.002,OK
OzzieHarrietIsApprovedByKingKai,1747,1747,1.000,,,OK
GracieRing,1768,1769,0.999,,,OK
vts-01-1_20200818_2250,2657,2657,1.000,16,0.006,OK
Jeice_Is_Cute_and_Evil,1488,1488,1.000,,,OK
HappyHappy,1753,1753,1.000,,,OK
1949-RollerDerby-NewJerseyVsPhiladelphia,1947,1947,1.000,,,OK
VHSFoxMMPRWOC,14382,14383,1.000,,,OK
vts-01-1_20200531,1839,1840,1.000,1429,0.777,OK
JealousJoeRandolph,1757,1757,1.000,,,OK
1949-RollerDerby-NewYorkVsPhiladelphia,2076,2077,1.000,,,OK
CUSA19890513,6791,6791,1.000,5036,0.742,OK
1986.09.23-kgo-moonlighting-s3e01-1987.04.07-kron-hill-street-blues-19,7403,7404,1.000,7151,0.966,OK
vhs-tape-tech-tv-animal-planet-tech-tv-david-letterman-qvc,13325,13325,1.000,12003,0.901,OK
1978.09.13-wnbc-nbc-salutes-the-25th-anniversary-of-the-wonderful-world-of-d,7519,7519,1.000,46,0.006,OK
random-the-soup-and-web-soup,3611,3611,1.000,3622,1.003,OK
vhs-tape-mst3k-penn-teller-kids-in-the-hall,12440,12440,1.000,,,OK
1974.10.13-wkbw-frank-sinatra-the-main-event-1977.04.24-wkbw-sinatra-a,2152,2153,1.000,688,0.320,OK
Experime1940,1172,1172,1.000,,,OK
vhs-tape-qvc-with-anthony-robins-get-the-edge,6540,6537,1.000,6233,0.953,OK
Princess_Iron_Fan_1941_divx5_denoised,4522,4522,1.000,4367,0.966,OK
CityTheP1939,985,986,0.999,,,OK
the_ape,3743,3744,1.000,3750,1.002,OK
pandoras-box-1929-by-georg-wilhelm-pabst,8001,8001,1.000,8085,1.010,SUBS-OVERRUN-HIDDEN
1929-days-of-youth,6168,6168,1.000,6166,1.000,OK
rec-20231215161834,5497,5497,1.000,5487,0.998,OK
1950-RollerDerby-TheJoltersVsTheEsterners,1987,1987,1.000,,,OK
1929DontChangeYourHusband,3687,3687,1.000,2970,0.805,OK
the-canary-murder-case-1929-by-frank-tuttle,4785,4786,1.000,4765,0.996,OK
1950-RollerDerby-NewJerseyVsBrooklyn,2143,2143,1.000,,,OK
gov.house.hbs.hrs03BGT210_071004,4097,4098,1.000,4052,0.989,OK
lhommealacamera,4070,4071,1.000,4073,1.000,OK
tokkan-kozo-yasujiro-ozu-jap-1929,832,832,1.000,832,0.999,OK
1929-a-straightforward-boy,832,832,1.000,842,1.012,SUBS-OVERRUN-HIDDEN
the-broadway-melody-1929-by-harry-beaumont,6018,6018,1.000,6018,1.000,OK
hallelujah-1929-by-king-vidor,5995,5996,1.000,6075,1.013,SUBS-OVERRUN-HIDDEN
steamboat_bill_ipod,4147,4148,1.000,4229,1.020,SUBS-OVERRUN-HIDDEN
the-cocoanuts-1929-bluray-1080-p-aac-2.0-x-265,5606,5607,1.000,5592,0.997,OK
1950-RollerDerby-NewJerseyVsPhiladelphia,1620,1621,1.000,,,OK
october1928,6015,6016,1.000,6194,1.030,SUBS-OVERRUN-HIDDEN
tire-au-flanc-renoir,7526,7526,1.000,287,0.038,OK
blackmail-1929-by-alfred-hitchcock,5136,5137,1.000,5114,0.995,OK
UnbridledPassion1929EvelynBrentCliveBrookDorisKenyonWilliamPowell,4987,4988,1.000,4865,0.975,OK
the-mysterious-dr.-fu-manchu-1929-by-rowland-v.-lee,4891,4892,1.000,4859,0.993,OK
den-sarkaste-the-strongest-1929-axel-lindblom-alf-sjoberg,6388,6389,1.000,6385,0.999,OK
the-circus-1928-remastered-bluray-1080-p-flac-1.0-x-264-sinners,4363,4364,1.000,4363,1.000,OK
MeczenstwoJoannyDArc,4682,4682,1.000,4666,0.997,OK
1928_20240913,7621,7621,1.000,315,0.041,OK
Gertie,738,739,0.999,749,1.014,SUBS-OVERRUN-HIDDEN
RavishedArmenia1919,1434,1434,1.000,,,OK
the.-passion.of.-joan.of.-arc.-1928.-remastered.-1080p.-blu-ray.-h-264.-aac-rarbg,4892,4893,1.000,4865,0.994,OK
life-and-death-of-9413-a-hollywood-extra-robert-florey-usa-1928,824,825,0.999,771,0.935,OK
1995-12-23_FOX_Kids__Kids_WB_Christmas_-_Mumfie__Carmen__Power_Rangers__Eek__Mas,7072,7073,1.000,6969,0.985,OK
metropolis-channing-pollock-cut,8677,8677,1.000,9000,1.037,SUBS-OVERRUN-HIDDEN
TLS_Lucy_Meets_John_Wayne,1521,1521,1.000,,,OK
TLS_Lucy_And_Viv_Put_In_A_Shower,1527,1527,1.000,,,OK
Robin_Hood_01_The_Coming_Of_Robin_Hood,1573,1574,1.000,,,OK
Andy_Griffith_A_Wife_For_Andy,1451,1451,1.000,,,OK
TLS_Lucy_Gets_Caught_In_The_Draft,1529,1529,1.000,,,OK
Beverly_Hillbillies_Ep02_Getting_Settled,1494,1494,1.000,,,OK
JokerOnHorseback,1583,1583,1.000,,,OK
TLS_Lucy_And_Carol_In_Palm_Springs,1514,1515,1.000,,,OK
Andy_Griffith_The_Bighouse,1366,1367,1.000,,,OK
1928_20230912,7621,7621,1.000,315,0.041,OK
TLS_Lucy_and_The_Submarine,1523,1523,1.000,,,OK
TLS_Lucy_Meets_The_Burles,1529,1530,0.999,,,OK
TLS_Lucy_And_The_RingaDing_Ring,1511,1512,0.999,,,OK
TLS_Lucy_The_Starmaker,1525,1525,1.000,,,OK
TLS_Lucy_Meets_Tennessee_Ernie_Ford,1528,1528,1.000,,,OK
TLS_Lucy_The_Bean_Queen,1538,1538,1.000,,,OK
TLS_Viv_Visits_Lucy,1513,1514,0.999,,,OK
woman-in-the-moon-1929-by-fritz-lang,10195,10196,1.000,9956,0.977,OK
TLS_Lucy_Meets_Robert_Goulet,1528,1528,1.000,,,OK
TLS_Lucys_Barbershop_Quartet,1534,1535,0.999,,,OK
Annie_Oakley_Sharp_Shootin_Annie,1464,1464,1.000,,,OK
TLS_Lucy_The_Babysitter,1513,1513,1.000,,,OK
Jack_Benny_-_Road_To_Nariobi,1693,1693,1.000,,,OK
TLS_Lucy_and_The_Flight_Manager,1524,1525,0.999,,,OK
Red_Skelton_CarolChanningGuest,1764,1765,1.000,,,OK
Red_Skelton_AmandaBlakeGuest,1758,1759,1.000,,,OK
TLS_Lucy_Gets_Trapped,1501,1501,1.000,,,OK
Andy_Griffith_The_Loaded_Goat,1508,1509,1.000,,,OK
TLS_Lucy_And_The_Substitute_Secretary,1526,1527,1.000,,,OK
UnsoldTelevisionPilotunsolved1950sCrimeDrama,1602,1602,1.000,,,OK
TLS_Lucy_And_The_Efficiency_Expert,1520,1520,1.000,,,OK
TLS_Lucy_Meets_Sheldon_Leonard,1518,1519,1.000,,,OK
TLS_Lucy_And_Paul_Winchell,1515,1515,1.000,,,OK
Robin_Hood_44_-_The_Goldmaker,1555,1555,1.000,,,OK
Brigadoon1966,4864,4865,1.000,4796,0.986,OK
TLS_Lucy_Meets_Pat_Collins,1528,1528,1.000,,,OK
red18_ArchieMooreGuests,3073,3073,1.000,,,OK
TLS_Lucy_Meets_The_Law,1526,1526,1.000,,,OK
Beverly_Hillbillies_Ep03_Meanwhile_Back_At_The_Cabin,1503,1504,0.999,,,OK
Andy_Griffith_Opie_and_the_Spoiled_Kid,1428,1429,1.000,,,OK
Beverly_Hillbillies_Ep04_The_Clampetts_Meet_Mrs_Drysdale,1522,1522,1.000,,,OK
The_Liberace_Show_1955,1776,1777,1.000,,,OK
I_Married_Joan_EP79_Neighbors,1486,1486,1.000,,,OK
Robin_Hood_41_-_The_Scientist,1538,1539,0.999,,,OK
GE_Presents_The_Bing_Crosby_Show_-_Debut,1580,1581,1.000,,,OK
Robin_Hood_55_-_The_Dream,1504,1505,1.000,,,OK
You_Can_Change_The_World_-_1951-tv-documentary,1664,1664,1.000,,,OK
Dragnet_The_Big_Producer,1757,1758,0.999,,,OK
Andy_Griffith_The_Rescue,1357,1358,1.000,,,OK
Robin_Hood_06_A_Guest_For_The_Gallows,1556,1556,1.000,,,OK
Alfred_Hitchcock_Presents_-_The_Cheyney_Vase_Dec25_1955,1527,1527,1.000,,,OK
TIMETRAVELER1974,4335,4335,1.000,4289,0.989,OK
I_Married_Joan_EP26_The_Lady_And_The_Prizefighter,1474,1475,0.999,,,OK
Robin_Hood_64_Fair_Play,1529,1530,0.999,,,OK
Beverly_Hillbillies_Ep05_Jed_Buys_Stock,1509,1509,1.000,,,OK
HitlersChildren_32,611,612,0.999,4925,8.049,SUBS-OVERRUN-HIDDEN
DragnetTheBigBetty,1584,1585,1.000,,,OK
Beverly_Hillbillies_Ep21_Jed_Plays_Soloman,1495,1495,1.000,,,OK
Dragnet_The_BigGrandma,1511,1511,1.000,,,OK
Beverly_Hillbillies_Ep16_Back_To_Californy,1496,1496,1.000,,,OK
Andy_Griffith_The_Robbery,1435,1435,1.000,,,OK
Dragnet_TheBigCast,1542,1542,1.000,,,OK
Beverly_Hillbillies_Ep08_Jethro_Goes_To_School,1531,1532,0.999,,,OK
Beverly_Hillbillies_Ep09_Ellys_First_Date,1496,1496,1.000,,,OK
Beverly_Hillbillies_Ep19_Ellys_Animals,1495,1495,1.000,,,OK
Beverly_Hillbillies_Ep18_Jed_Saves_Drysdales_Marriage,1507,1508,1.000,,,OK
Beverly_Hillbillies_Ep17_Jeds_Dilemma,1494,1495,0.999,,,OK
Flash_Gordon_VCD-001,1562,1562,1.000,,,OK
jbvo-episodes_202405,1689,1690,1.000,1678,0.993,OK
You_Bet_Your_Life_Clock,1770,1770,1.000,,,OK
Robin_Hood_05_Maid_Marian,1556,1557,1.000,,,OK
Annie_Oakley_Hard_Rock_Trail,1585,1585,1.000,,,OK
Beverly_Hillbillies_Ep10_Pygmalion_And_Elly,1505,1506,1.000,,,OK
Beverly_Hillbillies_Ep15_Jed_Rescues_Pearl,1495,1495,1.000,,,OK
Beverly_Hillbillies_Ep12_The_Great_Feud,1494,1494,1.000,,,OK
Beverly_Hillbillies_Ep42_Jethros_First_Love,1491,1491,1.000,,,OK
Dragnet_The_Big_Phone_Call,1539,1540,1.000,,,OK
VAS_01_Design_For_War,1589,1590,0.999,,,OK
Beverly_Hillbillies_Ep23_Jed_Buys_The_Freeway,1489,1490,0.999,,,OK
GangBusters195455CreatedByPhillipsH.Lord,1488,1489,0.999,,,OK
Dragnet_The_Big_Frame,1576,1576,1.000,,,OK
OSB-78_Dead_Mans_Tale,1500,1501,0.999,,,OK
Beverly_Hillbillies_Ep22_Duke_Steals_A_Wife,1492,1493,1.000,,,OK
Love_That_Bob_Ep4x24_Bob_Gets_Harvey_A_Raise,1524,1524,1.000,,,OK
unknownWonderwowmanpilot,1737,1738,0.999,,,OK
Beverly_Hillbillies_Ep29_The_Clampetts_And_The_Dodgers,1501,1501,1.000,,,OK
Jack_Benny_11_04_1951,1412,1412,1.000,,,OK
OSB-15_The_Aerialist,1465,1466,0.999,,,OK
Beverly_Hillbillies_Ep38_Hair_Raising_Holiday,1502,1502,1.000,,,OK
Beverly_Hillbillies_Ep52_The_Giant_JackRabbit,1527,1527,1.000,,,OK
S1E01-Life_Of_Riley-10_04_49-Tonsils_824,1345,1346,0.999,,,OK
Dragnet_The_Big_False_Make,1579,1579,1.000,,,OK
Dragnet_The_Big_Look,1583,1583,1.000,,,OK
OzzieAndHarriet-BusyChristmas,1537,1538,0.999,,,OK
Dragnet_-_2x26_The_Big_Frank,1494,1494,1.000,,,OK
Beverly_Hillbillies_Ep44_The_Clampetts_Are_Overdrawn,1496,1496,1.000,,,OK
Beat_The_Clock,1758,1759,0.999,,,OK
Beverly_Hillbillies_Ep20_Jed_Throws_A_WingDing,1529,1530,1.000,,,OK
bBeverly_Hillbillies_Ep37__Jed_Gets_The_Misery,1512,1513,0.999,,,OK
Beverly_Hillbillies_Ep47_The_Garden_Party,1495,1495,1.000,,,OK
Beverly_Hillbillies_Ep49_The_Clampetts_Get_Culture,1503,1504,0.999,,,OK
Robin_Hood_02_The_Moneylender,1542,1543,1.000,,,OK
whatsMyLine,1727,1727,1.000,,,OK
Beverly_Hillbillies_Ep26_Jed_Cuts_The_Family_Tree,1496,1496,1.000,,,OK
The_Mickey_Rooney_Show_Misc_ep_02,1541,1541,1.000,,,OK
Beverly_Hillbillies_Ep45_The_Clampetts_Go_Hollywood,1488,1488,1.000,,,OK
Beverly_Hillbillies_Ep31_The_Clampetts_Entertain,1506,1507,1.000,,,OK
Beverly_Hillbillies_Ep30_Duke_Becomes_A_Father,1498,1498,1.000,,,OK
Robin_Hood_04_Friar_Tuck,1504,1504,1.000,,,OK
Beverly_Hillbillies_Ep33_The_Clampetts_Get_Psychoanalyzed,1511,1511,1.000,,,OK
Dragnet_The_Big_Shoplift,1617,1618,0.999,,,OK
VAS_06_Guadalcanal,1589,1589,1.000,,,OK
Beverly_Hillbillies_Ep24_Jed_Becomes_A_Banker,1533,1533,1.000,,,OK
Love_That_Bob_Ep4x27_Bob_Goes_To_The_Moon,1522,1523,0.999,,,OK
Beverly_Hillbillies_Ep36_Jethros_Friend,1497,1497,1.000,,,OK
Beverly_Hillbillies_Ep34_The_Psychiatrist_Gets_Clampetted,1500,1500,1.000,,,OK
VAS_09_Sea_And_Sand,1590,1590,1.000,,,OK
Cisco_Kid_-_Vigilante_Story,1587,1588,1.000,,,OK
TIYL_Lou_Costello,1469,1469,1.000,,,OK
theOldAmericanBarnDance1953,1656,1656,1.000,,,OK
Dragnet_The_Big_Lift,1581,1581,1.000,,,OK
Beverly_Hillbillies_Ep28_Jed_Pays_His_Income_Tax,1500,1501,0.999,,,OK
The_Adventures_Of_Robin_Hood_ep_Goodbye_Little_John,1535,1536,1.000,,,OK
The_Mickey_Rooney_Show_Misc_ep_04,1556,1557,1.000,,,OK
Life_Of_Riley_-_January_02_1953,1558,1558,1.000,,,OK
OZZIE_AND_HARRIET_ep_Halloween_Party,1514,1514,1.000,,,OK
VAS_19_The_Battle_For_Leyte_Gulf,1581,1581,1.000,,,OK
TheBigSeventeen,1586,1587,1.000,,,OK
Love_That_Bob-5x01-1958-09-23-Bob_and_Schultzy_Reunite.avi,1509,1509,1.000,,,OK
Beverly_Hillbillies_Ep53_The_Girl_From_Home,1520,1520,1.000,,,OK
gene_autry_show_-_1x07_-_blackwater_valley_feud,1599,1599,1.000,,,OK
Jack_Benny_09_15_1953,1446,1447,1.000,,,OK
Beverly_Hillbillies_Ep39_Grannys_Garden,1505,1505,1.000,,,OK
VOICE_YBYL,1769,1769,1.000,,,OK
Andy_Griffith_A_Wife_for_Andy_Upgraded_ep,1443,1444,0.999,,,OK
Andy_Griffith_Andys_English_Valet,1401,1402,1.000,,,OK
Beverly_Hillbillies_Ep11_Elly_Races_Jethrine,1492,1492,1.000,,,OK
VAS_10_Beneath_The_Southern_Cross,1586,1587,0.999,,,OK
TLS_Mooney_The_Monkey,1527,1528,0.999,,,OK
Cbs1961FallSeasonPreviewShow,1698,1698,1.000,,,OK
CATC_Thanksgiving_Dinner,1487,1487,1.000,,,OK
The_Mickey_Rooney_Show_Misc_ep_12,1536,1537,1.000,,,OK
Okay_Mother,1702,1703,0.999,,,OK
TheCelebrityGame1965,1592,1592,1.000,,,OK
AbcBreakfastClub,3633,3633,1.000,3633,1.000,OK
LumAndAbner_TestFootageForTVPilot,1722,1722,1.000,,,OK
Search010763,848,848,1.000,,,OK
JackHuntsForUranium,1524,1524,1.000,,,OK
OSB-73_Where_Are_They,1498,1499,0.999,,,OK
KidTwist,3534,3535,1.000,,,OK
SpacePatrolAndHusky,1466,1466,1.000,,,OK
Action_in_the_Afternoon,1502,1502,1.000,,,OK
1977MireilleMathieuNumero1_577,3631,3631,1.000,3628,0.999,OK
wonderbug-full-series,17169,17169,1.000,17169,1.000,OK
ABCPV1,5077,5078,1.000,5037,0.992,OK
1972MireilleMathieuKesselBuntes,961,961,1.000,,,OK
condolman01_07,1490,1490,1.000,,,OK
TheNewAndyGriffithShowTownSquareEp.4,1526,1526,1.000,1474,0.966,OK
bbc-top-of-the-pops-1975-07-24,2234,2235,1.000,,,OK
the-krofft-supershow-ep-1,2951,2952,1.000,,,OK
the-krofft-supershow,2958,2958,1.000,,,OK
the-persuaders-1971-episode-1-of-24-overture-roger-moore-tony-curtis-full-episode-hd,3116,3117,1.000,3080,0.988,OK
condolman01_02,1491,1491,1.000,,,OK
condolman01_03,1491,1491,1.000,,,OK
horrorHostMorgus-Godzilla,7052,7052,1.000,6618,0.938,OK
condoolman_01_08,1490,1490,1.000,,,OK
KraftMusicHallHostedByMiltonBerleGuestAndyGriffith,1758,1759,1.000,,,OK
SuddenlySusanColdTurkeyS1E9,1335,1336,0.999,,,OK
moon-eclips-hozify14-101431,2579,2579,1.000,2532,0.982,OK
CarCrashTestFootage,1017,1018,0.999,,,OK
jsc2017m000417_Action-Cam-Footage-from-US-Spacewalk-41,621,621,1.000,30,0.048,OK
Farscape1x01Premiere,2896,2897,1.000,2676,0.924,OK
NASA_360_program_8_HD,1471,1472,1.000,1457,0.990,OK
NASA_360_program_10_HD,1472,1473,0.999,1345,0.913,OK
moon-eclips-muaiqly14-101431,2462,2463,1.000,2532,1.028,SUBS-OVERRUN-HIDDEN
jsc2017m000610_Jack_and_Peggys_Excellent_Adventure,5257,5257,1.000,5248,0.998,OK
Beverly_Hillbillies_Ep50__Christmas_At_The_Clampetts,1494,1495,0.999,,,OK
SpaceShuttleResourceReel,4846,4846,1.000,5286,1.091,SUBS-OVERRUN-HIDDEN
372ToursimSex,3272,3272,1.000,2954,0.903,OK
TLS_Lucy_And_George_Burns,1528,1528,1.000,,,OK
Dragnet_The_Big_Casing,1559,1559,1.000,,,OK
ddtvshock3,1666,1667,1.000,1707,1.024,SUBS-OVERRUN-HIDDEN
dom-9315-1-toohottve5decentsize,1671,1671,1.000,1678,1.004,OK
NbcNews17march1949,722,722,1.000,,,OK
dctl_4K,6329,6330,1.000,2574,0.407,OK
CC1226_learning_on_a_computer,1622,1622,1.000,,,OK
CC1324_research_in_silicon_glen,1608,1609,1.000,,,OK
CC1535ECOMMERCE,1621,1621,1.000,,,OK
GlobalSo,1684,1685,1.000,,,OK
Morearty_GetUp,7006,7007,1.000,7006,1.000,OK
CC1939SING1,1696,1696,1.000,,,OK
CC1934MEDTECH,1688,1688,1.000,,,OK
1652,1638,1639,1.000,,,OK
TaxSoftw,1485,1486,0.999,,,OK
CC1325_software_thinking_tools,1711,1712,1.000,,,OK
CC712_fitness,1767,1767,1.000,,,OK
cc1345_finance_banking_software,1667,1667,1.000,,,OK
CC1335_computers_and_healthcare,1637,1637,1.000,,,OK
CC1423_email,1636,1637,1.000,,,OK
CC1639ECOMMERCE,1756,1756,1.000,,,OK
CC1820HAWAIIONE,1624,1625,1.000,,,OK
episode_920,1717,1717,1.000,1693,0.986,OK
CC1224_investment_software,1593,1593,1.000,,,OK
Beverly_Hillbillies_Ep43_Chickadee_Returns,1484,1484,1.000,,,OK
CC1310_etre,1712,1713,1.000,,,OK
Love_That_Bob_Ep4x33_Bob_DIgs_Rock_And_Roll,1509,1510,1.000,,,OK
FMAM_TV_PILOT,1641,1641,1.000,,,OK
CC1201_pc_expo,1606,1607,1.000,,,OK
Love_That_Bob_Ep4x28_Bob_Retrenches,1507,1508,0.999,,,OK
Robin_Hood_08_Queen_Eleanor,1562,1563,1.000,,,OK
Jack_Benny_04_19_1953,1499,1500,1.000,,,OK
Dragnet_-_5x09_The_Big_Bird,1574,1574,1.000,,,OK
DragnetTheBigDance,1567,1567,1.000,,,OK
Cisco_Kid_-_Freight_Line_Feud,1498,1499,1.000,,,OK
Beverly_Hillbillies_Ep35_Elly_Becomes_A_Secretary,1496,1496,1.000,,,OK
Cisco_Kid_-_Dog_Story,1481,1482,0.999,,,OK
Love_That_Bob-5x12_Bob_Judges_A_Beauty_Contest,1761,1762,1.000,,,OK
Love_That_Bob_Ep4x25_Bob_Saves_Harvey,1506,1506,1.000,,,OK
Jack_Benny_-_Honeymooners_Show,1432,1432,1.000,,,OK
Dragnet_S05E12_-_The_Big_Bounce,1583,1584,1.000,,,OK
Love_That_Bob_Ep4x26_Bob_Goes_Bird_Watching,1515,1515,1.000,,,OK
AmahlNightVisitors12241951,3256,3257,1.000,,,OK
Love_That_Bob-5x02-Bob_and_the_Dumb_Blonde,1553,1554,0.999,,,OK
George_Burns_And_Gracie_Allen_-_Jack_Benny_Guests,1770,1770,1.000,,,OK
The_Mickey_Rooney_Show_Misc_ep_05,1552,1552,1.000,,,OK
VAS_04_Midway_Is_East,1587,1588,0.999,,,OK
The_Mickey_Rooney_Show_Misc_ep_06,1562,1562,1.000,,,OK
Cisco_Kid_-_Confession_For_Money,1493,1493,1.000,,,OK
Robin_Hood_11_A_Husband_For_Marian,1478,1478,1.000,,,OK
Robin_Hood_10_The_Ordeal,1477,1478,1.000,,,OK
Jack_Benny_10_25_1953,1767,1768,1.000,,,OK
Love_That_Bob-5x04_Bob_and_the_Ravishing_Realtor,1516,1517,0.999,,,OK
ManWithACameraBlindSpot,1553,1554,1.000,,,OK
Dragnet_-_4x04_The_Big_Pair,1579,1579,1.000,,,OK
AShowCalledFred,1487,1488,1.000,,,OK
PhilcoPlayhouseMarty1953,3054,3055,1.000,,,OK
The_Mickey_Rooney_Show_Misc_ep_07,1554,1554,1.000,,,OK
Dragnet_S05E06_-_The_Big_Gap,1599,1599,1.000,,,OK
Love_That_Bob_Ep5x08_Bob_In_Orbit,1509,1510,1.000,,,OK
Love_That_Bob-5x10-Bob_Butters_Beck_Beck_Butters_Better,1593,1594,1.000,,,OK
The_Mickey_Rooney_Show_Misc_ep_08,1559,1559,1.000,,,OK
Dragnet_The_Big_Hit_And_Run_Killer,1582,1583,1.000,,,OK
Love_That_Bob-5x09_Bob_becomes_A_Stage_Uncle,1555,1556,0.999,,,OK
Robin_Hood_66_-_The_York_Treasure,1526,1526,1.000,,,OK
The_Mickey_Rooney_Show_Misc_ep_09,1555,1555,1.000,,,OK
Robin_Hood_14_The_Betrothal,1479,1479,1.000,,,OK
Love_That_Bob-5x11_Collins_The_Crooner,1525,,,,,PROBE-FAIL
vts-01-1_20220124_0030,5213,5213,1.000,4862,0.933,OK
Robin_Hood_13_The_Youngest_Outlaw,1525,1526,0.999,,,OK
Love_That_Bob_Ep2x14_GrandpasChristmasVisit,1540,1541,1.000,,,OK
Burns_Allen_E68,1737,1737,1.000,,,OK
LoveThatBob-5x14-1958-12-30-GrandpaMovesWest,1548,1549,1.000,,,OK
The_Mickey_Rooney_Show_Misc_ep_10a,1556,1556,1.000,,,OK
The_Mickey_Rooney_Show_Misc_ep_18,1554,1555,1.000,,,OK
Love_That_Bob-5x13_Bob_Plays_Margarets_Game,1547,1547,1.000,,,OK
The_Mickey_Rooney_Show_Misc_ep_11,1553,1554,1.000,,,OK
Jack_Benny_-_Jack_Gets_Robbed,1764,1764,1.000,,,OK
The_Mickey_Rooney_Show_Misc_ep_13,1556,1556,1.000,,,OK
Dragnet_TheBigCrime,1594,1594,1.000,,,OK
Love_That_Bob_Ep4x31_Grandpa_Attends_A_Convention,1528,1528,1.000,,,OK
The_Mickey_Rooney_Show_Misc_ep_15,1555,1555,1.000,,,OK
Love_That_Bob_Ep4x32_Grandpas_Old_Buddy,1518,1519,1.000,,,OK
DickTracyAndFlatTop,1444,1444,1.000,,,OK
The_Mickey_Rooney_Show_Misc_ep_16,1555,1555,1.000,,,OK
OZZIEANDHARRIETMISC03,1517,1518,1.000,,,OK
The_Mickey_Rooney_Show_Misc_ep_17,1552,1553,1.000,,,OK
TheSteveAllenShow30december1953,2366,,,,,PROBE-FAIL
Robin_Hood_25_The_Deserted_Castle,1538,1538,1.000,,,OK
Robin_Hood_24_Will_Scarlett,1486,1487,1.000,,,OK
NbcMatineeTheater-theDarkOfTheMoon,2382,2382,1.000,,,OK
DickTracyTvShow,1495,1496,1.000,,,OK
DuffysTavernTvShow,1597,1597,1.000,,,OK
theWalterWinchellShow-13december1953,872,873,0.999,,,OK
RacketSquadTheSaltedMine1951,1493,1493,1.000,,,OK
ColgateComedyHourWithAbbottAndCostelloAndGuestsGeorgeRaftAndLouie,2956,2956,1.000,,,OK
unknownuntitledredoneavi,1563,1564,1.000,,,OK
Robin_Hood_28_Children_Of_Greenwood,1565,1565,1.000,,,OK
Jack_Benny_05_23_1954,1130,1131,0.999,,,OK
RanchParty1957,1559,1559,1.000,,,OK
IfYouWannaBeHappy,1713,1713,1.000,,,OK
ColgateComedyHourWithAbbottAndCostelloAndErrolFlynn,3029,3029,1.000,,,OK
Robin_Hood_27_Trial_By_Battle,1488,1488,1.000,,,OK
Robin_Hood_23_The_Ladies_Of_Sherwood,1486,1487,0.999,,,OK
JackPlaysTarzan,1520,1520,1.000,,,OK
Jack_Benny_-_Ernie_Kovacs_Guests,1756,1756,1.000,,,OK
PeterLorreJoanieSomersAsGuests,1436,1437,0.999,,,OK
RochesterMissesTheShow,1474,1474,1.000,,,OK
JohnnyCarsonAsGuest,1512,1513,1.000,,,OK
ATWT03291962,1673,1674,1.000,,,OK
GirlShopRicky19TV,1758,1758,1.000,,,OK
JackGoesToTheCafeteria,1469,1470,0.999,,,OK
JackIsKidnapped,1515,1515,1.000,,,OK
JackGoesToAGym,1522,1522,1.000,,,OK
HollywoodPalace100965,2787,2787,1.000,,,OK
GingerRogersAsGuest,1526,1526,1.000,,,OK
JackDoesOpera,1436,1436,1.000,,,OK
LasVegasShowWithTheMillsBrothers,1500,1500,1.000,,,OK
TheCarnivalStory,1472,1472,1.000,,,OK
babygame,1440,1441,0.999,,,OK
IssacSternAsGuest,1597,1598,0.999,,,OK
MainStreetShelter,1479,1479,1.000,,,OK
MiltonBerleAsGuest,1504,1504,1.000,,,OK
condorman01_06,1491,1491,1.000,,,OK
series-09-the-jackie-gleason-show-season-5-1966-1967,2843,2844,1.000,,,OK
condorman01_05,1491,1491,1.000,,,OK
condooooorman017,1489,1489,1.000,,,OK
TheNewAndyGriffithShowGlenCampbellVisitsEp.2,1434,1434,1.000,1474,1.028,SUBS-OVERRUN-HIDDEN
ABCPNV2,5058,5059,1.000,5045,0.997,OK
RoundhouseLoveS3E10,1497,1497,1.000,,,OK
condooooooooolman24,1413,1414,0.999,,,OK
Artemis-Resource-Reel,4908,4909,1.000,4907,1.000,OK
OrbitalATKCygnus-November2017,4377,4377,1.000,,,OK
L004457_FR-JSC500_MagL004457_FR-JSC500_Mag_MSC_Apollo_8_Go_For_TLI,1317,1317,1.000,1316,0.999,OK
BBCDocumentaryHellsAngelsLondon1973,1476,1477,1.000,,,OK
jsc2017m000769_Two_Truths_and_a_Lie,1130,1131,0.999,1124,0.994,OK
iss060m262461429_Expedition_60_ISS_Hurricane_Dorian_Live_Views_2019_0903,1677,1677,1.000,1102,0.657,OK
InflightEvent-FoxAndFriendsKARETV,1500,1500,1.000,1354,0.903,OK
OrbitalATKCygnusCapture2Of2-Nov.142017,5729,5730,1.000,7685,1.341,SUBS-OVERRUN-HIDDEN
KA-converted-l3OkPYhDi9w,672,672,0.999,,,OK
jsc2020m000182_BTS_in_Space_During_Historic_DM2_Launch_and_Docking,762,762,1.000,754,0.989,OK
jsc2018m000103_Eat_Like_an_Astronaut,751,751,0.999,751,0.999,OK
sedermasochism,4680,4667,1.003,4666,1.000,OK
late-chrysanthemums-bangiku-1954-mikio-naruse,5834,5834,1.000,,,OK
VAS_24_The_Road_To_Mandalay,1587,1588,1.000,,,OK
bella-genio,1535,1535,1.000,1439,0.938,OK
iss060m262481358_Expedition_60_InFlight_PAO_Pittsburgh_2019_0905,1531,1531,1.000,1116,0.729,OK
come-ride-the-rails_20251121,3379,3379,1.000,3338,0.988,OK
the-devils-holiday-1930,4463,4463,1.000,4484,1.005,OK
Popcornarchive-curbYourEnthusiasmTheme,4020,,,3800.659,,PROBE-FAIL
InflightEventYearOfEducationSantaMonicaHighSchool20173031545579457,1562,1563,1.000,1641,1.050,SUBS-OVERRUN-HIDDEN
die-abenteuer-des-prinzen-achmed,3960,3975,0.996,3931,0.989,OK
scatv-966.2_RaiseTheRoof_1998,1801,1801,1.000,,,OK
rienquelesheuresalbertocavalcanti1926,2793,2793,1.000,2785,0.997,OK
cunytv_CTCN0045,2016,2016,1.000,2018,1.001,OK
lord.-jim.-1965.1080p.-blu-ray.-h-264.-aac-rarbg,9256,9256,1.000,9033,0.976,OK
the-self-seeker-1929,4557,4557,1.000,4557,1.000,OK
1967LoveInTheStreetsDeathInTheDesert1970DocumentaryNarratedByPeterJennings_201906,2580,2581,1.000,,,OK
gesetze-der-liebe-1927-1080p,6086,6086,1.000,2386,0.392,OK
fragment-of-an-empire-1929,6606,6606,1.000,6525,0.988,OK
the-vagabond-lover-rko-radio-pictures-1929,3927,3927,1.000,3890,0.990,OK
captain-planet-atp-s-01-e-05-deadly-ransom-480p-amzn-web-dl,1381,1381,1.000,1367,0.990,OK
Blue_Peter_-_The_2020_Sport_Badge_Is_Revealed_m000hyh9_signed,1740,1740,1.000,1740,1.000,OK
unico-black-cloud-and-white-wing-dvd,1510,1511,0.999,1500,0.993,OK
y-2mate.com-china-is-targeting-americans-hostage-diplomacy-480p_202010,884,885,0.999,869,0.982,OK
man-in-the-saddle,5205,5205,1.000,5174,0.994,OK
prastankan-the-parsons-widow-1920-c.-t.-dreyer,5580,5602,0.996,5602,1.000,OK
the-savage-innocents-1960,6638,6639,1.000,6532,0.984,OK
S1E21-Life_Of_Riley-02_21_1950_-_Home_Sweet_Home,1351,1351,1.000,,,OK
the-doll-with-millions-1928,3968,3968,1.000,3968,1.000,OK
dr-med-hiob-pratorius-1964-heinz-ruhmann-film-deutsch,5170,5170,1.000,5681,1.099,SUBS-OVERRUN-HIDDEN
vintage-vhs-the-berenstain-bears-in-the-dark-ring-the-bell,1395,1396,0.999,1380,0.989,OK
bavc-81996-justaglassofwater,1741,1741,1.000,,,OK
milenky-stareho-kriminalnika,6503,6503,1.000,6497,0.999,OK
adamandevegenesis,1078,1079,1.000,,,OK
life_of_riley_-_1x01_-_babs_school_election,1556,1557,0.999,,,OK
knockknockshowletsplayagame,1633,1634,1.000,,,OK
StepsToSaturn,1327,1327,1.000,1320,0.994,OK
The-Pretenders-Season-1,3078,3079,1.000,2362,0.767,OK
vallfarten-till-kevlaar-the-pilgrimage-to-kevlaar-1921-ivan-hedqvist,3493,3493,1.000,3493,1.000,OK
countessmaritzavhs,8648,8648,1.000,8646,1.000,OK
cg_0330-06_MECKLENBURGERS_MARRIED_ALIVE,1708,1708,1.000,1710,1.001,OK
jsc-2022m-000284-mission-control-houston-during-artemis-i-launch,666,666,1.000,656,0.985,OK
vintage-vhs-sesame-street-elmos-musical-adventure-the-story-of-peter-and-the-wolf,2896,2897,1.000,2877,0.993,OK
Andys_Dinosaur_Adventures_-_12._Placerias_and_Red_Clay_b03xpqm8_signed,832,832,1.000,830,0.997,OK
